split,word,final_number,final_name,source_type,source_set,source_file
train,bat,1,001.png,real,set_01,set_01_bat.png
train,bat,2,002.png,real,set_02,set_02_bat.png
train,bat,3,003.png,real,set_03,set_03_bat.png
train,bat,4,004.png,real,set_04,set_04_bat.png
train,bat,5,005.png,real,set_05,set_05_bat.png
train,bat,6,006.png,real,set_06,set_06_bat.png
train,bat,7,007.png,real,set_07,set_07_bat.png
train,bat,8,008.png,real,set_08,set_08_bat.png
train,bat,9,009.png,real,set_12,set_12_bat.png
train,bat,10,010.png,real,set_13,set_13_bat.png
train,bat,11,011.png,real,set_14,set_14_bat.png
train,bat,12,012.png,real,set_16,set_16_bat.png
train,bat,13,013.png,real,set_17,set_17_bat.png
train,bat,14,014.png,real,set_19,set_19_bat.png
train,bat,15,015.png,real,set_20,set_20_bat.png
train,bat,16,016.png,real,set_21,set_21_bat.png
train,bat,17,017.png,real,set_22,set_22_bat.png
train,bat,18,018.png,real,set_24,set_24_bat.png
train,bat,19,019.png,real,set_25,set_25_bat.png
train,bat,20,020.png,real,set_28,set_28_bat.png
train,bat,21,021.png,real,set_29,set_29_bat.png
train,bat,22,022.png,real,set_31,set_31_bat.png
train,bat,23,023.png,real,set_32,set_32_bat.png
train,bat,24,024.png,real,set_33,set_33_bat.png
train,bat,25,025.png,real,set_35,set_35_bat.png
train,bat,26,026.png,real,set_37,set_37_bat.png
train,bat,27,027.png,real,set_38,set_38_bat.png
train,bat,28,028.png,real,set_39,set_39_bat.png
train,bat,29,029.png,real,set_40,set_40_bat.png
train,bat,30,030.png,real,set_42,set_42_bat.png
train,bat,31,031.png,real,set_43,set_43_bat.png
train,bat,32,032.png,real,set_45,set_45_bat.png
train,bat,33,033.png,real,set_46,set_46_bat.png
train,bat,34,034.png,real,set_47,set_47_bat.png
train,bat,35,035.png,real,set_48,set_48_bat.png
train,bat,36,036.png,real,set_49,set_49_bat.png
train,bat,37,037.png,real,set_52,set_52_bat.png
train,bat,38,038.png,real,set_54,set_54_bat.png
train,bat,39,039.png,real,set_55,set_55_bat.png
train,bat,40,040.png,real,set_56,set_56_bat.png
train,bat,41,041.png,real,set_58,set_58_bat.png
train,bat,42,042.png,real,set_59,set_59_bat.png
train,bat,43,043.png,aug,aug_train_01,aug_train_01_bat.png
train,bat,44,044.png,aug,aug_train_02,aug_train_02_bat.png
train,bat,45,045.png,aug,aug_train_03,aug_train_03_bat.png
train,bat,46,046.png,aug,aug_train_04,aug_train_04_bat.png
train,bat,47,047.png,aug,aug_train_05,aug_train_05_bat.png
train,bat,48,048.png,aug,aug_train_06,aug_train_06_bat.png
train,bat,49,049.png,aug,aug_train_07,aug_train_07_bat.png
train,bat,50,050.png,aug,aug_train_08,aug_train_08_bat.png
train,bat,51,051.png,aug,aug_train_09,aug_train_09_bat.png
train,bat,52,052.png,aug,aug_train_10,aug_train_10_bat.png
train,bat,53,053.png,aug,aug_train_100,aug_train_100_bat.png
train,bat,54,054.png,aug,aug_train_101,aug_train_101_bat.png
train,bat,55,055.png,aug,aug_train_102,aug_train_102_bat.png
train,bat,56,056.png,aug,aug_train_103,aug_train_103_bat.png
train,bat,57,057.png,aug,aug_train_104,aug_train_104_bat.png
train,bat,58,058.png,aug,aug_train_105,aug_train_105_bat.png
train,bat,59,059.png,aug,aug_train_106,aug_train_106_bat.png
train,bat,60,060.png,aug,aug_train_107,aug_train_107_bat.png
train,bat,61,061.png,aug,aug_train_108,aug_train_108_bat.png
train,bat,62,062.png,aug,aug_train_109,aug_train_109_bat.png
train,bat,63,063.png,aug,aug_train_11,aug_train_11_bat.png
train,bat,64,064.png,aug,aug_train_110,aug_train_110_bat.png
train,bat,65,065.png,aug,aug_train_111,aug_train_111_bat.png
train,bat,66,066.png,aug,aug_train_112,aug_train_112_bat.png
train,bat,67,067.png,aug,aug_train_113,aug_train_113_bat.png
train,bat,68,068.png,aug,aug_train_114,aug_train_114_bat.png
train,bat,69,069.png,aug,aug_train_115,aug_train_115_bat.png
train,bat,70,070.png,aug,aug_train_116,aug_train_116_bat.png
train,bat,71,071.png,aug,aug_train_117,aug_train_117_bat.png
train,bat,72,072.png,aug,aug_train_118,aug_train_118_bat.png
train,bat,73,073.png,aug,aug_train_119,aug_train_119_bat.png
train,bat,74,074.png,aug,aug_train_12,aug_train_12_bat.png
train,bat,75,075.png,aug,aug_train_120,aug_train_120_bat.png
train,bat,76,076.png,aug,aug_train_121,aug_train_121_bat.png
train,bat,77,077.png,aug,aug_train_122,aug_train_122_bat.png
train,bat,78,078.png,aug,aug_train_123,aug_train_123_bat.png
train,bat,79,079.png,aug,aug_train_124,aug_train_124_bat.png
train,bat,80,080.png,aug,aug_train_125,aug_train_125_bat.png
train,bat,81,081.png,aug,aug_train_126,aug_train_126_bat.png
train,bat,82,082.png,aug,aug_train_127,aug_train_127_bat.png
train,bat,83,083.png,aug,aug_train_128,aug_train_128_bat.png
train,bat,84,084.png,aug,aug_train_129,aug_train_129_bat.png
train,bat,85,085.png,aug,aug_train_13,aug_train_13_bat.png
train,bat,86,086.png,aug,aug_train_130,aug_train_130_bat.png
train,bat,87,087.png,aug,aug_train_131,aug_train_131_bat.png
train,bat,88,088.png,aug,aug_train_132,aug_train_132_bat.png
train,bat,89,089.png,aug,aug_train_133,aug_train_133_bat.png
train,bat,90,090.png,aug,aug_train_134,aug_train_134_bat.png
train,bat,91,091.png,aug,aug_train_135,aug_train_135_bat.png
train,bat,92,092.png,aug,aug_train_136,aug_train_136_bat.png
train,bat,93,093.png,aug,aug_train_137,aug_train_137_bat.png
train,bat,94,094.png,aug,aug_train_138,aug_train_138_bat.png
train,bat,95,095.png,aug,aug_train_139,aug_train_139_bat.png
train,bat,96,096.png,aug,aug_train_14,aug_train_14_bat.png
train,bat,97,097.png,aug,aug_train_140,aug_train_140_bat.png
train,bat,98,098.png,aug,aug_train_141,aug_train_141_bat.png
train,bat,99,099.png,aug,aug_train_142,aug_train_142_bat.png
train,bat,100,100.png,aug,aug_train_143,aug_train_143_bat.png
train,bat,101,101.png,aug,aug_train_144,aug_train_144_bat.png
train,bat,102,102.png,aug,aug_train_145,aug_train_145_bat.png
train,bat,103,103.png,aug,aug_train_146,aug_train_146_bat.png
train,bat,104,104.png,aug,aug_train_147,aug_train_147_bat.png
train,bat,105,105.png,aug,aug_train_148,aug_train_148_bat.png
train,bat,106,106.png,aug,aug_train_149,aug_train_149_bat.png
train,bat,107,107.png,aug,aug_train_15,aug_train_15_bat.png
train,bat,108,108.png,aug,aug_train_150,aug_train_150_bat.png
train,bat,109,109.png,aug,aug_train_151,aug_train_151_bat.png
train,bat,110,110.png,aug,aug_train_152,aug_train_152_bat.png
train,bat,111,111.png,aug,aug_train_153,aug_train_153_bat.png
train,bat,112,112.png,aug,aug_train_154,aug_train_154_bat.png
train,bat,113,113.png,aug,aug_train_155,aug_train_155_bat.png
train,bat,114,114.png,aug,aug_train_156,aug_train_156_bat.png
train,bat,115,115.png,aug,aug_train_157,aug_train_157_bat.png
train,bat,116,116.png,aug,aug_train_158,aug_train_158_bat.png
train,bat,117,117.png,aug,aug_train_159,aug_train_159_bat.png
train,bat,118,118.png,aug,aug_train_16,aug_train_16_bat.png
train,bat,119,119.png,aug,aug_train_160,aug_train_160_bat.png
train,bat,120,120.png,aug,aug_train_161,aug_train_161_bat.png
train,bat,121,121.png,aug,aug_train_162,aug_train_162_bat.png
train,bat,122,122.png,aug,aug_train_163,aug_train_163_bat.png
train,bat,123,123.png,aug,aug_train_164,aug_train_164_bat.png
train,bat,124,124.png,aug,aug_train_165,aug_train_165_bat.png
train,bat,125,125.png,aug,aug_train_166,aug_train_166_bat.png
train,bat,126,126.png,aug,aug_train_167,aug_train_167_bat.png
train,bat,127,127.png,aug,aug_train_168,aug_train_168_bat.png
train,bat,128,128.png,aug,aug_train_169,aug_train_169_bat.png
train,bat,129,129.png,aug,aug_train_17,aug_train_17_bat.png
train,bat,130,130.png,aug,aug_train_170,aug_train_170_bat.png
train,bat,131,131.png,aug,aug_train_171,aug_train_171_bat.png
train,bat,132,132.png,aug,aug_train_172,aug_train_172_bat.png
train,bat,133,133.png,aug,aug_train_173,aug_train_173_bat.png
train,bat,134,134.png,aug,aug_train_174,aug_train_174_bat.png
train,bat,135,135.png,aug,aug_train_175,aug_train_175_bat.png
train,bat,136,136.png,aug,aug_train_176,aug_train_176_bat.png
train,bat,137,137.png,aug,aug_train_177,aug_train_177_bat.png
train,bat,138,138.png,aug,aug_train_178,aug_train_178_bat.png
train,bat,139,139.png,aug,aug_train_179,aug_train_179_bat.png
train,bat,140,140.png,aug,aug_train_18,aug_train_18_bat.png
train,bat,141,141.png,aug,aug_train_180,aug_train_180_bat.png
train,bat,142,142.png,aug,aug_train_181,aug_train_181_bat.png
train,bat,143,143.png,aug,aug_train_182,aug_train_182_bat.png
train,bat,144,144.png,aug,aug_train_183,aug_train_183_bat.png
train,bat,145,145.png,aug,aug_train_184,aug_train_184_bat.png
train,bat,146,146.png,aug,aug_train_185,aug_train_185_bat.png
train,bat,147,147.png,aug,aug_train_186,aug_train_186_bat.png
train,bat,148,148.png,aug,aug_train_187,aug_train_187_bat.png
train,bat,149,149.png,aug,aug_train_188,aug_train_188_bat.png
train,bat,150,150.png,aug,aug_train_189,aug_train_189_bat.png
train,bat,151,151.png,aug,aug_train_19,aug_train_19_bat.png
train,bat,152,152.png,aug,aug_train_190,aug_train_190_bat.png
train,bat,153,153.png,aug,aug_train_191,aug_train_191_bat.png
train,bat,154,154.png,aug,aug_train_192,aug_train_192_bat.png
train,bat,155,155.png,aug,aug_train_193,aug_train_193_bat.png
train,bat,156,156.png,aug,aug_train_194,aug_train_194_bat.png
train,bat,157,157.png,aug,aug_train_195,aug_train_195_bat.png
train,bat,158,158.png,aug,aug_train_196,aug_train_196_bat.png
train,bat,159,159.png,aug,aug_train_197,aug_train_197_bat.png
train,bat,160,160.png,aug,aug_train_198,aug_train_198_bat.png
train,bat,161,161.png,aug,aug_train_199,aug_train_199_bat.png
train,bat,162,162.png,aug,aug_train_20,aug_train_20_bat.png
train,bat,163,163.png,aug,aug_train_200,aug_train_200_bat.png
train,bat,164,164.png,aug,aug_train_201,aug_train_201_bat.png
train,bat,165,165.png,aug,aug_train_202,aug_train_202_bat.png
train,bat,166,166.png,aug,aug_train_203,aug_train_203_bat.png
train,bat,167,167.png,aug,aug_train_204,aug_train_204_bat.png
train,bat,168,168.png,aug,aug_train_205,aug_train_205_bat.png
train,bat,169,169.png,aug,aug_train_206,aug_train_206_bat.png
train,bat,170,170.png,aug,aug_train_207,aug_train_207_bat.png
train,bat,171,171.png,aug,aug_train_208,aug_train_208_bat.png
train,bat,172,172.png,aug,aug_train_209,aug_train_209_bat.png
train,bat,173,173.png,aug,aug_train_21,aug_train_21_bat.png
train,bat,174,174.png,aug,aug_train_210,aug_train_210_bat.png
train,bat,175,175.png,aug,aug_train_211,aug_train_211_bat.png
train,bat,176,176.png,aug,aug_train_212,aug_train_212_bat.png
train,bat,177,177.png,aug,aug_train_213,aug_train_213_bat.png
train,bat,178,178.png,aug,aug_train_214,aug_train_214_bat.png
train,bat,179,179.png,aug,aug_train_215,aug_train_215_bat.png
train,bat,180,180.png,aug,aug_train_216,aug_train_216_bat.png
train,bat,181,181.png,aug,aug_train_217,aug_train_217_bat.png
train,bat,182,182.png,aug,aug_train_218,aug_train_218_bat.png
train,bat,183,183.png,aug,aug_train_219,aug_train_219_bat.png
train,bat,184,184.png,aug,aug_train_22,aug_train_22_bat.png
train,bat,185,185.png,aug,aug_train_220,aug_train_220_bat.png
train,bat,186,186.png,aug,aug_train_221,aug_train_221_bat.png
train,bat,187,187.png,aug,aug_train_222,aug_train_222_bat.png
train,bat,188,188.png,aug,aug_train_223,aug_train_223_bat.png
train,bat,189,189.png,aug,aug_train_224,aug_train_224_bat.png
train,bat,190,190.png,aug,aug_train_225,aug_train_225_bat.png
train,bat,191,191.png,aug,aug_train_226,aug_train_226_bat.png
train,bat,192,192.png,aug,aug_train_227,aug_train_227_bat.png
train,bat,193,193.png,aug,aug_train_228,aug_train_228_bat.png
train,bat,194,194.png,aug,aug_train_229,aug_train_229_bat.png
train,bat,195,195.png,aug,aug_train_23,aug_train_23_bat.png
train,bat,196,196.png,aug,aug_train_230,aug_train_230_bat.png
train,bat,197,197.png,aug,aug_train_231,aug_train_231_bat.png
train,bat,198,198.png,aug,aug_train_232,aug_train_232_bat.png
train,bat,199,199.png,aug,aug_train_233,aug_train_233_bat.png
train,bat,200,200.png,aug,aug_train_234,aug_train_234_bat.png
train,bat,201,201.png,aug,aug_train_235,aug_train_235_bat.png
train,bat,202,202.png,aug,aug_train_236,aug_train_236_bat.png
train,bat,203,203.png,aug,aug_train_237,aug_train_237_bat.png
train,bat,204,204.png,aug,aug_train_238,aug_train_238_bat.png
train,bat,205,205.png,aug,aug_train_239,aug_train_239_bat.png
train,bat,206,206.png,aug,aug_train_24,aug_train_24_bat.png
train,bat,207,207.png,aug,aug_train_240,aug_train_240_bat.png
train,bat,208,208.png,aug,aug_train_241,aug_train_241_bat.png
train,bat,209,209.png,aug,aug_train_242,aug_train_242_bat.png
train,bat,210,210.png,aug,aug_train_243,aug_train_243_bat.png
train,bat,211,211.png,aug,aug_train_244,aug_train_244_bat.png
train,bat,212,212.png,aug,aug_train_245,aug_train_245_bat.png
train,bat,213,213.png,aug,aug_train_246,aug_train_246_bat.png
train,bat,214,214.png,aug,aug_train_247,aug_train_247_bat.png
train,bat,215,215.png,aug,aug_train_248,aug_train_248_bat.png
train,bat,216,216.png,aug,aug_train_249,aug_train_249_bat.png
train,bat,217,217.png,aug,aug_train_25,aug_train_25_bat.png
train,bat,218,218.png,aug,aug_train_250,aug_train_250_bat.png
train,bat,219,219.png,aug,aug_train_251,aug_train_251_bat.png
train,bat,220,220.png,aug,aug_train_252,aug_train_252_bat.png
train,bat,221,221.png,aug,aug_train_253,aug_train_253_bat.png
train,bat,222,222.png,aug,aug_train_254,aug_train_254_bat.png
train,bat,223,223.png,aug,aug_train_255,aug_train_255_bat.png
train,bat,224,224.png,aug,aug_train_256,aug_train_256_bat.png
train,bat,225,225.png,aug,aug_train_257,aug_train_257_bat.png
train,bat,226,226.png,aug,aug_train_258,aug_train_258_bat.png
train,bat,227,227.png,aug,aug_train_259,aug_train_259_bat.png
train,bat,228,228.png,aug,aug_train_26,aug_train_26_bat.png
train,bat,229,229.png,aug,aug_train_260,aug_train_260_bat.png
train,bat,230,230.png,aug,aug_train_261,aug_train_261_bat.png
train,bat,231,231.png,aug,aug_train_262,aug_train_262_bat.png
train,bat,232,232.png,aug,aug_train_263,aug_train_263_bat.png
train,bat,233,233.png,aug,aug_train_264,aug_train_264_bat.png
train,bat,234,234.png,aug,aug_train_265,aug_train_265_bat.png
train,bat,235,235.png,aug,aug_train_266,aug_train_266_bat.png
train,bat,236,236.png,aug,aug_train_267,aug_train_267_bat.png
train,bat,237,237.png,aug,aug_train_268,aug_train_268_bat.png
train,bat,238,238.png,aug,aug_train_269,aug_train_269_bat.png
train,bat,239,239.png,aug,aug_train_27,aug_train_27_bat.png
train,bat,240,240.png,aug,aug_train_270,aug_train_270_bat.png
train,bat,241,241.png,aug,aug_train_271,aug_train_271_bat.png
train,bat,242,242.png,aug,aug_train_272,aug_train_272_bat.png
train,bat,243,243.png,aug,aug_train_273,aug_train_273_bat.png
train,bat,244,244.png,aug,aug_train_274,aug_train_274_bat.png
train,bat,245,245.png,aug,aug_train_275,aug_train_275_bat.png
train,bat,246,246.png,aug,aug_train_276,aug_train_276_bat.png
train,bat,247,247.png,aug,aug_train_277,aug_train_277_bat.png
train,bat,248,248.png,aug,aug_train_278,aug_train_278_bat.png
train,bat,249,249.png,aug,aug_train_279,aug_train_279_bat.png
train,bat,250,250.png,aug,aug_train_28,aug_train_28_bat.png
train,bat,251,251.png,aug,aug_train_280,aug_train_280_bat.png
train,bat,252,252.png,aug,aug_train_281,aug_train_281_bat.png
train,bat,253,253.png,aug,aug_train_282,aug_train_282_bat.png
train,bat,254,254.png,aug,aug_train_283,aug_train_283_bat.png
train,bat,255,255.png,aug,aug_train_284,aug_train_284_bat.png
train,bat,256,256.png,aug,aug_train_285,aug_train_285_bat.png
train,bat,257,257.png,aug,aug_train_286,aug_train_286_bat.png
train,bat,258,258.png,aug,aug_train_287,aug_train_287_bat.png
train,bat,259,259.png,aug,aug_train_288,aug_train_288_bat.png
train,bat,260,260.png,aug,aug_train_29,aug_train_29_bat.png
train,bat,261,261.png,aug,aug_train_30,aug_train_30_bat.png
train,bat,262,262.png,aug,aug_train_31,aug_train_31_bat.png
train,bat,263,263.png,aug,aug_train_32,aug_train_32_bat.png
train,bat,264,264.png,aug,aug_train_33,aug_train_33_bat.png
train,bat,265,265.png,aug,aug_train_34,aug_train_34_bat.png
train,bat,266,266.png,aug,aug_train_35,aug_train_35_bat.png
train,bat,267,267.png,aug,aug_train_36,aug_train_36_bat.png
train,bat,268,268.png,aug,aug_train_37,aug_train_37_bat.png
train,bat,269,269.png,aug,aug_train_38,aug_train_38_bat.png
train,bat,270,270.png,aug,aug_train_39,aug_train_39_bat.png
train,bat,271,271.png,aug,aug_train_40,aug_train_40_bat.png
train,bat,272,272.png,aug,aug_train_41,aug_train_41_bat.png
train,bat,273,273.png,aug,aug_train_42,aug_train_42_bat.png
train,bat,274,274.png,aug,aug_train_43,aug_train_43_bat.png
train,bat,275,275.png,aug,aug_train_44,aug_train_44_bat.png
train,bat,276,276.png,aug,aug_train_45,aug_train_45_bat.png
train,bat,277,277.png,aug,aug_train_46,aug_train_46_bat.png
train,bat,278,278.png,aug,aug_train_47,aug_train_47_bat.png
train,bat,279,279.png,aug,aug_train_48,aug_train_48_bat.png
train,bat,280,280.png,aug,aug_train_49,aug_train_49_bat.png
train,bat,281,281.png,aug,aug_train_50,aug_train_50_bat.png
train,bat,282,282.png,aug,aug_train_51,aug_train_51_bat.png
train,bat,283,283.png,aug,aug_train_52,aug_train_52_bat.png
train,bat,284,284.png,aug,aug_train_53,aug_train_53_bat.png
train,bat,285,285.png,aug,aug_train_54,aug_train_54_bat.png
train,bat,286,286.png,aug,aug_train_55,aug_train_55_bat.png
train,bat,287,287.png,aug,aug_train_56,aug_train_56_bat.png
train,bat,288,288.png,aug,aug_train_57,aug_train_57_bat.png
train,bat,289,289.png,aug,aug_train_58,aug_train_58_bat.png
train,bat,290,290.png,aug,aug_train_59,aug_train_59_bat.png
train,bat,291,291.png,aug,aug_train_60,aug_train_60_bat.png
train,bat,292,292.png,aug,aug_train_61,aug_train_61_bat.png
train,bat,293,293.png,aug,aug_train_62,aug_train_62_bat.png
train,bat,294,294.png,aug,aug_train_63,aug_train_63_bat.png
train,bat,295,295.png,aug,aug_train_64,aug_train_64_bat.png
train,bat,296,296.png,aug,aug_train_65,aug_train_65_bat.png
train,bat,297,297.png,aug,aug_train_66,aug_train_66_bat.png
train,bat,298,298.png,aug,aug_train_67,aug_train_67_bat.png
train,bat,299,299.png,aug,aug_train_68,aug_train_68_bat.png
train,bat,300,300.png,aug,aug_train_69,aug_train_69_bat.png
train,bat,301,301.png,aug,aug_train_70,aug_train_70_bat.png
train,bat,302,302.png,aug,aug_train_71,aug_train_71_bat.png
train,bat,303,303.png,aug,aug_train_72,aug_train_72_bat.png
train,bat,304,304.png,aug,aug_train_73,aug_train_73_bat.png
train,bat,305,305.png,aug,aug_train_74,aug_train_74_bat.png
train,bat,306,306.png,aug,aug_train_75,aug_train_75_bat.png
train,bat,307,307.png,aug,aug_train_76,aug_train_76_bat.png
train,bat,308,308.png,aug,aug_train_77,aug_train_77_bat.png
train,bat,309,309.png,aug,aug_train_78,aug_train_78_bat.png
train,bat,310,310.png,aug,aug_train_79,aug_train_79_bat.png
train,bat,311,311.png,aug,aug_train_80,aug_train_80_bat.png
train,bat,312,312.png,aug,aug_train_81,aug_train_81_bat.png
train,bat,313,313.png,aug,aug_train_82,aug_train_82_bat.png
train,bat,314,314.png,aug,aug_train_83,aug_train_83_bat.png
train,bat,315,315.png,aug,aug_train_84,aug_train_84_bat.png
train,bat,316,316.png,aug,aug_train_85,aug_train_85_bat.png
train,bat,317,317.png,aug,aug_train_86,aug_train_86_bat.png
train,bat,318,318.png,aug,aug_train_87,aug_train_87_bat.png
train,bat,319,319.png,aug,aug_train_88,aug_train_88_bat.png
train,bat,320,320.png,aug,aug_train_89,aug_train_89_bat.png
train,bat,321,321.png,aug,aug_train_90,aug_train_90_bat.png
train,bat,322,322.png,aug,aug_train_91,aug_train_91_bat.png
train,bat,323,323.png,aug,aug_train_92,aug_train_92_bat.png
train,bat,324,324.png,aug,aug_train_93,aug_train_93_bat.png
train,bat,325,325.png,aug,aug_train_94,aug_train_94_bat.png
train,bat,326,326.png,aug,aug_train_95,aug_train_95_bat.png
train,bat,327,327.png,aug,aug_train_96,aug_train_96_bat.png
train,bat,328,328.png,aug,aug_train_97,aug_train_97_bat.png
train,bat,329,329.png,aug,aug_train_98,aug_train_98_bat.png
train,bat,330,330.png,aug,aug_train_99,aug_train_99_bat.png
train,cup,1,001.png,real,set_01,set_01_cup.png
train,cup,2,002.png,real,set_02,set_02_cup.png
train,cup,3,003.png,real,set_03,set_03_cup.png
train,cup,4,004.png,real,set_04,set_04_cup.png
train,cup,5,005.png,real,set_05,set_05_cup.png
train,cup,6,006.png,real,set_06,set_06_cup.png
train,cup,7,007.png,real,set_07,set_07_cup.png
train,cup,8,008.png,real,set_08,set_08_cup.png
train,cup,9,009.png,real,set_12,set_12_cup.png
train,cup,10,010.png,real,set_13,set_13_cup.png
train,cup,11,011.png,real,set_14,set_14_cup.png
train,cup,12,012.png,real,set_16,set_16_cup.png
train,cup,13,013.png,real,set_17,set_17_cup.png
train,cup,14,014.png,real,set_19,set_19_cup.png
train,cup,15,015.png,real,set_20,set_20_cup.png
train,cup,16,016.png,real,set_21,set_21_cup.png
train,cup,17,017.png,real,set_22,set_22_cup.png
train,cup,18,018.png,real,set_24,set_24_cup.png
train,cup,19,019.png,real,set_25,set_25_cup.png
train,cup,20,020.png,real,set_28,set_28_cup.png
train,cup,21,021.png,real,set_29,set_29_cup.png
train,cup,22,022.png,real,set_31,set_31_cup.png
train,cup,23,023.png,real,set_32,set_32_cup.png
train,cup,24,024.png,real,set_33,set_33_cup.png
train,cup,25,025.png,real,set_35,set_35_cup.png
train,cup,26,026.png,real,set_37,set_37_cup.png
train,cup,27,027.png,real,set_38,set_38_cup.png
train,cup,28,028.png,real,set_39,set_39_cup.png
train,cup,29,029.png,real,set_40,set_40_cup.png
train,cup,30,030.png,real,set_42,set_42_cup.png
train,cup,31,031.png,real,set_43,set_43_cup.png
train,cup,32,032.png,real,set_45,set_45_cup.png
train,cup,33,033.png,real,set_46,set_46_cup.png
train,cup,34,034.png,real,set_47,set_47_cup.png
train,cup,35,035.png,real,set_48,set_48_cup.png
train,cup,36,036.png,real,set_49,set_49_cup.png
train,cup,37,037.png,real,set_52,set_52_cup.png
train,cup,38,038.png,real,set_54,set_54_cup.png
train,cup,39,039.png,real,set_55,set_55_cup.png
train,cup,40,040.png,real,set_56,set_56_cup.png
train,cup,41,041.png,real,set_58,set_58_cup.png
train,cup,42,042.png,real,set_59,set_59_cup.png
train,cup,43,043.png,aug,aug_train_01,aug_train_01_cup.png
train,cup,44,044.png,aug,aug_train_02,aug_train_02_cup.png
train,cup,45,045.png,aug,aug_train_03,aug_train_03_cup.png
train,cup,46,046.png,aug,aug_train_04,aug_train_04_cup.png
train,cup,47,047.png,aug,aug_train_05,aug_train_05_cup.png
train,cup,48,048.png,aug,aug_train_06,aug_train_06_cup.png
train,cup,49,049.png,aug,aug_train_07,aug_train_07_cup.png
train,cup,50,050.png,aug,aug_train_08,aug_train_08_cup.png
train,cup,51,051.png,aug,aug_train_09,aug_train_09_cup.png
train,cup,52,052.png,aug,aug_train_10,aug_train_10_cup.png
train,cup,53,053.png,aug,aug_train_100,aug_train_100_cup.png
train,cup,54,054.png,aug,aug_train_101,aug_train_101_cup.png
train,cup,55,055.png,aug,aug_train_102,aug_train_102_cup.png
train,cup,56,056.png,aug,aug_train_103,aug_train_103_cup.png
train,cup,57,057.png,aug,aug_train_104,aug_train_104_cup.png
train,cup,58,058.png,aug,aug_train_105,aug_train_105_cup.png
train,cup,59,059.png,aug,aug_train_106,aug_train_106_cup.png
train,cup,60,060.png,aug,aug_train_107,aug_train_107_cup.png
train,cup,61,061.png,aug,aug_train_108,aug_train_108_cup.png
train,cup,62,062.png,aug,aug_train_109,aug_train_109_cup.png
train,cup,63,063.png,aug,aug_train_11,aug_train_11_cup.png
train,cup,64,064.png,aug,aug_train_110,aug_train_110_cup.png
train,cup,65,065.png,aug,aug_train_111,aug_train_111_cup.png
train,cup,66,066.png,aug,aug_train_112,aug_train_112_cup.png
train,cup,67,067.png,aug,aug_train_113,aug_train_113_cup.png
train,cup,68,068.png,aug,aug_train_114,aug_train_114_cup.png
train,cup,69,069.png,aug,aug_train_115,aug_train_115_cup.png
train,cup,70,070.png,aug,aug_train_116,aug_train_116_cup.png
train,cup,71,071.png,aug,aug_train_117,aug_train_117_cup.png
train,cup,72,072.png,aug,aug_train_118,aug_train_118_cup.png
train,cup,73,073.png,aug,aug_train_119,aug_train_119_cup.png
train,cup,74,074.png,aug,aug_train_12,aug_train_12_cup.png
train,cup,75,075.png,aug,aug_train_120,aug_train_120_cup.png
train,cup,76,076.png,aug,aug_train_121,aug_train_121_cup.png
train,cup,77,077.png,aug,aug_train_122,aug_train_122_cup.png
train,cup,78,078.png,aug,aug_train_123,aug_train_123_cup.png
train,cup,79,079.png,aug,aug_train_124,aug_train_124_cup.png
train,cup,80,080.png,aug,aug_train_125,aug_train_125_cup.png
train,cup,81,081.png,aug,aug_train_126,aug_train_126_cup.png
train,cup,82,082.png,aug,aug_train_127,aug_train_127_cup.png
train,cup,83,083.png,aug,aug_train_128,aug_train_128_cup.png
train,cup,84,084.png,aug,aug_train_129,aug_train_129_cup.png
train,cup,85,085.png,aug,aug_train_13,aug_train_13_cup.png
train,cup,86,086.png,aug,aug_train_130,aug_train_130_cup.png
train,cup,87,087.png,aug,aug_train_131,aug_train_131_cup.png
train,cup,88,088.png,aug,aug_train_132,aug_train_132_cup.png
train,cup,89,089.png,aug,aug_train_133,aug_train_133_cup.png
train,cup,90,090.png,aug,aug_train_134,aug_train_134_cup.png
train,cup,91,091.png,aug,aug_train_135,aug_train_135_cup.png
train,cup,92,092.png,aug,aug_train_136,aug_train_136_cup.png
train,cup,93,093.png,aug,aug_train_137,aug_train_137_cup.png
train,cup,94,094.png,aug,aug_train_138,aug_train_138_cup.png
train,cup,95,095.png,aug,aug_train_139,aug_train_139_cup.png
train,cup,96,096.png,aug,aug_train_14,aug_train_14_cup.png
train,cup,97,097.png,aug,aug_train_140,aug_train_140_cup.png
train,cup,98,098.png,aug,aug_train_141,aug_train_141_cup.png
train,cup,99,099.png,aug,aug_train_142,aug_train_142_cup.png
train,cup,100,100.png,aug,aug_train_143,aug_train_143_cup.png
train,cup,101,101.png,aug,aug_train_144,aug_train_144_cup.png
train,cup,102,102.png,aug,aug_train_145,aug_train_145_cup.png
train,cup,103,103.png,aug,aug_train_146,aug_train_146_cup.png
train,cup,104,104.png,aug,aug_train_147,aug_train_147_cup.png
train,cup,105,105.png,aug,aug_train_148,aug_train_148_cup.png
train,cup,106,106.png,aug,aug_train_149,aug_train_149_cup.png
train,cup,107,107.png,aug,aug_train_15,aug_train_15_cup.png
train,cup,108,108.png,aug,aug_train_150,aug_train_150_cup.png
train,cup,109,109.png,aug,aug_train_151,aug_train_151_cup.png
train,cup,110,110.png,aug,aug_train_152,aug_train_152_cup.png
train,cup,111,111.png,aug,aug_train_153,aug_train_153_cup.png
train,cup,112,112.png,aug,aug_train_154,aug_train_154_cup.png
train,cup,113,113.png,aug,aug_train_155,aug_train_155_cup.png
train,cup,114,114.png,aug,aug_train_156,aug_train_156_cup.png
train,cup,115,115.png,aug,aug_train_157,aug_train_157_cup.png
train,cup,116,116.png,aug,aug_train_158,aug_train_158_cup.png
train,cup,117,117.png,aug,aug_train_159,aug_train_159_cup.png
train,cup,118,118.png,aug,aug_train_16,aug_train_16_cup.png
train,cup,119,119.png,aug,aug_train_160,aug_train_160_cup.png
train,cup,120,120.png,aug,aug_train_161,aug_train_161_cup.png
train,cup,121,121.png,aug,aug_train_162,aug_train_162_cup.png
train,cup,122,122.png,aug,aug_train_163,aug_train_163_cup.png
train,cup,123,123.png,aug,aug_train_164,aug_train_164_cup.png
train,cup,124,124.png,aug,aug_train_165,aug_train_165_cup.png
train,cup,125,125.png,aug,aug_train_166,aug_train_166_cup.png
train,cup,126,126.png,aug,aug_train_167,aug_train_167_cup.png
train,cup,127,127.png,aug,aug_train_168,aug_train_168_cup.png
train,cup,128,128.png,aug,aug_train_169,aug_train_169_cup.png
train,cup,129,129.png,aug,aug_train_17,aug_train_17_cup.png
train,cup,130,130.png,aug,aug_train_170,aug_train_170_cup.png
train,cup,131,131.png,aug,aug_train_171,aug_train_171_cup.png
train,cup,132,132.png,aug,aug_train_172,aug_train_172_cup.png
train,cup,133,133.png,aug,aug_train_173,aug_train_173_cup.png
train,cup,134,134.png,aug,aug_train_174,aug_train_174_cup.png
train,cup,135,135.png,aug,aug_train_175,aug_train_175_cup.png
train,cup,136,136.png,aug,aug_train_176,aug_train_176_cup.png
train,cup,137,137.png,aug,aug_train_177,aug_train_177_cup.png
train,cup,138,138.png,aug,aug_train_178,aug_train_178_cup.png
train,cup,139,139.png,aug,aug_train_179,aug_train_179_cup.png
train,cup,140,140.png,aug,aug_train_18,aug_train_18_cup.png
train,cup,141,141.png,aug,aug_train_180,aug_train_180_cup.png
train,cup,142,142.png,aug,aug_train_181,aug_train_181_cup.png
train,cup,143,143.png,aug,aug_train_182,aug_train_182_cup.png
train,cup,144,144.png,aug,aug_train_183,aug_train_183_cup.png
train,cup,145,145.png,aug,aug_train_184,aug_train_184_cup.png
train,cup,146,146.png,aug,aug_train_185,aug_train_185_cup.png
train,cup,147,147.png,aug,aug_train_186,aug_train_186_cup.png
train,cup,148,148.png,aug,aug_train_187,aug_train_187_cup.png
train,cup,149,149.png,aug,aug_train_188,aug_train_188_cup.png
train,cup,150,150.png,aug,aug_train_189,aug_train_189_cup.png
train,cup,151,151.png,aug,aug_train_19,aug_train_19_cup.png
train,cup,152,152.png,aug,aug_train_190,aug_train_190_cup.png
train,cup,153,153.png,aug,aug_train_191,aug_train_191_cup.png
train,cup,154,154.png,aug,aug_train_192,aug_train_192_cup.png
train,cup,155,155.png,aug,aug_train_193,aug_train_193_cup.png
train,cup,156,156.png,aug,aug_train_194,aug_train_194_cup.png
train,cup,157,157.png,aug,aug_train_195,aug_train_195_cup.png
train,cup,158,158.png,aug,aug_train_196,aug_train_196_cup.png
train,cup,159,159.png,aug,aug_train_197,aug_train_197_cup.png
train,cup,160,160.png,aug,aug_train_198,aug_train_198_cup.png
train,cup,161,161.png,aug,aug_train_199,aug_train_199_cup.png
train,cup,162,162.png,aug,aug_train_20,aug_train_20_cup.png
train,cup,163,163.png,aug,aug_train_200,aug_train_200_cup.png
train,cup,164,164.png,aug,aug_train_201,aug_train_201_cup.png
train,cup,165,165.png,aug,aug_train_202,aug_train_202_cup.png
train,cup,166,166.png,aug,aug_train_203,aug_train_203_cup.png
train,cup,167,167.png,aug,aug_train_204,aug_train_204_cup.png
train,cup,168,168.png,aug,aug_train_205,aug_train_205_cup.png
train,cup,169,169.png,aug,aug_train_206,aug_train_206_cup.png
train,cup,170,170.png,aug,aug_train_207,aug_train_207_cup.png
train,cup,171,171.png,aug,aug_train_208,aug_train_208_cup.png
train,cup,172,172.png,aug,aug_train_209,aug_train_209_cup.png
train,cup,173,173.png,aug,aug_train_21,aug_train_21_cup.png
train,cup,174,174.png,aug,aug_train_210,aug_train_210_cup.png
train,cup,175,175.png,aug,aug_train_211,aug_train_211_cup.png
train,cup,176,176.png,aug,aug_train_212,aug_train_212_cup.png
train,cup,177,177.png,aug,aug_train_213,aug_train_213_cup.png
train,cup,178,178.png,aug,aug_train_214,aug_train_214_cup.png
train,cup,179,179.png,aug,aug_train_215,aug_train_215_cup.png
train,cup,180,180.png,aug,aug_train_216,aug_train_216_cup.png
train,cup,181,181.png,aug,aug_train_217,aug_train_217_cup.png
train,cup,182,182.png,aug,aug_train_218,aug_train_218_cup.png
train,cup,183,183.png,aug,aug_train_219,aug_train_219_cup.png
train,cup,184,184.png,aug,aug_train_22,aug_train_22_cup.png
train,cup,185,185.png,aug,aug_train_220,aug_train_220_cup.png
train,cup,186,186.png,aug,aug_train_221,aug_train_221_cup.png
train,cup,187,187.png,aug,aug_train_222,aug_train_222_cup.png
train,cup,188,188.png,aug,aug_train_223,aug_train_223_cup.png
train,cup,189,189.png,aug,aug_train_224,aug_train_224_cup.png
train,cup,190,190.png,aug,aug_train_225,aug_train_225_cup.png
train,cup,191,191.png,aug,aug_train_226,aug_train_226_cup.png
train,cup,192,192.png,aug,aug_train_227,aug_train_227_cup.png
train,cup,193,193.png,aug,aug_train_228,aug_train_228_cup.png
train,cup,194,194.png,aug,aug_train_229,aug_train_229_cup.png
train,cup,195,195.png,aug,aug_train_23,aug_train_23_cup.png
train,cup,196,196.png,aug,aug_train_230,aug_train_230_cup.png
train,cup,197,197.png,aug,aug_train_231,aug_train_231_cup.png
train,cup,198,198.png,aug,aug_train_232,aug_train_232_cup.png
train,cup,199,199.png,aug,aug_train_233,aug_train_233_cup.png
train,cup,200,200.png,aug,aug_train_234,aug_train_234_cup.png
train,cup,201,201.png,aug,aug_train_235,aug_train_235_cup.png
train,cup,202,202.png,aug,aug_train_236,aug_train_236_cup.png
train,cup,203,203.png,aug,aug_train_237,aug_train_237_cup.png
train,cup,204,204.png,aug,aug_train_238,aug_train_238_cup.png
train,cup,205,205.png,aug,aug_train_239,aug_train_239_cup.png
train,cup,206,206.png,aug,aug_train_24,aug_train_24_cup.png
train,cup,207,207.png,aug,aug_train_240,aug_train_240_cup.png
train,cup,208,208.png,aug,aug_train_241,aug_train_241_cup.png
train,cup,209,209.png,aug,aug_train_242,aug_train_242_cup.png
train,cup,210,210.png,aug,aug_train_243,aug_train_243_cup.png
train,cup,211,211.png,aug,aug_train_244,aug_train_244_cup.png
train,cup,212,212.png,aug,aug_train_245,aug_train_245_cup.png
train,cup,213,213.png,aug,aug_train_246,aug_train_246_cup.png
train,cup,214,214.png,aug,aug_train_247,aug_train_247_cup.png
train,cup,215,215.png,aug,aug_train_248,aug_train_248_cup.png
train,cup,216,216.png,aug,aug_train_249,aug_train_249_cup.png
train,cup,217,217.png,aug,aug_train_25,aug_train_25_cup.png
train,cup,218,218.png,aug,aug_train_250,aug_train_250_cup.png
train,cup,219,219.png,aug,aug_train_251,aug_train_251_cup.png
train,cup,220,220.png,aug,aug_train_252,aug_train_252_cup.png
train,cup,221,221.png,aug,aug_train_253,aug_train_253_cup.png
train,cup,222,222.png,aug,aug_train_254,aug_train_254_cup.png
train,cup,223,223.png,aug,aug_train_255,aug_train_255_cup.png
train,cup,224,224.png,aug,aug_train_256,aug_train_256_cup.png
train,cup,225,225.png,aug,aug_train_257,aug_train_257_cup.png
train,cup,226,226.png,aug,aug_train_258,aug_train_258_cup.png
train,cup,227,227.png,aug,aug_train_259,aug_train_259_cup.png
train,cup,228,228.png,aug,aug_train_26,aug_train_26_cup.png
train,cup,229,229.png,aug,aug_train_260,aug_train_260_cup.png
train,cup,230,230.png,aug,aug_train_261,aug_train_261_cup.png
train,cup,231,231.png,aug,aug_train_262,aug_train_262_cup.png
train,cup,232,232.png,aug,aug_train_263,aug_train_263_cup.png
train,cup,233,233.png,aug,aug_train_264,aug_train_264_cup.png
train,cup,234,234.png,aug,aug_train_265,aug_train_265_cup.png
train,cup,235,235.png,aug,aug_train_266,aug_train_266_cup.png
train,cup,236,236.png,aug,aug_train_267,aug_train_267_cup.png
train,cup,237,237.png,aug,aug_train_268,aug_train_268_cup.png
train,cup,238,238.png,aug,aug_train_269,aug_train_269_cup.png
train,cup,239,239.png,aug,aug_train_27,aug_train_27_cup.png
train,cup,240,240.png,aug,aug_train_270,aug_train_270_cup.png
train,cup,241,241.png,aug,aug_train_271,aug_train_271_cup.png
train,cup,242,242.png,aug,aug_train_272,aug_train_272_cup.png
train,cup,243,243.png,aug,aug_train_273,aug_train_273_cup.png
train,cup,244,244.png,aug,aug_train_274,aug_train_274_cup.png
train,cup,245,245.png,aug,aug_train_275,aug_train_275_cup.png
train,cup,246,246.png,aug,aug_train_276,aug_train_276_cup.png
train,cup,247,247.png,aug,aug_train_277,aug_train_277_cup.png
train,cup,248,248.png,aug,aug_train_278,aug_train_278_cup.png
train,cup,249,249.png,aug,aug_train_279,aug_train_279_cup.png
train,cup,250,250.png,aug,aug_train_28,aug_train_28_cup.png
train,cup,251,251.png,aug,aug_train_280,aug_train_280_cup.png
train,cup,252,252.png,aug,aug_train_281,aug_train_281_cup.png
train,cup,253,253.png,aug,aug_train_282,aug_train_282_cup.png
train,cup,254,254.png,aug,aug_train_283,aug_train_283_cup.png
train,cup,255,255.png,aug,aug_train_284,aug_train_284_cup.png
train,cup,256,256.png,aug,aug_train_285,aug_train_285_cup.png
train,cup,257,257.png,aug,aug_train_286,aug_train_286_cup.png
train,cup,258,258.png,aug,aug_train_287,aug_train_287_cup.png
train,cup,259,259.png,aug,aug_train_288,aug_train_288_cup.png
train,cup,260,260.png,aug,aug_train_29,aug_train_29_cup.png
train,cup,261,261.png,aug,aug_train_30,aug_train_30_cup.png
train,cup,262,262.png,aug,aug_train_31,aug_train_31_cup.png
train,cup,263,263.png,aug,aug_train_32,aug_train_32_cup.png
train,cup,264,264.png,aug,aug_train_33,aug_train_33_cup.png
train,cup,265,265.png,aug,aug_train_34,aug_train_34_cup.png
train,cup,266,266.png,aug,aug_train_35,aug_train_35_cup.png
train,cup,267,267.png,aug,aug_train_36,aug_train_36_cup.png
train,cup,268,268.png,aug,aug_train_37,aug_train_37_cup.png
train,cup,269,269.png,aug,aug_train_38,aug_train_38_cup.png
train,cup,270,270.png,aug,aug_train_39,aug_train_39_cup.png
train,cup,271,271.png,aug,aug_train_40,aug_train_40_cup.png
train,cup,272,272.png,aug,aug_train_41,aug_train_41_cup.png
train,cup,273,273.png,aug,aug_train_42,aug_train_42_cup.png
train,cup,274,274.png,aug,aug_train_43,aug_train_43_cup.png
train,cup,275,275.png,aug,aug_train_44,aug_train_44_cup.png
train,cup,276,276.png,aug,aug_train_45,aug_train_45_cup.png
train,cup,277,277.png,aug,aug_train_46,aug_train_46_cup.png
train,cup,278,278.png,aug,aug_train_47,aug_train_47_cup.png
train,cup,279,279.png,aug,aug_train_48,aug_train_48_cup.png
train,cup,280,280.png,aug,aug_train_49,aug_train_49_cup.png
train,cup,281,281.png,aug,aug_train_50,aug_train_50_cup.png
train,cup,282,282.png,aug,aug_train_51,aug_train_51_cup.png
train,cup,283,283.png,aug,aug_train_52,aug_train_52_cup.png
train,cup,284,284.png,aug,aug_train_53,aug_train_53_cup.png
train,cup,285,285.png,aug,aug_train_54,aug_train_54_cup.png
train,cup,286,286.png,aug,aug_train_55,aug_train_55_cup.png
train,cup,287,287.png,aug,aug_train_56,aug_train_56_cup.png
train,cup,288,288.png,aug,aug_train_57,aug_train_57_cup.png
train,cup,289,289.png,aug,aug_train_58,aug_train_58_cup.png
train,cup,290,290.png,aug,aug_train_59,aug_train_59_cup.png
train,cup,291,291.png,aug,aug_train_60,aug_train_60_cup.png
train,cup,292,292.png,aug,aug_train_61,aug_train_61_cup.png
train,cup,293,293.png,aug,aug_train_62,aug_train_62_cup.png
train,cup,294,294.png,aug,aug_train_63,aug_train_63_cup.png
train,cup,295,295.png,aug,aug_train_64,aug_train_64_cup.png
train,cup,296,296.png,aug,aug_train_65,aug_train_65_cup.png
train,cup,297,297.png,aug,aug_train_66,aug_train_66_cup.png
train,cup,298,298.png,aug,aug_train_67,aug_train_67_cup.png
train,cup,299,299.png,aug,aug_train_68,aug_train_68_cup.png
train,cup,300,300.png,aug,aug_train_69,aug_train_69_cup.png
train,cup,301,301.png,aug,aug_train_70,aug_train_70_cup.png
train,cup,302,302.png,aug,aug_train_71,aug_train_71_cup.png
train,cup,303,303.png,aug,aug_train_72,aug_train_72_cup.png
train,cup,304,304.png,aug,aug_train_73,aug_train_73_cup.png
train,cup,305,305.png,aug,aug_train_74,aug_train_74_cup.png
train,cup,306,306.png,aug,aug_train_75,aug_train_75_cup.png
train,cup,307,307.png,aug,aug_train_76,aug_train_76_cup.png
train,cup,308,308.png,aug,aug_train_77,aug_train_77_cup.png
train,cup,309,309.png,aug,aug_train_78,aug_train_78_cup.png
train,cup,310,310.png,aug,aug_train_79,aug_train_79_cup.png
train,cup,311,311.png,aug,aug_train_80,aug_train_80_cup.png
train,cup,312,312.png,aug,aug_train_81,aug_train_81_cup.png
train,cup,313,313.png,aug,aug_train_82,aug_train_82_cup.png
train,cup,314,314.png,aug,aug_train_83,aug_train_83_cup.png
train,cup,315,315.png,aug,aug_train_84,aug_train_84_cup.png
train,cup,316,316.png,aug,aug_train_85,aug_train_85_cup.png
train,cup,317,317.png,aug,aug_train_86,aug_train_86_cup.png
train,cup,318,318.png,aug,aug_train_87,aug_train_87_cup.png
train,cup,319,319.png,aug,aug_train_88,aug_train_88_cup.png
train,cup,320,320.png,aug,aug_train_89,aug_train_89_cup.png
train,cup,321,321.png,aug,aug_train_90,aug_train_90_cup.png
train,cup,322,322.png,aug,aug_train_91,aug_train_91_cup.png
train,cup,323,323.png,aug,aug_train_92,aug_train_92_cup.png
train,cup,324,324.png,aug,aug_train_93,aug_train_93_cup.png
train,cup,325,325.png,aug,aug_train_94,aug_train_94_cup.png
train,cup,326,326.png,aug,aug_train_95,aug_train_95_cup.png
train,cup,327,327.png,aug,aug_train_96,aug_train_96_cup.png
train,cup,328,328.png,aug,aug_train_97,aug_train_97_cup.png
train,cup,329,329.png,aug,aug_train_98,aug_train_98_cup.png
train,cup,330,330.png,aug,aug_train_99,aug_train_99_cup.png
train,drop,1,001.png,real,set_01,set_01_drop.png
train,drop,2,002.png,real,set_02,set_02_drop.png
train,drop,3,003.png,real,set_03,set_03_drop.png
train,drop,4,004.png,real,set_04,set_04_drop.png
train,drop,5,005.png,real,set_05,set_05_drop.png
train,drop,6,006.png,real,set_06,set_06_drop.png
train,drop,7,007.png,real,set_07,set_07_drop.png
train,drop,8,008.png,real,set_08,set_08_drop.png
train,drop,9,009.png,real,set_12,set_12_drop.png
train,drop,10,010.png,real,set_13,set_13_drop.png
train,drop,11,011.png,real,set_14,set_14_drop.png
train,drop,12,012.png,real,set_16,set_16_drop.png
train,drop,13,013.png,real,set_17,set_17_drop.png
train,drop,14,014.png,real,set_19,set_19_drop.png
train,drop,15,015.png,real,set_20,set_20_drop.png
train,drop,16,016.png,real,set_21,set_21_drop.png
train,drop,17,017.png,real,set_22,set_22_drop.png
train,drop,18,018.png,real,set_24,set_24_drop.png
train,drop,19,019.png,real,set_25,set_25_drop.png
train,drop,20,020.png,real,set_28,set_28_drop.png
train,drop,21,021.png,real,set_29,set_29_drop.png
train,drop,22,022.png,real,set_31,set_31_drop.png
train,drop,23,023.png,real,set_32,set_32_drop.png
train,drop,24,024.png,real,set_33,set_33_drop.png
train,drop,25,025.png,real,set_35,set_35_drop.png
train,drop,26,026.png,real,set_37,set_37_drop.png
train,drop,27,027.png,real,set_38,set_38_drop.png
train,drop,28,028.png,real,set_39,set_39_drop.png
train,drop,29,029.png,real,set_40,set_40_drop.png
train,drop,30,030.png,real,set_42,set_42_drop.png
train,drop,31,031.png,real,set_43,set_43_drop.png
train,drop,32,032.png,real,set_45,set_45_drop.png
train,drop,33,033.png,real,set_46,set_46_drop.png
train,drop,34,034.png,real,set_47,set_47_drop.png
train,drop,35,035.png,real,set_48,set_48_drop.png
train,drop,36,036.png,real,set_49,set_49_drop.png
train,drop,37,037.png,real,set_52,set_52_drop.png
train,drop,38,038.png,real,set_54,set_54_drop.png
train,drop,39,039.png,real,set_55,set_55_drop.png
train,drop,40,040.png,real,set_56,set_56_drop.png
train,drop,41,041.png,real,set_58,set_58_drop.png
train,drop,42,042.png,real,set_59,set_59_drop.png
train,drop,43,043.png,aug,aug_train_01,aug_train_01_drop.png
train,drop,44,044.png,aug,aug_train_02,aug_train_02_drop.png
train,drop,45,045.png,aug,aug_train_03,aug_train_03_drop.png
train,drop,46,046.png,aug,aug_train_04,aug_train_04_drop.png
train,drop,47,047.png,aug,aug_train_05,aug_train_05_drop.png
train,drop,48,048.png,aug,aug_train_06,aug_train_06_drop.png
train,drop,49,049.png,aug,aug_train_07,aug_train_07_drop.png
train,drop,50,050.png,aug,aug_train_08,aug_train_08_drop.png
train,drop,51,051.png,aug,aug_train_09,aug_train_09_drop.png
train,drop,52,052.png,aug,aug_train_10,aug_train_10_drop.png
train,drop,53,053.png,aug,aug_train_100,aug_train_100_drop.png
train,drop,54,054.png,aug,aug_train_101,aug_train_101_drop.png
train,drop,55,055.png,aug,aug_train_102,aug_train_102_drop.png
train,drop,56,056.png,aug,aug_train_103,aug_train_103_drop.png
train,drop,57,057.png,aug,aug_train_104,aug_train_104_drop.png
train,drop,58,058.png,aug,aug_train_105,aug_train_105_drop.png
train,drop,59,059.png,aug,aug_train_106,aug_train_106_drop.png
train,drop,60,060.png,aug,aug_train_107,aug_train_107_drop.png
train,drop,61,061.png,aug,aug_train_108,aug_train_108_drop.png
train,drop,62,062.png,aug,aug_train_109,aug_train_109_drop.png
train,drop,63,063.png,aug,aug_train_11,aug_train_11_drop.png
train,drop,64,064.png,aug,aug_train_110,aug_train_110_drop.png
train,drop,65,065.png,aug,aug_train_111,aug_train_111_drop.png
train,drop,66,066.png,aug,aug_train_112,aug_train_112_drop.png
train,drop,67,067.png,aug,aug_train_113,aug_train_113_drop.png
train,drop,68,068.png,aug,aug_train_114,aug_train_114_drop.png
train,drop,69,069.png,aug,aug_train_115,aug_train_115_drop.png
train,drop,70,070.png,aug,aug_train_116,aug_train_116_drop.png
train,drop,71,071.png,aug,aug_train_117,aug_train_117_drop.png
train,drop,72,072.png,aug,aug_train_118,aug_train_118_drop.png
train,drop,73,073.png,aug,aug_train_119,aug_train_119_drop.png
train,drop,74,074.png,aug,aug_train_12,aug_train_12_drop.png
train,drop,75,075.png,aug,aug_train_120,aug_train_120_drop.png
train,drop,76,076.png,aug,aug_train_121,aug_train_121_drop.png
train,drop,77,077.png,aug,aug_train_122,aug_train_122_drop.png
train,drop,78,078.png,aug,aug_train_123,aug_train_123_drop.png
train,drop,79,079.png,aug,aug_train_124,aug_train_124_drop.png
train,drop,80,080.png,aug,aug_train_125,aug_train_125_drop.png
train,drop,81,081.png,aug,aug_train_126,aug_train_126_drop.png
train,drop,82,082.png,aug,aug_train_127,aug_train_127_drop.png
train,drop,83,083.png,aug,aug_train_128,aug_train_128_drop.png
train,drop,84,084.png,aug,aug_train_129,aug_train_129_drop.png
train,drop,85,085.png,aug,aug_train_13,aug_train_13_drop.png
train,drop,86,086.png,aug,aug_train_130,aug_train_130_drop.png
train,drop,87,087.png,aug,aug_train_131,aug_train_131_drop.png
train,drop,88,088.png,aug,aug_train_132,aug_train_132_drop.png
train,drop,89,089.png,aug,aug_train_133,aug_train_133_drop.png
train,drop,90,090.png,aug,aug_train_134,aug_train_134_drop.png
train,drop,91,091.png,aug,aug_train_135,aug_train_135_drop.png
train,drop,92,092.png,aug,aug_train_136,aug_train_136_drop.png
train,drop,93,093.png,aug,aug_train_137,aug_train_137_drop.png
train,drop,94,094.png,aug,aug_train_138,aug_train_138_drop.png
train,drop,95,095.png,aug,aug_train_139,aug_train_139_drop.png
train,drop,96,096.png,aug,aug_train_14,aug_train_14_drop.png
train,drop,97,097.png,aug,aug_train_140,aug_train_140_drop.png
train,drop,98,098.png,aug,aug_train_141,aug_train_141_drop.png
train,drop,99,099.png,aug,aug_train_142,aug_train_142_drop.png
train,drop,100,100.png,aug,aug_train_143,aug_train_143_drop.png
train,drop,101,101.png,aug,aug_train_144,aug_train_144_drop.png
train,drop,102,102.png,aug,aug_train_145,aug_train_145_drop.png
train,drop,103,103.png,aug,aug_train_146,aug_train_146_drop.png
train,drop,104,104.png,aug,aug_train_147,aug_train_147_drop.png
train,drop,105,105.png,aug,aug_train_148,aug_train_148_drop.png
train,drop,106,106.png,aug,aug_train_149,aug_train_149_drop.png
train,drop,107,107.png,aug,aug_train_15,aug_train_15_drop.png
train,drop,108,108.png,aug,aug_train_150,aug_train_150_drop.png
train,drop,109,109.png,aug,aug_train_151,aug_train_151_drop.png
train,drop,110,110.png,aug,aug_train_152,aug_train_152_drop.png
train,drop,111,111.png,aug,aug_train_153,aug_train_153_drop.png
train,drop,112,112.png,aug,aug_train_154,aug_train_154_drop.png
train,drop,113,113.png,aug,aug_train_155,aug_train_155_drop.png
train,drop,114,114.png,aug,aug_train_156,aug_train_156_drop.png
train,drop,115,115.png,aug,aug_train_157,aug_train_157_drop.png
train,drop,116,116.png,aug,aug_train_158,aug_train_158_drop.png
train,drop,117,117.png,aug,aug_train_159,aug_train_159_drop.png
train,drop,118,118.png,aug,aug_train_16,aug_train_16_drop.png
train,drop,119,119.png,aug,aug_train_160,aug_train_160_drop.png
train,drop,120,120.png,aug,aug_train_161,aug_train_161_drop.png
train,drop,121,121.png,aug,aug_train_162,aug_train_162_drop.png
train,drop,122,122.png,aug,aug_train_163,aug_train_163_drop.png
train,drop,123,123.png,aug,aug_train_164,aug_train_164_drop.png
train,drop,124,124.png,aug,aug_train_165,aug_train_165_drop.png
train,drop,125,125.png,aug,aug_train_166,aug_train_166_drop.png
train,drop,126,126.png,aug,aug_train_167,aug_train_167_drop.png
train,drop,127,127.png,aug,aug_train_168,aug_train_168_drop.png
train,drop,128,128.png,aug,aug_train_169,aug_train_169_drop.png
train,drop,129,129.png,aug,aug_train_17,aug_train_17_drop.png
train,drop,130,130.png,aug,aug_train_170,aug_train_170_drop.png
train,drop,131,131.png,aug,aug_train_171,aug_train_171_drop.png
train,drop,132,132.png,aug,aug_train_172,aug_train_172_drop.png
train,drop,133,133.png,aug,aug_train_173,aug_train_173_drop.png
train,drop,134,134.png,aug,aug_train_174,aug_train_174_drop.png
train,drop,135,135.png,aug,aug_train_175,aug_train_175_drop.png
train,drop,136,136.png,aug,aug_train_176,aug_train_176_drop.png
train,drop,137,137.png,aug,aug_train_177,aug_train_177_drop.png
train,drop,138,138.png,aug,aug_train_178,aug_train_178_drop.png
train,drop,139,139.png,aug,aug_train_179,aug_train_179_drop.png
train,drop,140,140.png,aug,aug_train_18,aug_train_18_drop.png
train,drop,141,141.png,aug,aug_train_180,aug_train_180_drop.png
train,drop,142,142.png,aug,aug_train_181,aug_train_181_drop.png
train,drop,143,143.png,aug,aug_train_182,aug_train_182_drop.png
train,drop,144,144.png,aug,aug_train_183,aug_train_183_drop.png
train,drop,145,145.png,aug,aug_train_184,aug_train_184_drop.png
train,drop,146,146.png,aug,aug_train_185,aug_train_185_drop.png
train,drop,147,147.png,aug,aug_train_186,aug_train_186_drop.png
train,drop,148,148.png,aug,aug_train_187,aug_train_187_drop.png
train,drop,149,149.png,aug,aug_train_188,aug_train_188_drop.png
train,drop,150,150.png,aug,aug_train_189,aug_train_189_drop.png
train,drop,151,151.png,aug,aug_train_19,aug_train_19_drop.png
train,drop,152,152.png,aug,aug_train_190,aug_train_190_drop.png
train,drop,153,153.png,aug,aug_train_191,aug_train_191_drop.png
train,drop,154,154.png,aug,aug_train_192,aug_train_192_drop.png
train,drop,155,155.png,aug,aug_train_193,aug_train_193_drop.png
train,drop,156,156.png,aug,aug_train_194,aug_train_194_drop.png
train,drop,157,157.png,aug,aug_train_195,aug_train_195_drop.png
train,drop,158,158.png,aug,aug_train_196,aug_train_196_drop.png
train,drop,159,159.png,aug,aug_train_197,aug_train_197_drop.png
train,drop,160,160.png,aug,aug_train_198,aug_train_198_drop.png
train,drop,161,161.png,aug,aug_train_199,aug_train_199_drop.png
train,drop,162,162.png,aug,aug_train_20,aug_train_20_drop.png
train,drop,163,163.png,aug,aug_train_200,aug_train_200_drop.png
train,drop,164,164.png,aug,aug_train_201,aug_train_201_drop.png
train,drop,165,165.png,aug,aug_train_202,aug_train_202_drop.png
train,drop,166,166.png,aug,aug_train_203,aug_train_203_drop.png
train,drop,167,167.png,aug,aug_train_204,aug_train_204_drop.png
train,drop,168,168.png,aug,aug_train_205,aug_train_205_drop.png
train,drop,169,169.png,aug,aug_train_206,aug_train_206_drop.png
train,drop,170,170.png,aug,aug_train_207,aug_train_207_drop.png
train,drop,171,171.png,aug,aug_train_208,aug_train_208_drop.png
train,drop,172,172.png,aug,aug_train_209,aug_train_209_drop.png
train,drop,173,173.png,aug,aug_train_21,aug_train_21_drop.png
train,drop,174,174.png,aug,aug_train_210,aug_train_210_drop.png
train,drop,175,175.png,aug,aug_train_211,aug_train_211_drop.png
train,drop,176,176.png,aug,aug_train_212,aug_train_212_drop.png
train,drop,177,177.png,aug,aug_train_213,aug_train_213_drop.png
train,drop,178,178.png,aug,aug_train_214,aug_train_214_drop.png
train,drop,179,179.png,aug,aug_train_215,aug_train_215_drop.png
train,drop,180,180.png,aug,aug_train_216,aug_train_216_drop.png
train,drop,181,181.png,aug,aug_train_217,aug_train_217_drop.png
train,drop,182,182.png,aug,aug_train_218,aug_train_218_drop.png
train,drop,183,183.png,aug,aug_train_219,aug_train_219_drop.png
train,drop,184,184.png,aug,aug_train_22,aug_train_22_drop.png
train,drop,185,185.png,aug,aug_train_220,aug_train_220_drop.png
train,drop,186,186.png,aug,aug_train_221,aug_train_221_drop.png
train,drop,187,187.png,aug,aug_train_222,aug_train_222_drop.png
train,drop,188,188.png,aug,aug_train_223,aug_train_223_drop.png
train,drop,189,189.png,aug,aug_train_224,aug_train_224_drop.png
train,drop,190,190.png,aug,aug_train_225,aug_train_225_drop.png
train,drop,191,191.png,aug,aug_train_226,aug_train_226_drop.png
train,drop,192,192.png,aug,aug_train_227,aug_train_227_drop.png
train,drop,193,193.png,aug,aug_train_228,aug_train_228_drop.png
train,drop,194,194.png,aug,aug_train_229,aug_train_229_drop.png
train,drop,195,195.png,aug,aug_train_23,aug_train_23_drop.png
train,drop,196,196.png,aug,aug_train_230,aug_train_230_drop.png
train,drop,197,197.png,aug,aug_train_231,aug_train_231_drop.png
train,drop,198,198.png,aug,aug_train_232,aug_train_232_drop.png
train,drop,199,199.png,aug,aug_train_233,aug_train_233_drop.png
train,drop,200,200.png,aug,aug_train_234,aug_train_234_drop.png
train,drop,201,201.png,aug,aug_train_235,aug_train_235_drop.png
train,drop,202,202.png,aug,aug_train_236,aug_train_236_drop.png
train,drop,203,203.png,aug,aug_train_237,aug_train_237_drop.png
train,drop,204,204.png,aug,aug_train_238,aug_train_238_drop.png
train,drop,205,205.png,aug,aug_train_239,aug_train_239_drop.png
train,drop,206,206.png,aug,aug_train_24,aug_train_24_drop.png
train,drop,207,207.png,aug,aug_train_240,aug_train_240_drop.png
train,drop,208,208.png,aug,aug_train_241,aug_train_241_drop.png
train,drop,209,209.png,aug,aug_train_242,aug_train_242_drop.png
train,drop,210,210.png,aug,aug_train_243,aug_train_243_drop.png
train,drop,211,211.png,aug,aug_train_244,aug_train_244_drop.png
train,drop,212,212.png,aug,aug_train_245,aug_train_245_drop.png
train,drop,213,213.png,aug,aug_train_246,aug_train_246_drop.png
train,drop,214,214.png,aug,aug_train_247,aug_train_247_drop.png
train,drop,215,215.png,aug,aug_train_248,aug_train_248_drop.png
train,drop,216,216.png,aug,aug_train_249,aug_train_249_drop.png
train,drop,217,217.png,aug,aug_train_25,aug_train_25_drop.png
train,drop,218,218.png,aug,aug_train_250,aug_train_250_drop.png
train,drop,219,219.png,aug,aug_train_251,aug_train_251_drop.png
train,drop,220,220.png,aug,aug_train_252,aug_train_252_drop.png
train,drop,221,221.png,aug,aug_train_253,aug_train_253_drop.png
train,drop,222,222.png,aug,aug_train_254,aug_train_254_drop.png
train,drop,223,223.png,aug,aug_train_255,aug_train_255_drop.png
train,drop,224,224.png,aug,aug_train_256,aug_train_256_drop.png
train,drop,225,225.png,aug,aug_train_257,aug_train_257_drop.png
train,drop,226,226.png,aug,aug_train_258,aug_train_258_drop.png
train,drop,227,227.png,aug,aug_train_259,aug_train_259_drop.png
train,drop,228,228.png,aug,aug_train_26,aug_train_26_drop.png
train,drop,229,229.png,aug,aug_train_260,aug_train_260_drop.png
train,drop,230,230.png,aug,aug_train_261,aug_train_261_drop.png
train,drop,231,231.png,aug,aug_train_262,aug_train_262_drop.png
train,drop,232,232.png,aug,aug_train_263,aug_train_263_drop.png
train,drop,233,233.png,aug,aug_train_264,aug_train_264_drop.png
train,drop,234,234.png,aug,aug_train_265,aug_train_265_drop.png
train,drop,235,235.png,aug,aug_train_266,aug_train_266_drop.png
train,drop,236,236.png,aug,aug_train_267,aug_train_267_drop.png
train,drop,237,237.png,aug,aug_train_268,aug_train_268_drop.png
train,drop,238,238.png,aug,aug_train_269,aug_train_269_drop.png
train,drop,239,239.png,aug,aug_train_27,aug_train_27_drop.png
train,drop,240,240.png,aug,aug_train_270,aug_train_270_drop.png
train,drop,241,241.png,aug,aug_train_271,aug_train_271_drop.png
train,drop,242,242.png,aug,aug_train_272,aug_train_272_drop.png
train,drop,243,243.png,aug,aug_train_273,aug_train_273_drop.png
train,drop,244,244.png,aug,aug_train_274,aug_train_274_drop.png
train,drop,245,245.png,aug,aug_train_275,aug_train_275_drop.png
train,drop,246,246.png,aug,aug_train_276,aug_train_276_drop.png
train,drop,247,247.png,aug,aug_train_277,aug_train_277_drop.png
train,drop,248,248.png,aug,aug_train_278,aug_train_278_drop.png
train,drop,249,249.png,aug,aug_train_279,aug_train_279_drop.png
train,drop,250,250.png,aug,aug_train_28,aug_train_28_drop.png
train,drop,251,251.png,aug,aug_train_280,aug_train_280_drop.png
train,drop,252,252.png,aug,aug_train_281,aug_train_281_drop.png
train,drop,253,253.png,aug,aug_train_282,aug_train_282_drop.png
train,drop,254,254.png,aug,aug_train_283,aug_train_283_drop.png
train,drop,255,255.png,aug,aug_train_284,aug_train_284_drop.png
train,drop,256,256.png,aug,aug_train_285,aug_train_285_drop.png
train,drop,257,257.png,aug,aug_train_286,aug_train_286_drop.png
train,drop,258,258.png,aug,aug_train_287,aug_train_287_drop.png
train,drop,259,259.png,aug,aug_train_288,aug_train_288_drop.png
train,drop,260,260.png,aug,aug_train_29,aug_train_29_drop.png
train,drop,261,261.png,aug,aug_train_30,aug_train_30_drop.png
train,drop,262,262.png,aug,aug_train_31,aug_train_31_drop.png
train,drop,263,263.png,aug,aug_train_32,aug_train_32_drop.png
train,drop,264,264.png,aug,aug_train_33,aug_train_33_drop.png
train,drop,265,265.png,aug,aug_train_34,aug_train_34_drop.png
train,drop,266,266.png,aug,aug_train_35,aug_train_35_drop.png
train,drop,267,267.png,aug,aug_train_36,aug_train_36_drop.png
train,drop,268,268.png,aug,aug_train_37,aug_train_37_drop.png
train,drop,269,269.png,aug,aug_train_38,aug_train_38_drop.png
train,drop,270,270.png,aug,aug_train_39,aug_train_39_drop.png
train,drop,271,271.png,aug,aug_train_40,aug_train_40_drop.png
train,drop,272,272.png,aug,aug_train_41,aug_train_41_drop.png
train,drop,273,273.png,aug,aug_train_42,aug_train_42_drop.png
train,drop,274,274.png,aug,aug_train_43,aug_train_43_drop.png
train,drop,275,275.png,aug,aug_train_44,aug_train_44_drop.png
train,drop,276,276.png,aug,aug_train_45,aug_train_45_drop.png
train,drop,277,277.png,aug,aug_train_46,aug_train_46_drop.png
train,drop,278,278.png,aug,aug_train_47,aug_train_47_drop.png
train,drop,279,279.png,aug,aug_train_48,aug_train_48_drop.png
train,drop,280,280.png,aug,aug_train_49,aug_train_49_drop.png
train,drop,281,281.png,aug,aug_train_50,aug_train_50_drop.png
train,drop,282,282.png,aug,aug_train_51,aug_train_51_drop.png
train,drop,283,283.png,aug,aug_train_52,aug_train_52_drop.png
train,drop,284,284.png,aug,aug_train_53,aug_train_53_drop.png
train,drop,285,285.png,aug,aug_train_54,aug_train_54_drop.png
train,drop,286,286.png,aug,aug_train_55,aug_train_55_drop.png
train,drop,287,287.png,aug,aug_train_56,aug_train_56_drop.png
train,drop,288,288.png,aug,aug_train_57,aug_train_57_drop.png
train,drop,289,289.png,aug,aug_train_58,aug_train_58_drop.png
train,drop,290,290.png,aug,aug_train_59,aug_train_59_drop.png
train,drop,291,291.png,aug,aug_train_60,aug_train_60_drop.png
train,drop,292,292.png,aug,aug_train_61,aug_train_61_drop.png
train,drop,293,293.png,aug,aug_train_62,aug_train_62_drop.png
train,drop,294,294.png,aug,aug_train_63,aug_train_63_drop.png
train,drop,295,295.png,aug,aug_train_64,aug_train_64_drop.png
train,drop,296,296.png,aug,aug_train_65,aug_train_65_drop.png
train,drop,297,297.png,aug,aug_train_66,aug_train_66_drop.png
train,drop,298,298.png,aug,aug_train_67,aug_train_67_drop.png
train,drop,299,299.png,aug,aug_train_68,aug_train_68_drop.png
train,drop,300,300.png,aug,aug_train_69,aug_train_69_drop.png
train,drop,301,301.png,aug,aug_train_70,aug_train_70_drop.png
train,drop,302,302.png,aug,aug_train_71,aug_train_71_drop.png
train,drop,303,303.png,aug,aug_train_72,aug_train_72_drop.png
train,drop,304,304.png,aug,aug_train_73,aug_train_73_drop.png
train,drop,305,305.png,aug,aug_train_74,aug_train_74_drop.png
train,drop,306,306.png,aug,aug_train_75,aug_train_75_drop.png
train,drop,307,307.png,aug,aug_train_76,aug_train_76_drop.png
train,drop,308,308.png,aug,aug_train_77,aug_train_77_drop.png
train,drop,309,309.png,aug,aug_train_78,aug_train_78_drop.png
train,drop,310,310.png,aug,aug_train_79,aug_train_79_drop.png
train,drop,311,311.png,aug,aug_train_80,aug_train_80_drop.png
train,drop,312,312.png,aug,aug_train_81,aug_train_81_drop.png
train,drop,313,313.png,aug,aug_train_82,aug_train_82_drop.png
train,drop,314,314.png,aug,aug_train_83,aug_train_83_drop.png
train,drop,315,315.png,aug,aug_train_84,aug_train_84_drop.png
train,drop,316,316.png,aug,aug_train_85,aug_train_85_drop.png
train,drop,317,317.png,aug,aug_train_86,aug_train_86_drop.png
train,drop,318,318.png,aug,aug_train_87,aug_train_87_drop.png
train,drop,319,319.png,aug,aug_train_88,aug_train_88_drop.png
train,drop,320,320.png,aug,aug_train_89,aug_train_89_drop.png
train,drop,321,321.png,aug,aug_train_90,aug_train_90_drop.png
train,drop,322,322.png,aug,aug_train_91,aug_train_91_drop.png
train,drop,323,323.png,aug,aug_train_92,aug_train_92_drop.png
train,drop,324,324.png,aug,aug_train_93,aug_train_93_drop.png
train,drop,325,325.png,aug,aug_train_94,aug_train_94_drop.png
train,drop,326,326.png,aug,aug_train_95,aug_train_95_drop.png
train,drop,327,327.png,aug,aug_train_96,aug_train_96_drop.png
train,drop,328,328.png,aug,aug_train_97,aug_train_97_drop.png
train,drop,329,329.png,aug,aug_train_98,aug_train_98_drop.png
train,drop,330,330.png,aug,aug_train_99,aug_train_99_drop.png
train,eat,1,001.png,real,set_01,set_01_eat.png
train,eat,2,002.png,real,set_02,set_02_eat.png
train,eat,3,003.png,real,set_03,set_03_eat.png
train,eat,4,004.png,real,set_04,set_04_eat.png
train,eat,5,005.png,real,set_05,set_05_eat.png
train,eat,6,006.png,real,set_06,set_06_eat.png
train,eat,7,007.png,real,set_07,set_07_eat.png
train,eat,8,008.png,real,set_08,set_08_eat.png
train,eat,9,009.png,real,set_12,set_12_eat.png
train,eat,10,010.png,real,set_13,set_13_eat.png
train,eat,11,011.png,real,set_14,set_14_eat.png
train,eat,12,012.png,real,set_16,set_16_eat.png
train,eat,13,013.png,real,set_17,set_17_eat.png
train,eat,14,014.png,real,set_19,set_19_eat.png
train,eat,15,015.png,real,set_20,set_20_eat.png
train,eat,16,016.png,real,set_21,set_21_eat.png
train,eat,17,017.png,real,set_22,set_22_eat.png
train,eat,18,018.png,real,set_24,set_24_eat.png
train,eat,19,019.png,real,set_25,set_25_eat.png
train,eat,20,020.png,real,set_28,set_28_eat.png
train,eat,21,021.png,real,set_29,set_29_eat.png
train,eat,22,022.png,real,set_31,set_31_eat.png
train,eat,23,023.png,real,set_32,set_32_eat.png
train,eat,24,024.png,real,set_33,set_33_eat.png
train,eat,25,025.png,real,set_35,set_35_eat.png
train,eat,26,026.png,real,set_37,set_37_eat.png
train,eat,27,027.png,real,set_38,set_38_eat.png
train,eat,28,028.png,real,set_39,set_39_eat.png
train,eat,29,029.png,real,set_40,set_40_eat.png
train,eat,30,030.png,real,set_42,set_42_eat.png
train,eat,31,031.png,real,set_43,set_43_eat.png
train,eat,32,032.png,real,set_45,set_45_eat.png
train,eat,33,033.png,real,set_46,set_46_eat.png
train,eat,34,034.png,real,set_47,set_47_eat.png
train,eat,35,035.png,real,set_48,set_48_eat.png
train,eat,36,036.png,real,set_49,set_49_eat.png
train,eat,37,037.png,real,set_52,set_52_eat.png
train,eat,38,038.png,real,set_54,set_54_eat.png
train,eat,39,039.png,real,set_55,set_55_eat.png
train,eat,40,040.png,real,set_56,set_56_eat.png
train,eat,41,041.png,real,set_58,set_58_eat.png
train,eat,42,042.png,real,set_59,set_59_eat.png
train,eat,43,043.png,aug,aug_train_01,aug_train_01_eat.png
train,eat,44,044.png,aug,aug_train_02,aug_train_02_eat.png
train,eat,45,045.png,aug,aug_train_03,aug_train_03_eat.png
train,eat,46,046.png,aug,aug_train_04,aug_train_04_eat.png
train,eat,47,047.png,aug,aug_train_05,aug_train_05_eat.png
train,eat,48,048.png,aug,aug_train_06,aug_train_06_eat.png
train,eat,49,049.png,aug,aug_train_07,aug_train_07_eat.png
train,eat,50,050.png,aug,aug_train_08,aug_train_08_eat.png
train,eat,51,051.png,aug,aug_train_09,aug_train_09_eat.png
train,eat,52,052.png,aug,aug_train_10,aug_train_10_eat.png
train,eat,53,053.png,aug,aug_train_100,aug_train_100_eat.png
train,eat,54,054.png,aug,aug_train_101,aug_train_101_eat.png
train,eat,55,055.png,aug,aug_train_102,aug_train_102_eat.png
train,eat,56,056.png,aug,aug_train_103,aug_train_103_eat.png
train,eat,57,057.png,aug,aug_train_104,aug_train_104_eat.png
train,eat,58,058.png,aug,aug_train_105,aug_train_105_eat.png
train,eat,59,059.png,aug,aug_train_106,aug_train_106_eat.png
train,eat,60,060.png,aug,aug_train_107,aug_train_107_eat.png
train,eat,61,061.png,aug,aug_train_108,aug_train_108_eat.png
train,eat,62,062.png,aug,aug_train_109,aug_train_109_eat.png
train,eat,63,063.png,aug,aug_train_11,aug_train_11_eat.png
train,eat,64,064.png,aug,aug_train_110,aug_train_110_eat.png
train,eat,65,065.png,aug,aug_train_111,aug_train_111_eat.png
train,eat,66,066.png,aug,aug_train_112,aug_train_112_eat.png
train,eat,67,067.png,aug,aug_train_113,aug_train_113_eat.png
train,eat,68,068.png,aug,aug_train_114,aug_train_114_eat.png
train,eat,69,069.png,aug,aug_train_115,aug_train_115_eat.png
train,eat,70,070.png,aug,aug_train_116,aug_train_116_eat.png
train,eat,71,071.png,aug,aug_train_117,aug_train_117_eat.png
train,eat,72,072.png,aug,aug_train_118,aug_train_118_eat.png
train,eat,73,073.png,aug,aug_train_119,aug_train_119_eat.png
train,eat,74,074.png,aug,aug_train_12,aug_train_12_eat.png
train,eat,75,075.png,aug,aug_train_120,aug_train_120_eat.png
train,eat,76,076.png,aug,aug_train_121,aug_train_121_eat.png
train,eat,77,077.png,aug,aug_train_122,aug_train_122_eat.png
train,eat,78,078.png,aug,aug_train_123,aug_train_123_eat.png
train,eat,79,079.png,aug,aug_train_124,aug_train_124_eat.png
train,eat,80,080.png,aug,aug_train_125,aug_train_125_eat.png
train,eat,81,081.png,aug,aug_train_126,aug_train_126_eat.png
train,eat,82,082.png,aug,aug_train_127,aug_train_127_eat.png
train,eat,83,083.png,aug,aug_train_128,aug_train_128_eat.png
train,eat,84,084.png,aug,aug_train_129,aug_train_129_eat.png
train,eat,85,085.png,aug,aug_train_13,aug_train_13_eat.png
train,eat,86,086.png,aug,aug_train_130,aug_train_130_eat.png
train,eat,87,087.png,aug,aug_train_131,aug_train_131_eat.png
train,eat,88,088.png,aug,aug_train_132,aug_train_132_eat.png
train,eat,89,089.png,aug,aug_train_133,aug_train_133_eat.png
train,eat,90,090.png,aug,aug_train_134,aug_train_134_eat.png
train,eat,91,091.png,aug,aug_train_135,aug_train_135_eat.png
train,eat,92,092.png,aug,aug_train_136,aug_train_136_eat.png
train,eat,93,093.png,aug,aug_train_137,aug_train_137_eat.png
train,eat,94,094.png,aug,aug_train_138,aug_train_138_eat.png
train,eat,95,095.png,aug,aug_train_139,aug_train_139_eat.png
train,eat,96,096.png,aug,aug_train_14,aug_train_14_eat.png
train,eat,97,097.png,aug,aug_train_140,aug_train_140_eat.png
train,eat,98,098.png,aug,aug_train_141,aug_train_141_eat.png
train,eat,99,099.png,aug,aug_train_142,aug_train_142_eat.png
train,eat,100,100.png,aug,aug_train_143,aug_train_143_eat.png
train,eat,101,101.png,aug,aug_train_144,aug_train_144_eat.png
train,eat,102,102.png,aug,aug_train_145,aug_train_145_eat.png
train,eat,103,103.png,aug,aug_train_146,aug_train_146_eat.png
train,eat,104,104.png,aug,aug_train_147,aug_train_147_eat.png
train,eat,105,105.png,aug,aug_train_148,aug_train_148_eat.png
train,eat,106,106.png,aug,aug_train_149,aug_train_149_eat.png
train,eat,107,107.png,aug,aug_train_15,aug_train_15_eat.png
train,eat,108,108.png,aug,aug_train_150,aug_train_150_eat.png
train,eat,109,109.png,aug,aug_train_151,aug_train_151_eat.png
train,eat,110,110.png,aug,aug_train_152,aug_train_152_eat.png
train,eat,111,111.png,aug,aug_train_153,aug_train_153_eat.png
train,eat,112,112.png,aug,aug_train_154,aug_train_154_eat.png
train,eat,113,113.png,aug,aug_train_155,aug_train_155_eat.png
train,eat,114,114.png,aug,aug_train_156,aug_train_156_eat.png
train,eat,115,115.png,aug,aug_train_157,aug_train_157_eat.png
train,eat,116,116.png,aug,aug_train_158,aug_train_158_eat.png
train,eat,117,117.png,aug,aug_train_159,aug_train_159_eat.png
train,eat,118,118.png,aug,aug_train_16,aug_train_16_eat.png
train,eat,119,119.png,aug,aug_train_160,aug_train_160_eat.png
train,eat,120,120.png,aug,aug_train_161,aug_train_161_eat.png
train,eat,121,121.png,aug,aug_train_162,aug_train_162_eat.png
train,eat,122,122.png,aug,aug_train_163,aug_train_163_eat.png
train,eat,123,123.png,aug,aug_train_164,aug_train_164_eat.png
train,eat,124,124.png,aug,aug_train_165,aug_train_165_eat.png
train,eat,125,125.png,aug,aug_train_166,aug_train_166_eat.png
train,eat,126,126.png,aug,aug_train_167,aug_train_167_eat.png
train,eat,127,127.png,aug,aug_train_168,aug_train_168_eat.png
train,eat,128,128.png,aug,aug_train_169,aug_train_169_eat.png
train,eat,129,129.png,aug,aug_train_17,aug_train_17_eat.png
train,eat,130,130.png,aug,aug_train_170,aug_train_170_eat.png
train,eat,131,131.png,aug,aug_train_171,aug_train_171_eat.png
train,eat,132,132.png,aug,aug_train_172,aug_train_172_eat.png
train,eat,133,133.png,aug,aug_train_173,aug_train_173_eat.png
train,eat,134,134.png,aug,aug_train_174,aug_train_174_eat.png
train,eat,135,135.png,aug,aug_train_175,aug_train_175_eat.png
train,eat,136,136.png,aug,aug_train_176,aug_train_176_eat.png
train,eat,137,137.png,aug,aug_train_177,aug_train_177_eat.png
train,eat,138,138.png,aug,aug_train_178,aug_train_178_eat.png
train,eat,139,139.png,aug,aug_train_179,aug_train_179_eat.png
train,eat,140,140.png,aug,aug_train_18,aug_train_18_eat.png
train,eat,141,141.png,aug,aug_train_180,aug_train_180_eat.png
train,eat,142,142.png,aug,aug_train_181,aug_train_181_eat.png
train,eat,143,143.png,aug,aug_train_182,aug_train_182_eat.png
train,eat,144,144.png,aug,aug_train_183,aug_train_183_eat.png
train,eat,145,145.png,aug,aug_train_184,aug_train_184_eat.png
train,eat,146,146.png,aug,aug_train_185,aug_train_185_eat.png
train,eat,147,147.png,aug,aug_train_186,aug_train_186_eat.png
train,eat,148,148.png,aug,aug_train_187,aug_train_187_eat.png
train,eat,149,149.png,aug,aug_train_188,aug_train_188_eat.png
train,eat,150,150.png,aug,aug_train_189,aug_train_189_eat.png
train,eat,151,151.png,aug,aug_train_19,aug_train_19_eat.png
train,eat,152,152.png,aug,aug_train_190,aug_train_190_eat.png
train,eat,153,153.png,aug,aug_train_191,aug_train_191_eat.png
train,eat,154,154.png,aug,aug_train_192,aug_train_192_eat.png
train,eat,155,155.png,aug,aug_train_193,aug_train_193_eat.png
train,eat,156,156.png,aug,aug_train_194,aug_train_194_eat.png
train,eat,157,157.png,aug,aug_train_195,aug_train_195_eat.png
train,eat,158,158.png,aug,aug_train_196,aug_train_196_eat.png
train,eat,159,159.png,aug,aug_train_197,aug_train_197_eat.png
train,eat,160,160.png,aug,aug_train_198,aug_train_198_eat.png
train,eat,161,161.png,aug,aug_train_199,aug_train_199_eat.png
train,eat,162,162.png,aug,aug_train_20,aug_train_20_eat.png
train,eat,163,163.png,aug,aug_train_200,aug_train_200_eat.png
train,eat,164,164.png,aug,aug_train_201,aug_train_201_eat.png
train,eat,165,165.png,aug,aug_train_202,aug_train_202_eat.png
train,eat,166,166.png,aug,aug_train_203,aug_train_203_eat.png
train,eat,167,167.png,aug,aug_train_204,aug_train_204_eat.png
train,eat,168,168.png,aug,aug_train_205,aug_train_205_eat.png
train,eat,169,169.png,aug,aug_train_206,aug_train_206_eat.png
train,eat,170,170.png,aug,aug_train_207,aug_train_207_eat.png
train,eat,171,171.png,aug,aug_train_208,aug_train_208_eat.png
train,eat,172,172.png,aug,aug_train_209,aug_train_209_eat.png
train,eat,173,173.png,aug,aug_train_21,aug_train_21_eat.png
train,eat,174,174.png,aug,aug_train_210,aug_train_210_eat.png
train,eat,175,175.png,aug,aug_train_211,aug_train_211_eat.png
train,eat,176,176.png,aug,aug_train_212,aug_train_212_eat.png
train,eat,177,177.png,aug,aug_train_213,aug_train_213_eat.png
train,eat,178,178.png,aug,aug_train_214,aug_train_214_eat.png
train,eat,179,179.png,aug,aug_train_215,aug_train_215_eat.png
train,eat,180,180.png,aug,aug_train_216,aug_train_216_eat.png
train,eat,181,181.png,aug,aug_train_217,aug_train_217_eat.png
train,eat,182,182.png,aug,aug_train_218,aug_train_218_eat.png
train,eat,183,183.png,aug,aug_train_219,aug_train_219_eat.png
train,eat,184,184.png,aug,aug_train_22,aug_train_22_eat.png
train,eat,185,185.png,aug,aug_train_220,aug_train_220_eat.png
train,eat,186,186.png,aug,aug_train_221,aug_train_221_eat.png
train,eat,187,187.png,aug,aug_train_222,aug_train_222_eat.png
train,eat,188,188.png,aug,aug_train_223,aug_train_223_eat.png
train,eat,189,189.png,aug,aug_train_224,aug_train_224_eat.png
train,eat,190,190.png,aug,aug_train_225,aug_train_225_eat.png
train,eat,191,191.png,aug,aug_train_226,aug_train_226_eat.png
train,eat,192,192.png,aug,aug_train_227,aug_train_227_eat.png
train,eat,193,193.png,aug,aug_train_228,aug_train_228_eat.png
train,eat,194,194.png,aug,aug_train_229,aug_train_229_eat.png
train,eat,195,195.png,aug,aug_train_23,aug_train_23_eat.png
train,eat,196,196.png,aug,aug_train_230,aug_train_230_eat.png
train,eat,197,197.png,aug,aug_train_231,aug_train_231_eat.png
train,eat,198,198.png,aug,aug_train_232,aug_train_232_eat.png
train,eat,199,199.png,aug,aug_train_233,aug_train_233_eat.png
train,eat,200,200.png,aug,aug_train_234,aug_train_234_eat.png
train,eat,201,201.png,aug,aug_train_235,aug_train_235_eat.png
train,eat,202,202.png,aug,aug_train_236,aug_train_236_eat.png
train,eat,203,203.png,aug,aug_train_237,aug_train_237_eat.png
train,eat,204,204.png,aug,aug_train_238,aug_train_238_eat.png
train,eat,205,205.png,aug,aug_train_239,aug_train_239_eat.png
train,eat,206,206.png,aug,aug_train_24,aug_train_24_eat.png
train,eat,207,207.png,aug,aug_train_240,aug_train_240_eat.png
train,eat,208,208.png,aug,aug_train_241,aug_train_241_eat.png
train,eat,209,209.png,aug,aug_train_242,aug_train_242_eat.png
train,eat,210,210.png,aug,aug_train_243,aug_train_243_eat.png
train,eat,211,211.png,aug,aug_train_244,aug_train_244_eat.png
train,eat,212,212.png,aug,aug_train_245,aug_train_245_eat.png
train,eat,213,213.png,aug,aug_train_246,aug_train_246_eat.png
train,eat,214,214.png,aug,aug_train_247,aug_train_247_eat.png
train,eat,215,215.png,aug,aug_train_248,aug_train_248_eat.png
train,eat,216,216.png,aug,aug_train_249,aug_train_249_eat.png
train,eat,217,217.png,aug,aug_train_25,aug_train_25_eat.png
train,eat,218,218.png,aug,aug_train_250,aug_train_250_eat.png
train,eat,219,219.png,aug,aug_train_251,aug_train_251_eat.png
train,eat,220,220.png,aug,aug_train_252,aug_train_252_eat.png
train,eat,221,221.png,aug,aug_train_253,aug_train_253_eat.png
train,eat,222,222.png,aug,aug_train_254,aug_train_254_eat.png
train,eat,223,223.png,aug,aug_train_255,aug_train_255_eat.png
train,eat,224,224.png,aug,aug_train_256,aug_train_256_eat.png
train,eat,225,225.png,aug,aug_train_257,aug_train_257_eat.png
train,eat,226,226.png,aug,aug_train_258,aug_train_258_eat.png
train,eat,227,227.png,aug,aug_train_259,aug_train_259_eat.png
train,eat,228,228.png,aug,aug_train_26,aug_train_26_eat.png
train,eat,229,229.png,aug,aug_train_260,aug_train_260_eat.png
train,eat,230,230.png,aug,aug_train_261,aug_train_261_eat.png
train,eat,231,231.png,aug,aug_train_262,aug_train_262_eat.png
train,eat,232,232.png,aug,aug_train_263,aug_train_263_eat.png
train,eat,233,233.png,aug,aug_train_264,aug_train_264_eat.png
train,eat,234,234.png,aug,aug_train_265,aug_train_265_eat.png
train,eat,235,235.png,aug,aug_train_266,aug_train_266_eat.png
train,eat,236,236.png,aug,aug_train_267,aug_train_267_eat.png
train,eat,237,237.png,aug,aug_train_268,aug_train_268_eat.png
train,eat,238,238.png,aug,aug_train_269,aug_train_269_eat.png
train,eat,239,239.png,aug,aug_train_27,aug_train_27_eat.png
train,eat,240,240.png,aug,aug_train_270,aug_train_270_eat.png
train,eat,241,241.png,aug,aug_train_271,aug_train_271_eat.png
train,eat,242,242.png,aug,aug_train_272,aug_train_272_eat.png
train,eat,243,243.png,aug,aug_train_273,aug_train_273_eat.png
train,eat,244,244.png,aug,aug_train_274,aug_train_274_eat.png
train,eat,245,245.png,aug,aug_train_275,aug_train_275_eat.png
train,eat,246,246.png,aug,aug_train_276,aug_train_276_eat.png
train,eat,247,247.png,aug,aug_train_277,aug_train_277_eat.png
train,eat,248,248.png,aug,aug_train_278,aug_train_278_eat.png
train,eat,249,249.png,aug,aug_train_279,aug_train_279_eat.png
train,eat,250,250.png,aug,aug_train_28,aug_train_28_eat.png
train,eat,251,251.png,aug,aug_train_280,aug_train_280_eat.png
train,eat,252,252.png,aug,aug_train_281,aug_train_281_eat.png
train,eat,253,253.png,aug,aug_train_282,aug_train_282_eat.png
train,eat,254,254.png,aug,aug_train_283,aug_train_283_eat.png
train,eat,255,255.png,aug,aug_train_284,aug_train_284_eat.png
train,eat,256,256.png,aug,aug_train_285,aug_train_285_eat.png
train,eat,257,257.png,aug,aug_train_286,aug_train_286_eat.png
train,eat,258,258.png,aug,aug_train_287,aug_train_287_eat.png
train,eat,259,259.png,aug,aug_train_288,aug_train_288_eat.png
train,eat,260,260.png,aug,aug_train_29,aug_train_29_eat.png
train,eat,261,261.png,aug,aug_train_30,aug_train_30_eat.png
train,eat,262,262.png,aug,aug_train_31,aug_train_31_eat.png
train,eat,263,263.png,aug,aug_train_32,aug_train_32_eat.png
train,eat,264,264.png,aug,aug_train_33,aug_train_33_eat.png
train,eat,265,265.png,aug,aug_train_34,aug_train_34_eat.png
train,eat,266,266.png,aug,aug_train_35,aug_train_35_eat.png
train,eat,267,267.png,aug,aug_train_36,aug_train_36_eat.png
train,eat,268,268.png,aug,aug_train_37,aug_train_37_eat.png
train,eat,269,269.png,aug,aug_train_38,aug_train_38_eat.png
train,eat,270,270.png,aug,aug_train_39,aug_train_39_eat.png
train,eat,271,271.png,aug,aug_train_40,aug_train_40_eat.png
train,eat,272,272.png,aug,aug_train_41,aug_train_41_eat.png
train,eat,273,273.png,aug,aug_train_42,aug_train_42_eat.png
train,eat,274,274.png,aug,aug_train_43,aug_train_43_eat.png
train,eat,275,275.png,aug,aug_train_44,aug_train_44_eat.png
train,eat,276,276.png,aug,aug_train_45,aug_train_45_eat.png
train,eat,277,277.png,aug,aug_train_46,aug_train_46_eat.png
train,eat,278,278.png,aug,aug_train_47,aug_train_47_eat.png
train,eat,279,279.png,aug,aug_train_48,aug_train_48_eat.png
train,eat,280,280.png,aug,aug_train_49,aug_train_49_eat.png
train,eat,281,281.png,aug,aug_train_50,aug_train_50_eat.png
train,eat,282,282.png,aug,aug_train_51,aug_train_51_eat.png
train,eat,283,283.png,aug,aug_train_52,aug_train_52_eat.png
train,eat,284,284.png,aug,aug_train_53,aug_train_53_eat.png
train,eat,285,285.png,aug,aug_train_54,aug_train_54_eat.png
train,eat,286,286.png,aug,aug_train_55,aug_train_55_eat.png
train,eat,287,287.png,aug,aug_train_56,aug_train_56_eat.png
train,eat,288,288.png,aug,aug_train_57,aug_train_57_eat.png
train,eat,289,289.png,aug,aug_train_58,aug_train_58_eat.png
train,eat,290,290.png,aug,aug_train_59,aug_train_59_eat.png
train,eat,291,291.png,aug,aug_train_60,aug_train_60_eat.png
train,eat,292,292.png,aug,aug_train_61,aug_train_61_eat.png
train,eat,293,293.png,aug,aug_train_62,aug_train_62_eat.png
train,eat,294,294.png,aug,aug_train_63,aug_train_63_eat.png
train,eat,295,295.png,aug,aug_train_64,aug_train_64_eat.png
train,eat,296,296.png,aug,aug_train_65,aug_train_65_eat.png
train,eat,297,297.png,aug,aug_train_66,aug_train_66_eat.png
train,eat,298,298.png,aug,aug_train_67,aug_train_67_eat.png
train,eat,299,299.png,aug,aug_train_68,aug_train_68_eat.png
train,eat,300,300.png,aug,aug_train_69,aug_train_69_eat.png
train,eat,301,301.png,aug,aug_train_70,aug_train_70_eat.png
train,eat,302,302.png,aug,aug_train_71,aug_train_71_eat.png
train,eat,303,303.png,aug,aug_train_72,aug_train_72_eat.png
train,eat,304,304.png,aug,aug_train_73,aug_train_73_eat.png
train,eat,305,305.png,aug,aug_train_74,aug_train_74_eat.png
train,eat,306,306.png,aug,aug_train_75,aug_train_75_eat.png
train,eat,307,307.png,aug,aug_train_76,aug_train_76_eat.png
train,eat,308,308.png,aug,aug_train_77,aug_train_77_eat.png
train,eat,309,309.png,aug,aug_train_78,aug_train_78_eat.png
train,eat,310,310.png,aug,aug_train_79,aug_train_79_eat.png
train,eat,311,311.png,aug,aug_train_80,aug_train_80_eat.png
train,eat,312,312.png,aug,aug_train_81,aug_train_81_eat.png
train,eat,313,313.png,aug,aug_train_82,aug_train_82_eat.png
train,eat,314,314.png,aug,aug_train_83,aug_train_83_eat.png
train,eat,315,315.png,aug,aug_train_84,aug_train_84_eat.png
train,eat,316,316.png,aug,aug_train_85,aug_train_85_eat.png
train,eat,317,317.png,aug,aug_train_86,aug_train_86_eat.png
train,eat,318,318.png,aug,aug_train_87,aug_train_87_eat.png
train,eat,319,319.png,aug,aug_train_88,aug_train_88_eat.png
train,eat,320,320.png,aug,aug_train_89,aug_train_89_eat.png
train,eat,321,321.png,aug,aug_train_90,aug_train_90_eat.png
train,eat,322,322.png,aug,aug_train_91,aug_train_91_eat.png
train,eat,323,323.png,aug,aug_train_92,aug_train_92_eat.png
train,eat,324,324.png,aug,aug_train_93,aug_train_93_eat.png
train,eat,325,325.png,aug,aug_train_94,aug_train_94_eat.png
train,eat,326,326.png,aug,aug_train_95,aug_train_95_eat.png
train,eat,327,327.png,aug,aug_train_96,aug_train_96_eat.png
train,eat,328,328.png,aug,aug_train_97,aug_train_97_eat.png
train,eat,329,329.png,aug,aug_train_98,aug_train_98_eat.png
train,eat,330,330.png,aug,aug_train_99,aug_train_99_eat.png
train,fish,1,001.png,real,set_01,set_01_fish.png
train,fish,2,002.png,real,set_02,set_02_fish.png
train,fish,3,003.png,real,set_03,set_03_fish.png
train,fish,4,004.png,real,set_04,set_04_fish.png
train,fish,5,005.png,real,set_05,set_05_fish.png
train,fish,6,006.png,real,set_06,set_06_fish.png
train,fish,7,007.png,real,set_07,set_07_fish.png
train,fish,8,008.png,real,set_08,set_08_fish.png
train,fish,9,009.png,real,set_12,set_12_fish.png
train,fish,10,010.png,real,set_13,set_13_fish.png
train,fish,11,011.png,real,set_14,set_14_fish.png
train,fish,12,012.png,real,set_16,set_16_fish.png
train,fish,13,013.png,real,set_17,set_17_fish.png
train,fish,14,014.png,real,set_19,set_19_fish.png
train,fish,15,015.png,real,set_20,set_20_fish.png
train,fish,16,016.png,real,set_21,set_21_fish.png
train,fish,17,017.png,real,set_22,set_22_fish.png
train,fish,18,018.png,real,set_24,set_24_fish.png
train,fish,19,019.png,real,set_25,set_25_fish.png
train,fish,20,020.png,real,set_28,set_28_fish.png
train,fish,21,021.png,real,set_29,set_29_fish.png
train,fish,22,022.png,real,set_31,set_31_fish.png
train,fish,23,023.png,real,set_32,set_32_fish.png
train,fish,24,024.png,real,set_33,set_33_fish.png
train,fish,25,025.png,real,set_35,set_35_fish.png
train,fish,26,026.png,real,set_37,set_37_fish.png
train,fish,27,027.png,real,set_38,set_38_fish.png
train,fish,28,028.png,real,set_39,set_39_fish.png
train,fish,29,029.png,real,set_40,set_40_fish.png
train,fish,30,030.png,real,set_42,set_42_fish.png
train,fish,31,031.png,real,set_43,set_43_fish.png
train,fish,32,032.png,real,set_45,set_45_fish.png
train,fish,33,033.png,real,set_46,set_46_fish.png
train,fish,34,034.png,real,set_47,set_47_fish.png
train,fish,35,035.png,real,set_48,set_48_fish.png
train,fish,36,036.png,real,set_49,set_49_fish.png
train,fish,37,037.png,real,set_52,set_52_fish.png
train,fish,38,038.png,real,set_54,set_54_fish.png
train,fish,39,039.png,real,set_55,set_55_fish.png
train,fish,40,040.png,real,set_56,set_56_fish.png
train,fish,41,041.png,real,set_58,set_58_fish.png
train,fish,42,042.png,real,set_59,set_59_fish.png
train,fish,43,043.png,aug,aug_train_01,aug_train_01_fish.png
train,fish,44,044.png,aug,aug_train_02,aug_train_02_fish.png
train,fish,45,045.png,aug,aug_train_03,aug_train_03_fish.png
train,fish,46,046.png,aug,aug_train_04,aug_train_04_fish.png
train,fish,47,047.png,aug,aug_train_05,aug_train_05_fish.png
train,fish,48,048.png,aug,aug_train_06,aug_train_06_fish.png
train,fish,49,049.png,aug,aug_train_07,aug_train_07_fish.png
train,fish,50,050.png,aug,aug_train_08,aug_train_08_fish.png
train,fish,51,051.png,aug,aug_train_09,aug_train_09_fish.png
train,fish,52,052.png,aug,aug_train_10,aug_train_10_fish.png
train,fish,53,053.png,aug,aug_train_100,aug_train_100_fish.png
train,fish,54,054.png,aug,aug_train_101,aug_train_101_fish.png
train,fish,55,055.png,aug,aug_train_102,aug_train_102_fish.png
train,fish,56,056.png,aug,aug_train_103,aug_train_103_fish.png
train,fish,57,057.png,aug,aug_train_104,aug_train_104_fish.png
train,fish,58,058.png,aug,aug_train_105,aug_train_105_fish.png
train,fish,59,059.png,aug,aug_train_106,aug_train_106_fish.png
train,fish,60,060.png,aug,aug_train_107,aug_train_107_fish.png
train,fish,61,061.png,aug,aug_train_108,aug_train_108_fish.png
train,fish,62,062.png,aug,aug_train_109,aug_train_109_fish.png
train,fish,63,063.png,aug,aug_train_11,aug_train_11_fish.png
train,fish,64,064.png,aug,aug_train_110,aug_train_110_fish.png
train,fish,65,065.png,aug,aug_train_111,aug_train_111_fish.png
train,fish,66,066.png,aug,aug_train_112,aug_train_112_fish.png
train,fish,67,067.png,aug,aug_train_113,aug_train_113_fish.png
train,fish,68,068.png,aug,aug_train_114,aug_train_114_fish.png
train,fish,69,069.png,aug,aug_train_115,aug_train_115_fish.png
train,fish,70,070.png,aug,aug_train_116,aug_train_116_fish.png
train,fish,71,071.png,aug,aug_train_117,aug_train_117_fish.png
train,fish,72,072.png,aug,aug_train_118,aug_train_118_fish.png
train,fish,73,073.png,aug,aug_train_119,aug_train_119_fish.png
train,fish,74,074.png,aug,aug_train_12,aug_train_12_fish.png
train,fish,75,075.png,aug,aug_train_120,aug_train_120_fish.png
train,fish,76,076.png,aug,aug_train_121,aug_train_121_fish.png
train,fish,77,077.png,aug,aug_train_122,aug_train_122_fish.png
train,fish,78,078.png,aug,aug_train_123,aug_train_123_fish.png
train,fish,79,079.png,aug,aug_train_124,aug_train_124_fish.png
train,fish,80,080.png,aug,aug_train_125,aug_train_125_fish.png
train,fish,81,081.png,aug,aug_train_126,aug_train_126_fish.png
train,fish,82,082.png,aug,aug_train_127,aug_train_127_fish.png
train,fish,83,083.png,aug,aug_train_128,aug_train_128_fish.png
train,fish,84,084.png,aug,aug_train_129,aug_train_129_fish.png
train,fish,85,085.png,aug,aug_train_13,aug_train_13_fish.png
train,fish,86,086.png,aug,aug_train_130,aug_train_130_fish.png
train,fish,87,087.png,aug,aug_train_131,aug_train_131_fish.png
train,fish,88,088.png,aug,aug_train_132,aug_train_132_fish.png
train,fish,89,089.png,aug,aug_train_133,aug_train_133_fish.png
train,fish,90,090.png,aug,aug_train_134,aug_train_134_fish.png
train,fish,91,091.png,aug,aug_train_135,aug_train_135_fish.png
train,fish,92,092.png,aug,aug_train_136,aug_train_136_fish.png
train,fish,93,093.png,aug,aug_train_137,aug_train_137_fish.png
train,fish,94,094.png,aug,aug_train_138,aug_train_138_fish.png
train,fish,95,095.png,aug,aug_train_139,aug_train_139_fish.png
train,fish,96,096.png,aug,aug_train_14,aug_train_14_fish.png
train,fish,97,097.png,aug,aug_train_140,aug_train_140_fish.png
train,fish,98,098.png,aug,aug_train_141,aug_train_141_fish.png
train,fish,99,099.png,aug,aug_train_142,aug_train_142_fish.png
train,fish,100,100.png,aug,aug_train_143,aug_train_143_fish.png
train,fish,101,101.png,aug,aug_train_144,aug_train_144_fish.png
train,fish,102,102.png,aug,aug_train_145,aug_train_145_fish.png
train,fish,103,103.png,aug,aug_train_146,aug_train_146_fish.png
train,fish,104,104.png,aug,aug_train_147,aug_train_147_fish.png
train,fish,105,105.png,aug,aug_train_148,aug_train_148_fish.png
train,fish,106,106.png,aug,aug_train_149,aug_train_149_fish.png
train,fish,107,107.png,aug,aug_train_15,aug_train_15_fish.png
train,fish,108,108.png,aug,aug_train_150,aug_train_150_fish.png
train,fish,109,109.png,aug,aug_train_151,aug_train_151_fish.png
train,fish,110,110.png,aug,aug_train_152,aug_train_152_fish.png
train,fish,111,111.png,aug,aug_train_153,aug_train_153_fish.png
train,fish,112,112.png,aug,aug_train_154,aug_train_154_fish.png
train,fish,113,113.png,aug,aug_train_155,aug_train_155_fish.png
train,fish,114,114.png,aug,aug_train_156,aug_train_156_fish.png
train,fish,115,115.png,aug,aug_train_157,aug_train_157_fish.png
train,fish,116,116.png,aug,aug_train_158,aug_train_158_fish.png
train,fish,117,117.png,aug,aug_train_159,aug_train_159_fish.png
train,fish,118,118.png,aug,aug_train_16,aug_train_16_fish.png
train,fish,119,119.png,aug,aug_train_160,aug_train_160_fish.png
train,fish,120,120.png,aug,aug_train_161,aug_train_161_fish.png
train,fish,121,121.png,aug,aug_train_162,aug_train_162_fish.png
train,fish,122,122.png,aug,aug_train_163,aug_train_163_fish.png
train,fish,123,123.png,aug,aug_train_164,aug_train_164_fish.png
train,fish,124,124.png,aug,aug_train_165,aug_train_165_fish.png
train,fish,125,125.png,aug,aug_train_166,aug_train_166_fish.png
train,fish,126,126.png,aug,aug_train_167,aug_train_167_fish.png
train,fish,127,127.png,aug,aug_train_168,aug_train_168_fish.png
train,fish,128,128.png,aug,aug_train_169,aug_train_169_fish.png
train,fish,129,129.png,aug,aug_train_17,aug_train_17_fish.png
train,fish,130,130.png,aug,aug_train_170,aug_train_170_fish.png
train,fish,131,131.png,aug,aug_train_171,aug_train_171_fish.png
train,fish,132,132.png,aug,aug_train_172,aug_train_172_fish.png
train,fish,133,133.png,aug,aug_train_173,aug_train_173_fish.png
train,fish,134,134.png,aug,aug_train_174,aug_train_174_fish.png
train,fish,135,135.png,aug,aug_train_175,aug_train_175_fish.png
train,fish,136,136.png,aug,aug_train_176,aug_train_176_fish.png
train,fish,137,137.png,aug,aug_train_177,aug_train_177_fish.png
train,fish,138,138.png,aug,aug_train_178,aug_train_178_fish.png
train,fish,139,139.png,aug,aug_train_179,aug_train_179_fish.png
train,fish,140,140.png,aug,aug_train_18,aug_train_18_fish.png
train,fish,141,141.png,aug,aug_train_180,aug_train_180_fish.png
train,fish,142,142.png,aug,aug_train_181,aug_train_181_fish.png
train,fish,143,143.png,aug,aug_train_182,aug_train_182_fish.png
train,fish,144,144.png,aug,aug_train_183,aug_train_183_fish.png
train,fish,145,145.png,aug,aug_train_184,aug_train_184_fish.png
train,fish,146,146.png,aug,aug_train_185,aug_train_185_fish.png
train,fish,147,147.png,aug,aug_train_186,aug_train_186_fish.png
train,fish,148,148.png,aug,aug_train_187,aug_train_187_fish.png
train,fish,149,149.png,aug,aug_train_188,aug_train_188_fish.png
train,fish,150,150.png,aug,aug_train_189,aug_train_189_fish.png
train,fish,151,151.png,aug,aug_train_19,aug_train_19_fish.png
train,fish,152,152.png,aug,aug_train_190,aug_train_190_fish.png
train,fish,153,153.png,aug,aug_train_191,aug_train_191_fish.png
train,fish,154,154.png,aug,aug_train_192,aug_train_192_fish.png
train,fish,155,155.png,aug,aug_train_193,aug_train_193_fish.png
train,fish,156,156.png,aug,aug_train_194,aug_train_194_fish.png
train,fish,157,157.png,aug,aug_train_195,aug_train_195_fish.png
train,fish,158,158.png,aug,aug_train_196,aug_train_196_fish.png
train,fish,159,159.png,aug,aug_train_197,aug_train_197_fish.png
train,fish,160,160.png,aug,aug_train_198,aug_train_198_fish.png
train,fish,161,161.png,aug,aug_train_199,aug_train_199_fish.png
train,fish,162,162.png,aug,aug_train_20,aug_train_20_fish.png
train,fish,163,163.png,aug,aug_train_200,aug_train_200_fish.png
train,fish,164,164.png,aug,aug_train_201,aug_train_201_fish.png
train,fish,165,165.png,aug,aug_train_202,aug_train_202_fish.png
train,fish,166,166.png,aug,aug_train_203,aug_train_203_fish.png
train,fish,167,167.png,aug,aug_train_204,aug_train_204_fish.png
train,fish,168,168.png,aug,aug_train_205,aug_train_205_fish.png
train,fish,169,169.png,aug,aug_train_206,aug_train_206_fish.png
train,fish,170,170.png,aug,aug_train_207,aug_train_207_fish.png
train,fish,171,171.png,aug,aug_train_208,aug_train_208_fish.png
train,fish,172,172.png,aug,aug_train_209,aug_train_209_fish.png
train,fish,173,173.png,aug,aug_train_21,aug_train_21_fish.png
train,fish,174,174.png,aug,aug_train_210,aug_train_210_fish.png
train,fish,175,175.png,aug,aug_train_211,aug_train_211_fish.png
train,fish,176,176.png,aug,aug_train_212,aug_train_212_fish.png
train,fish,177,177.png,aug,aug_train_213,aug_train_213_fish.png
train,fish,178,178.png,aug,aug_train_214,aug_train_214_fish.png
train,fish,179,179.png,aug,aug_train_215,aug_train_215_fish.png
train,fish,180,180.png,aug,aug_train_216,aug_train_216_fish.png
train,fish,181,181.png,aug,aug_train_217,aug_train_217_fish.png
train,fish,182,182.png,aug,aug_train_218,aug_train_218_fish.png
train,fish,183,183.png,aug,aug_train_219,aug_train_219_fish.png
train,fish,184,184.png,aug,aug_train_22,aug_train_22_fish.png
train,fish,185,185.png,aug,aug_train_220,aug_train_220_fish.png
train,fish,186,186.png,aug,aug_train_221,aug_train_221_fish.png
train,fish,187,187.png,aug,aug_train_222,aug_train_222_fish.png
train,fish,188,188.png,aug,aug_train_223,aug_train_223_fish.png
train,fish,189,189.png,aug,aug_train_224,aug_train_224_fish.png
train,fish,190,190.png,aug,aug_train_225,aug_train_225_fish.png
train,fish,191,191.png,aug,aug_train_226,aug_train_226_fish.png
train,fish,192,192.png,aug,aug_train_227,aug_train_227_fish.png
train,fish,193,193.png,aug,aug_train_228,aug_train_228_fish.png
train,fish,194,194.png,aug,aug_train_229,aug_train_229_fish.png
train,fish,195,195.png,aug,aug_train_23,aug_train_23_fish.png
train,fish,196,196.png,aug,aug_train_230,aug_train_230_fish.png
train,fish,197,197.png,aug,aug_train_231,aug_train_231_fish.png
train,fish,198,198.png,aug,aug_train_232,aug_train_232_fish.png
train,fish,199,199.png,aug,aug_train_233,aug_train_233_fish.png
train,fish,200,200.png,aug,aug_train_234,aug_train_234_fish.png
train,fish,201,201.png,aug,aug_train_235,aug_train_235_fish.png
train,fish,202,202.png,aug,aug_train_236,aug_train_236_fish.png
train,fish,203,203.png,aug,aug_train_237,aug_train_237_fish.png
train,fish,204,204.png,aug,aug_train_238,aug_train_238_fish.png
train,fish,205,205.png,aug,aug_train_239,aug_train_239_fish.png
train,fish,206,206.png,aug,aug_train_24,aug_train_24_fish.png
train,fish,207,207.png,aug,aug_train_240,aug_train_240_fish.png
train,fish,208,208.png,aug,aug_train_241,aug_train_241_fish.png
train,fish,209,209.png,aug,aug_train_242,aug_train_242_fish.png
train,fish,210,210.png,aug,aug_train_243,aug_train_243_fish.png
train,fish,211,211.png,aug,aug_train_244,aug_train_244_fish.png
train,fish,212,212.png,aug,aug_train_245,aug_train_245_fish.png
train,fish,213,213.png,aug,aug_train_246,aug_train_246_fish.png
train,fish,214,214.png,aug,aug_train_247,aug_train_247_fish.png
train,fish,215,215.png,aug,aug_train_248,aug_train_248_fish.png
train,fish,216,216.png,aug,aug_train_249,aug_train_249_fish.png
train,fish,217,217.png,aug,aug_train_25,aug_train_25_fish.png
train,fish,218,218.png,aug,aug_train_250,aug_train_250_fish.png
train,fish,219,219.png,aug,aug_train_251,aug_train_251_fish.png
train,fish,220,220.png,aug,aug_train_252,aug_train_252_fish.png
train,fish,221,221.png,aug,aug_train_253,aug_train_253_fish.png
train,fish,222,222.png,aug,aug_train_254,aug_train_254_fish.png
train,fish,223,223.png,aug,aug_train_255,aug_train_255_fish.png
train,fish,224,224.png,aug,aug_train_256,aug_train_256_fish.png
train,fish,225,225.png,aug,aug_train_257,aug_train_257_fish.png
train,fish,226,226.png,aug,aug_train_258,aug_train_258_fish.png
train,fish,227,227.png,aug,aug_train_259,aug_train_259_fish.png
train,fish,228,228.png,aug,aug_train_26,aug_train_26_fish.png
train,fish,229,229.png,aug,aug_train_260,aug_train_260_fish.png
train,fish,230,230.png,aug,aug_train_261,aug_train_261_fish.png
train,fish,231,231.png,aug,aug_train_262,aug_train_262_fish.png
train,fish,232,232.png,aug,aug_train_263,aug_train_263_fish.png
train,fish,233,233.png,aug,aug_train_264,aug_train_264_fish.png
train,fish,234,234.png,aug,aug_train_265,aug_train_265_fish.png
train,fish,235,235.png,aug,aug_train_266,aug_train_266_fish.png
train,fish,236,236.png,aug,aug_train_267,aug_train_267_fish.png
train,fish,237,237.png,aug,aug_train_268,aug_train_268_fish.png
train,fish,238,238.png,aug,aug_train_269,aug_train_269_fish.png
train,fish,239,239.png,aug,aug_train_27,aug_train_27_fish.png
train,fish,240,240.png,aug,aug_train_270,aug_train_270_fish.png
train,fish,241,241.png,aug,aug_train_271,aug_train_271_fish.png
train,fish,242,242.png,aug,aug_train_272,aug_train_272_fish.png
train,fish,243,243.png,aug,aug_train_273,aug_train_273_fish.png
train,fish,244,244.png,aug,aug_train_274,aug_train_274_fish.png
train,fish,245,245.png,aug,aug_train_275,aug_train_275_fish.png
train,fish,246,246.png,aug,aug_train_276,aug_train_276_fish.png
train,fish,247,247.png,aug,aug_train_277,aug_train_277_fish.png
train,fish,248,248.png,aug,aug_train_278,aug_train_278_fish.png
train,fish,249,249.png,aug,aug_train_279,aug_train_279_fish.png
train,fish,250,250.png,aug,aug_train_28,aug_train_28_fish.png
train,fish,251,251.png,aug,aug_train_280,aug_train_280_fish.png
train,fish,252,252.png,aug,aug_train_281,aug_train_281_fish.png
train,fish,253,253.png,aug,aug_train_282,aug_train_282_fish.png
train,fish,254,254.png,aug,aug_train_283,aug_train_283_fish.png
train,fish,255,255.png,aug,aug_train_284,aug_train_284_fish.png
train,fish,256,256.png,aug,aug_train_285,aug_train_285_fish.png
train,fish,257,257.png,aug,aug_train_286,aug_train_286_fish.png
train,fish,258,258.png,aug,aug_train_287,aug_train_287_fish.png
train,fish,259,259.png,aug,aug_train_288,aug_train_288_fish.png
train,fish,260,260.png,aug,aug_train_29,aug_train_29_fish.png
train,fish,261,261.png,aug,aug_train_30,aug_train_30_fish.png
train,fish,262,262.png,aug,aug_train_31,aug_train_31_fish.png
train,fish,263,263.png,aug,aug_train_32,aug_train_32_fish.png
train,fish,264,264.png,aug,aug_train_33,aug_train_33_fish.png
train,fish,265,265.png,aug,aug_train_34,aug_train_34_fish.png
train,fish,266,266.png,aug,aug_train_35,aug_train_35_fish.png
train,fish,267,267.png,aug,aug_train_36,aug_train_36_fish.png
train,fish,268,268.png,aug,aug_train_37,aug_train_37_fish.png
train,fish,269,269.png,aug,aug_train_38,aug_train_38_fish.png
train,fish,270,270.png,aug,aug_train_39,aug_train_39_fish.png
train,fish,271,271.png,aug,aug_train_40,aug_train_40_fish.png
train,fish,272,272.png,aug,aug_train_41,aug_train_41_fish.png
train,fish,273,273.png,aug,aug_train_42,aug_train_42_fish.png
train,fish,274,274.png,aug,aug_train_43,aug_train_43_fish.png
train,fish,275,275.png,aug,aug_train_44,aug_train_44_fish.png
train,fish,276,276.png,aug,aug_train_45,aug_train_45_fish.png
train,fish,277,277.png,aug,aug_train_46,aug_train_46_fish.png
train,fish,278,278.png,aug,aug_train_47,aug_train_47_fish.png
train,fish,279,279.png,aug,aug_train_48,aug_train_48_fish.png
train,fish,280,280.png,aug,aug_train_49,aug_train_49_fish.png
train,fish,281,281.png,aug,aug_train_50,aug_train_50_fish.png
train,fish,282,282.png,aug,aug_train_51,aug_train_51_fish.png
train,fish,283,283.png,aug,aug_train_52,aug_train_52_fish.png
train,fish,284,284.png,aug,aug_train_53,aug_train_53_fish.png
train,fish,285,285.png,aug,aug_train_54,aug_train_54_fish.png
train,fish,286,286.png,aug,aug_train_55,aug_train_55_fish.png
train,fish,287,287.png,aug,aug_train_56,aug_train_56_fish.png
train,fish,288,288.png,aug,aug_train_57,aug_train_57_fish.png
train,fish,289,289.png,aug,aug_train_58,aug_train_58_fish.png
train,fish,290,290.png,aug,aug_train_59,aug_train_59_fish.png
train,fish,291,291.png,aug,aug_train_60,aug_train_60_fish.png
train,fish,292,292.png,aug,aug_train_61,aug_train_61_fish.png
train,fish,293,293.png,aug,aug_train_62,aug_train_62_fish.png
train,fish,294,294.png,aug,aug_train_63,aug_train_63_fish.png
train,fish,295,295.png,aug,aug_train_64,aug_train_64_fish.png
train,fish,296,296.png,aug,aug_train_65,aug_train_65_fish.png
train,fish,297,297.png,aug,aug_train_66,aug_train_66_fish.png
train,fish,298,298.png,aug,aug_train_67,aug_train_67_fish.png
train,fish,299,299.png,aug,aug_train_68,aug_train_68_fish.png
train,fish,300,300.png,aug,aug_train_69,aug_train_69_fish.png
train,fish,301,301.png,aug,aug_train_70,aug_train_70_fish.png
train,fish,302,302.png,aug,aug_train_71,aug_train_71_fish.png
train,fish,303,303.png,aug,aug_train_72,aug_train_72_fish.png
train,fish,304,304.png,aug,aug_train_73,aug_train_73_fish.png
train,fish,305,305.png,aug,aug_train_74,aug_train_74_fish.png
train,fish,306,306.png,aug,aug_train_75,aug_train_75_fish.png
train,fish,307,307.png,aug,aug_train_76,aug_train_76_fish.png
train,fish,308,308.png,aug,aug_train_77,aug_train_77_fish.png
train,fish,309,309.png,aug,aug_train_78,aug_train_78_fish.png
train,fish,310,310.png,aug,aug_train_79,aug_train_79_fish.png
train,fish,311,311.png,aug,aug_train_80,aug_train_80_fish.png
train,fish,312,312.png,aug,aug_train_81,aug_train_81_fish.png
train,fish,313,313.png,aug,aug_train_82,aug_train_82_fish.png
train,fish,314,314.png,aug,aug_train_83,aug_train_83_fish.png
train,fish,315,315.png,aug,aug_train_84,aug_train_84_fish.png
train,fish,316,316.png,aug,aug_train_85,aug_train_85_fish.png
train,fish,317,317.png,aug,aug_train_86,aug_train_86_fish.png
train,fish,318,318.png,aug,aug_train_87,aug_train_87_fish.png
train,fish,319,319.png,aug,aug_train_88,aug_train_88_fish.png
train,fish,320,320.png,aug,aug_train_89,aug_train_89_fish.png
train,fish,321,321.png,aug,aug_train_90,aug_train_90_fish.png
train,fish,322,322.png,aug,aug_train_91,aug_train_91_fish.png
train,fish,323,323.png,aug,aug_train_92,aug_train_92_fish.png
train,fish,324,324.png,aug,aug_train_93,aug_train_93_fish.png
train,fish,325,325.png,aug,aug_train_94,aug_train_94_fish.png
train,fish,326,326.png,aug,aug_train_95,aug_train_95_fish.png
train,fish,327,327.png,aug,aug_train_96,aug_train_96_fish.png
train,fish,328,328.png,aug,aug_train_97,aug_train_97_fish.png
train,fish,329,329.png,aug,aug_train_98,aug_train_98_fish.png
train,fish,330,330.png,aug,aug_train_99,aug_train_99_fish.png
train,hot,1,001.png,real,set_01,set_01_hot.png
train,hot,2,002.png,real,set_02,set_02_hot.png
train,hot,3,003.png,real,set_03,set_03_hot.png
train,hot,4,004.png,real,set_04,set_04_hot.png
train,hot,5,005.png,real,set_05,set_05_hot.png
train,hot,6,006.png,real,set_06,set_06_hot.png
train,hot,7,007.png,real,set_07,set_07_hot.png
train,hot,8,008.png,real,set_08,set_08_hot.png
train,hot,9,009.png,real,set_12,set_12_hot.png
train,hot,10,010.png,real,set_13,set_13_hot.png
train,hot,11,011.png,real,set_14,set_14_hot.png
train,hot,12,012.png,real,set_16,set_16_hot.png
train,hot,13,013.png,real,set_17,set_17_hot.png
train,hot,14,014.png,real,set_19,set_19_hot.png
train,hot,15,015.png,real,set_20,set_20_hot.png
train,hot,16,016.png,real,set_21,set_21_hot.png
train,hot,17,017.png,real,set_22,set_22_hot.png
train,hot,18,018.png,real,set_24,set_24_hot.png
train,hot,19,019.png,real,set_25,set_25_hot.png
train,hot,20,020.png,real,set_28,set_28_hot.png
train,hot,21,021.png,real,set_29,set_29_hot.png
train,hot,22,022.png,real,set_31,set_31_hot.png
train,hot,23,023.png,real,set_32,set_32_hot.png
train,hot,24,024.png,real,set_33,set_33_hot.png
train,hot,25,025.png,real,set_35,set_35_hot.png
train,hot,26,026.png,real,set_37,set_37_hot.png
train,hot,27,027.png,real,set_38,set_38_hot.png
train,hot,28,028.png,real,set_39,set_39_hot.png
train,hot,29,029.png,real,set_40,set_40_hot.png
train,hot,30,030.png,real,set_42,set_42_hot.png
train,hot,31,031.png,real,set_43,set_43_hot.png
train,hot,32,032.png,real,set_45,set_45_hot.png
train,hot,33,033.png,real,set_46,set_46_hot.png
train,hot,34,034.png,real,set_47,set_47_hot.png
train,hot,35,035.png,real,set_48,set_48_hot.png
train,hot,36,036.png,real,set_49,set_49_hot.png
train,hot,37,037.png,real,set_52,set_52_hot.png
train,hot,38,038.png,real,set_54,set_54_hot.png
train,hot,39,039.png,real,set_55,set_55_hot.png
train,hot,40,040.png,real,set_56,set_56_hot.png
train,hot,41,041.png,real,set_58,set_58_hot.png
train,hot,42,042.png,real,set_59,set_59_hot.png
train,hot,43,043.png,aug,aug_train_01,aug_train_01_hot.png
train,hot,44,044.png,aug,aug_train_02,aug_train_02_hot.png
train,hot,45,045.png,aug,aug_train_03,aug_train_03_hot.png
train,hot,46,046.png,aug,aug_train_04,aug_train_04_hot.png
train,hot,47,047.png,aug,aug_train_05,aug_train_05_hot.png
train,hot,48,048.png,aug,aug_train_06,aug_train_06_hot.png
train,hot,49,049.png,aug,aug_train_07,aug_train_07_hot.png
train,hot,50,050.png,aug,aug_train_08,aug_train_08_hot.png
train,hot,51,051.png,aug,aug_train_09,aug_train_09_hot.png
train,hot,52,052.png,aug,aug_train_10,aug_train_10_hot.png
train,hot,53,053.png,aug,aug_train_100,aug_train_100_hot.png
train,hot,54,054.png,aug,aug_train_101,aug_train_101_hot.png
train,hot,55,055.png,aug,aug_train_102,aug_train_102_hot.png
train,hot,56,056.png,aug,aug_train_103,aug_train_103_hot.png
train,hot,57,057.png,aug,aug_train_104,aug_train_104_hot.png
train,hot,58,058.png,aug,aug_train_105,aug_train_105_hot.png
train,hot,59,059.png,aug,aug_train_106,aug_train_106_hot.png
train,hot,60,060.png,aug,aug_train_107,aug_train_107_hot.png
train,hot,61,061.png,aug,aug_train_108,aug_train_108_hot.png
train,hot,62,062.png,aug,aug_train_109,aug_train_109_hot.png
train,hot,63,063.png,aug,aug_train_11,aug_train_11_hot.png
train,hot,64,064.png,aug,aug_train_110,aug_train_110_hot.png
train,hot,65,065.png,aug,aug_train_111,aug_train_111_hot.png
train,hot,66,066.png,aug,aug_train_112,aug_train_112_hot.png
train,hot,67,067.png,aug,aug_train_113,aug_train_113_hot.png
train,hot,68,068.png,aug,aug_train_114,aug_train_114_hot.png
train,hot,69,069.png,aug,aug_train_115,aug_train_115_hot.png
train,hot,70,070.png,aug,aug_train_116,aug_train_116_hot.png
train,hot,71,071.png,aug,aug_train_117,aug_train_117_hot.png
train,hot,72,072.png,aug,aug_train_118,aug_train_118_hot.png
train,hot,73,073.png,aug,aug_train_119,aug_train_119_hot.png
train,hot,74,074.png,aug,aug_train_12,aug_train_12_hot.png
train,hot,75,075.png,aug,aug_train_120,aug_train_120_hot.png
train,hot,76,076.png,aug,aug_train_121,aug_train_121_hot.png
train,hot,77,077.png,aug,aug_train_122,aug_train_122_hot.png
train,hot,78,078.png,aug,aug_train_123,aug_train_123_hot.png
train,hot,79,079.png,aug,aug_train_124,aug_train_124_hot.png
train,hot,80,080.png,aug,aug_train_125,aug_train_125_hot.png
train,hot,81,081.png,aug,aug_train_126,aug_train_126_hot.png
train,hot,82,082.png,aug,aug_train_127,aug_train_127_hot.png
train,hot,83,083.png,aug,aug_train_128,aug_train_128_hot.png
train,hot,84,084.png,aug,aug_train_129,aug_train_129_hot.png
train,hot,85,085.png,aug,aug_train_13,aug_train_13_hot.png
train,hot,86,086.png,aug,aug_train_130,aug_train_130_hot.png
train,hot,87,087.png,aug,aug_train_131,aug_train_131_hot.png
train,hot,88,088.png,aug,aug_train_132,aug_train_132_hot.png
train,hot,89,089.png,aug,aug_train_133,aug_train_133_hot.png
train,hot,90,090.png,aug,aug_train_134,aug_train_134_hot.png
train,hot,91,091.png,aug,aug_train_135,aug_train_135_hot.png
train,hot,92,092.png,aug,aug_train_136,aug_train_136_hot.png
train,hot,93,093.png,aug,aug_train_137,aug_train_137_hot.png
train,hot,94,094.png,aug,aug_train_138,aug_train_138_hot.png
train,hot,95,095.png,aug,aug_train_139,aug_train_139_hot.png
train,hot,96,096.png,aug,aug_train_14,aug_train_14_hot.png
train,hot,97,097.png,aug,aug_train_140,aug_train_140_hot.png
train,hot,98,098.png,aug,aug_train_141,aug_train_141_hot.png
train,hot,99,099.png,aug,aug_train_142,aug_train_142_hot.png
train,hot,100,100.png,aug,aug_train_143,aug_train_143_hot.png
train,hot,101,101.png,aug,aug_train_144,aug_train_144_hot.png
train,hot,102,102.png,aug,aug_train_145,aug_train_145_hot.png
train,hot,103,103.png,aug,aug_train_146,aug_train_146_hot.png
train,hot,104,104.png,aug,aug_train_147,aug_train_147_hot.png
train,hot,105,105.png,aug,aug_train_148,aug_train_148_hot.png
train,hot,106,106.png,aug,aug_train_149,aug_train_149_hot.png
train,hot,107,107.png,aug,aug_train_15,aug_train_15_hot.png
train,hot,108,108.png,aug,aug_train_150,aug_train_150_hot.png
train,hot,109,109.png,aug,aug_train_151,aug_train_151_hot.png
train,hot,110,110.png,aug,aug_train_152,aug_train_152_hot.png
train,hot,111,111.png,aug,aug_train_153,aug_train_153_hot.png
train,hot,112,112.png,aug,aug_train_154,aug_train_154_hot.png
train,hot,113,113.png,aug,aug_train_155,aug_train_155_hot.png
train,hot,114,114.png,aug,aug_train_156,aug_train_156_hot.png
train,hot,115,115.png,aug,aug_train_157,aug_train_157_hot.png
train,hot,116,116.png,aug,aug_train_158,aug_train_158_hot.png
train,hot,117,117.png,aug,aug_train_159,aug_train_159_hot.png
train,hot,118,118.png,aug,aug_train_16,aug_train_16_hot.png
train,hot,119,119.png,aug,aug_train_160,aug_train_160_hot.png
train,hot,120,120.png,aug,aug_train_161,aug_train_161_hot.png
train,hot,121,121.png,aug,aug_train_162,aug_train_162_hot.png
train,hot,122,122.png,aug,aug_train_163,aug_train_163_hot.png
train,hot,123,123.png,aug,aug_train_164,aug_train_164_hot.png
train,hot,124,124.png,aug,aug_train_165,aug_train_165_hot.png
train,hot,125,125.png,aug,aug_train_166,aug_train_166_hot.png
train,hot,126,126.png,aug,aug_train_167,aug_train_167_hot.png
train,hot,127,127.png,aug,aug_train_168,aug_train_168_hot.png
train,hot,128,128.png,aug,aug_train_169,aug_train_169_hot.png
train,hot,129,129.png,aug,aug_train_17,aug_train_17_hot.png
train,hot,130,130.png,aug,aug_train_170,aug_train_170_hot.png
train,hot,131,131.png,aug,aug_train_171,aug_train_171_hot.png
train,hot,132,132.png,aug,aug_train_172,aug_train_172_hot.png
train,hot,133,133.png,aug,aug_train_173,aug_train_173_hot.png
train,hot,134,134.png,aug,aug_train_174,aug_train_174_hot.png
train,hot,135,135.png,aug,aug_train_175,aug_train_175_hot.png
train,hot,136,136.png,aug,aug_train_176,aug_train_176_hot.png
train,hot,137,137.png,aug,aug_train_177,aug_train_177_hot.png
train,hot,138,138.png,aug,aug_train_178,aug_train_178_hot.png
train,hot,139,139.png,aug,aug_train_179,aug_train_179_hot.png
train,hot,140,140.png,aug,aug_train_18,aug_train_18_hot.png
train,hot,141,141.png,aug,aug_train_180,aug_train_180_hot.png
train,hot,142,142.png,aug,aug_train_181,aug_train_181_hot.png
train,hot,143,143.png,aug,aug_train_182,aug_train_182_hot.png
train,hot,144,144.png,aug,aug_train_183,aug_train_183_hot.png
train,hot,145,145.png,aug,aug_train_184,aug_train_184_hot.png
train,hot,146,146.png,aug,aug_train_185,aug_train_185_hot.png
train,hot,147,147.png,aug,aug_train_186,aug_train_186_hot.png
train,hot,148,148.png,aug,aug_train_187,aug_train_187_hot.png
train,hot,149,149.png,aug,aug_train_188,aug_train_188_hot.png
train,hot,150,150.png,aug,aug_train_189,aug_train_189_hot.png
train,hot,151,151.png,aug,aug_train_19,aug_train_19_hot.png
train,hot,152,152.png,aug,aug_train_190,aug_train_190_hot.png
train,hot,153,153.png,aug,aug_train_191,aug_train_191_hot.png
train,hot,154,154.png,aug,aug_train_192,aug_train_192_hot.png
train,hot,155,155.png,aug,aug_train_193,aug_train_193_hot.png
train,hot,156,156.png,aug,aug_train_194,aug_train_194_hot.png
train,hot,157,157.png,aug,aug_train_195,aug_train_195_hot.png
train,hot,158,158.png,aug,aug_train_196,aug_train_196_hot.png
train,hot,159,159.png,aug,aug_train_197,aug_train_197_hot.png
train,hot,160,160.png,aug,aug_train_198,aug_train_198_hot.png
train,hot,161,161.png,aug,aug_train_199,aug_train_199_hot.png
train,hot,162,162.png,aug,aug_train_20,aug_train_20_hot.png
train,hot,163,163.png,aug,aug_train_200,aug_train_200_hot.png
train,hot,164,164.png,aug,aug_train_201,aug_train_201_hot.png
train,hot,165,165.png,aug,aug_train_202,aug_train_202_hot.png
train,hot,166,166.png,aug,aug_train_203,aug_train_203_hot.png
train,hot,167,167.png,aug,aug_train_204,aug_train_204_hot.png
train,hot,168,168.png,aug,aug_train_205,aug_train_205_hot.png
train,hot,169,169.png,aug,aug_train_206,aug_train_206_hot.png
train,hot,170,170.png,aug,aug_train_207,aug_train_207_hot.png
train,hot,171,171.png,aug,aug_train_208,aug_train_208_hot.png
train,hot,172,172.png,aug,aug_train_209,aug_train_209_hot.png
train,hot,173,173.png,aug,aug_train_21,aug_train_21_hot.png
train,hot,174,174.png,aug,aug_train_210,aug_train_210_hot.png
train,hot,175,175.png,aug,aug_train_211,aug_train_211_hot.png
train,hot,176,176.png,aug,aug_train_212,aug_train_212_hot.png
train,hot,177,177.png,aug,aug_train_213,aug_train_213_hot.png
train,hot,178,178.png,aug,aug_train_214,aug_train_214_hot.png
train,hot,179,179.png,aug,aug_train_215,aug_train_215_hot.png
train,hot,180,180.png,aug,aug_train_216,aug_train_216_hot.png
train,hot,181,181.png,aug,aug_train_217,aug_train_217_hot.png
train,hot,182,182.png,aug,aug_train_218,aug_train_218_hot.png
train,hot,183,183.png,aug,aug_train_219,aug_train_219_hot.png
train,hot,184,184.png,aug,aug_train_22,aug_train_22_hot.png
train,hot,185,185.png,aug,aug_train_220,aug_train_220_hot.png
train,hot,186,186.png,aug,aug_train_221,aug_train_221_hot.png
train,hot,187,187.png,aug,aug_train_222,aug_train_222_hot.png
train,hot,188,188.png,aug,aug_train_223,aug_train_223_hot.png
train,hot,189,189.png,aug,aug_train_224,aug_train_224_hot.png
train,hot,190,190.png,aug,aug_train_225,aug_train_225_hot.png
train,hot,191,191.png,aug,aug_train_226,aug_train_226_hot.png
train,hot,192,192.png,aug,aug_train_227,aug_train_227_hot.png
train,hot,193,193.png,aug,aug_train_228,aug_train_228_hot.png
train,hot,194,194.png,aug,aug_train_229,aug_train_229_hot.png
train,hot,195,195.png,aug,aug_train_23,aug_train_23_hot.png
train,hot,196,196.png,aug,aug_train_230,aug_train_230_hot.png
train,hot,197,197.png,aug,aug_train_231,aug_train_231_hot.png
train,hot,198,198.png,aug,aug_train_232,aug_train_232_hot.png
train,hot,199,199.png,aug,aug_train_233,aug_train_233_hot.png
train,hot,200,200.png,aug,aug_train_234,aug_train_234_hot.png
train,hot,201,201.png,aug,aug_train_235,aug_train_235_hot.png
train,hot,202,202.png,aug,aug_train_236,aug_train_236_hot.png
train,hot,203,203.png,aug,aug_train_237,aug_train_237_hot.png
train,hot,204,204.png,aug,aug_train_238,aug_train_238_hot.png
train,hot,205,205.png,aug,aug_train_239,aug_train_239_hot.png
train,hot,206,206.png,aug,aug_train_24,aug_train_24_hot.png
train,hot,207,207.png,aug,aug_train_240,aug_train_240_hot.png
train,hot,208,208.png,aug,aug_train_241,aug_train_241_hot.png
train,hot,209,209.png,aug,aug_train_242,aug_train_242_hot.png
train,hot,210,210.png,aug,aug_train_243,aug_train_243_hot.png
train,hot,211,211.png,aug,aug_train_244,aug_train_244_hot.png
train,hot,212,212.png,aug,aug_train_245,aug_train_245_hot.png
train,hot,213,213.png,aug,aug_train_246,aug_train_246_hot.png
train,hot,214,214.png,aug,aug_train_247,aug_train_247_hot.png
train,hot,215,215.png,aug,aug_train_248,aug_train_248_hot.png
train,hot,216,216.png,aug,aug_train_249,aug_train_249_hot.png
train,hot,217,217.png,aug,aug_train_25,aug_train_25_hot.png
train,hot,218,218.png,aug,aug_train_250,aug_train_250_hot.png
train,hot,219,219.png,aug,aug_train_251,aug_train_251_hot.png
train,hot,220,220.png,aug,aug_train_252,aug_train_252_hot.png
train,hot,221,221.png,aug,aug_train_253,aug_train_253_hot.png
train,hot,222,222.png,aug,aug_train_254,aug_train_254_hot.png
train,hot,223,223.png,aug,aug_train_255,aug_train_255_hot.png
train,hot,224,224.png,aug,aug_train_256,aug_train_256_hot.png
train,hot,225,225.png,aug,aug_train_257,aug_train_257_hot.png
train,hot,226,226.png,aug,aug_train_258,aug_train_258_hot.png
train,hot,227,227.png,aug,aug_train_259,aug_train_259_hot.png
train,hot,228,228.png,aug,aug_train_26,aug_train_26_hot.png
train,hot,229,229.png,aug,aug_train_260,aug_train_260_hot.png
train,hot,230,230.png,aug,aug_train_261,aug_train_261_hot.png
train,hot,231,231.png,aug,aug_train_262,aug_train_262_hot.png
train,hot,232,232.png,aug,aug_train_263,aug_train_263_hot.png
train,hot,233,233.png,aug,aug_train_264,aug_train_264_hot.png
train,hot,234,234.png,aug,aug_train_265,aug_train_265_hot.png
train,hot,235,235.png,aug,aug_train_266,aug_train_266_hot.png
train,hot,236,236.png,aug,aug_train_267,aug_train_267_hot.png
train,hot,237,237.png,aug,aug_train_268,aug_train_268_hot.png
train,hot,238,238.png,aug,aug_train_269,aug_train_269_hot.png
train,hot,239,239.png,aug,aug_train_27,aug_train_27_hot.png
train,hot,240,240.png,aug,aug_train_270,aug_train_270_hot.png
train,hot,241,241.png,aug,aug_train_271,aug_train_271_hot.png
train,hot,242,242.png,aug,aug_train_272,aug_train_272_hot.png
train,hot,243,243.png,aug,aug_train_273,aug_train_273_hot.png
train,hot,244,244.png,aug,aug_train_274,aug_train_274_hot.png
train,hot,245,245.png,aug,aug_train_275,aug_train_275_hot.png
train,hot,246,246.png,aug,aug_train_276,aug_train_276_hot.png
train,hot,247,247.png,aug,aug_train_277,aug_train_277_hot.png
train,hot,248,248.png,aug,aug_train_278,aug_train_278_hot.png
train,hot,249,249.png,aug,aug_train_279,aug_train_279_hot.png
train,hot,250,250.png,aug,aug_train_28,aug_train_28_hot.png
train,hot,251,251.png,aug,aug_train_280,aug_train_280_hot.png
train,hot,252,252.png,aug,aug_train_281,aug_train_281_hot.png
train,hot,253,253.png,aug,aug_train_282,aug_train_282_hot.png
train,hot,254,254.png,aug,aug_train_283,aug_train_283_hot.png
train,hot,255,255.png,aug,aug_train_284,aug_train_284_hot.png
train,hot,256,256.png,aug,aug_train_285,aug_train_285_hot.png
train,hot,257,257.png,aug,aug_train_286,aug_train_286_hot.png
train,hot,258,258.png,aug,aug_train_287,aug_train_287_hot.png
train,hot,259,259.png,aug,aug_train_288,aug_train_288_hot.png
train,hot,260,260.png,aug,aug_train_29,aug_train_29_hot.png
train,hot,261,261.png,aug,aug_train_30,aug_train_30_hot.png
train,hot,262,262.png,aug,aug_train_31,aug_train_31_hot.png
train,hot,263,263.png,aug,aug_train_32,aug_train_32_hot.png
train,hot,264,264.png,aug,aug_train_33,aug_train_33_hot.png
train,hot,265,265.png,aug,aug_train_34,aug_train_34_hot.png
train,hot,266,266.png,aug,aug_train_35,aug_train_35_hot.png
train,hot,267,267.png,aug,aug_train_36,aug_train_36_hot.png
train,hot,268,268.png,aug,aug_train_37,aug_train_37_hot.png
train,hot,269,269.png,aug,aug_train_38,aug_train_38_hot.png
train,hot,270,270.png,aug,aug_train_39,aug_train_39_hot.png
train,hot,271,271.png,aug,aug_train_40,aug_train_40_hot.png
train,hot,272,272.png,aug,aug_train_41,aug_train_41_hot.png
train,hot,273,273.png,aug,aug_train_42,aug_train_42_hot.png
train,hot,274,274.png,aug,aug_train_43,aug_train_43_hot.png
train,hot,275,275.png,aug,aug_train_44,aug_train_44_hot.png
train,hot,276,276.png,aug,aug_train_45,aug_train_45_hot.png
train,hot,277,277.png,aug,aug_train_46,aug_train_46_hot.png
train,hot,278,278.png,aug,aug_train_47,aug_train_47_hot.png
train,hot,279,279.png,aug,aug_train_48,aug_train_48_hot.png
train,hot,280,280.png,aug,aug_train_49,aug_train_49_hot.png
train,hot,281,281.png,aug,aug_train_50,aug_train_50_hot.png
train,hot,282,282.png,aug,aug_train_51,aug_train_51_hot.png
train,hot,283,283.png,aug,aug_train_52,aug_train_52_hot.png
train,hot,284,284.png,aug,aug_train_53,aug_train_53_hot.png
train,hot,285,285.png,aug,aug_train_54,aug_train_54_hot.png
train,hot,286,286.png,aug,aug_train_55,aug_train_55_hot.png
train,hot,287,287.png,aug,aug_train_56,aug_train_56_hot.png
train,hot,288,288.png,aug,aug_train_57,aug_train_57_hot.png
train,hot,289,289.png,aug,aug_train_58,aug_train_58_hot.png
train,hot,290,290.png,aug,aug_train_59,aug_train_59_hot.png
train,hot,291,291.png,aug,aug_train_60,aug_train_60_hot.png
train,hot,292,292.png,aug,aug_train_61,aug_train_61_hot.png
train,hot,293,293.png,aug,aug_train_62,aug_train_62_hot.png
train,hot,294,294.png,aug,aug_train_63,aug_train_63_hot.png
train,hot,295,295.png,aug,aug_train_64,aug_train_64_hot.png
train,hot,296,296.png,aug,aug_train_65,aug_train_65_hot.png
train,hot,297,297.png,aug,aug_train_66,aug_train_66_hot.png
train,hot,298,298.png,aug,aug_train_67,aug_train_67_hot.png
train,hot,299,299.png,aug,aug_train_68,aug_train_68_hot.png
train,hot,300,300.png,aug,aug_train_69,aug_train_69_hot.png
train,hot,301,301.png,aug,aug_train_70,aug_train_70_hot.png
train,hot,302,302.png,aug,aug_train_71,aug_train_71_hot.png
train,hot,303,303.png,aug,aug_train_72,aug_train_72_hot.png
train,hot,304,304.png,aug,aug_train_73,aug_train_73_hot.png
train,hot,305,305.png,aug,aug_train_74,aug_train_74_hot.png
train,hot,306,306.png,aug,aug_train_75,aug_train_75_hot.png
train,hot,307,307.png,aug,aug_train_76,aug_train_76_hot.png
train,hot,308,308.png,aug,aug_train_77,aug_train_77_hot.png
train,hot,309,309.png,aug,aug_train_78,aug_train_78_hot.png
train,hot,310,310.png,aug,aug_train_79,aug_train_79_hot.png
train,hot,311,311.png,aug,aug_train_80,aug_train_80_hot.png
train,hot,312,312.png,aug,aug_train_81,aug_train_81_hot.png
train,hot,313,313.png,aug,aug_train_82,aug_train_82_hot.png
train,hot,314,314.png,aug,aug_train_83,aug_train_83_hot.png
train,hot,315,315.png,aug,aug_train_84,aug_train_84_hot.png
train,hot,316,316.png,aug,aug_train_85,aug_train_85_hot.png
train,hot,317,317.png,aug,aug_train_86,aug_train_86_hot.png
train,hot,318,318.png,aug,aug_train_87,aug_train_87_hot.png
train,hot,319,319.png,aug,aug_train_88,aug_train_88_hot.png
train,hot,320,320.png,aug,aug_train_89,aug_train_89_hot.png
train,hot,321,321.png,aug,aug_train_90,aug_train_90_hot.png
train,hot,322,322.png,aug,aug_train_91,aug_train_91_hot.png
train,hot,323,323.png,aug,aug_train_92,aug_train_92_hot.png
train,hot,324,324.png,aug,aug_train_93,aug_train_93_hot.png
train,hot,325,325.png,aug,aug_train_94,aug_train_94_hot.png
train,hot,326,326.png,aug,aug_train_95,aug_train_95_hot.png
train,hot,327,327.png,aug,aug_train_96,aug_train_96_hot.png
train,hot,328,328.png,aug,aug_train_97,aug_train_97_hot.png
train,hot,329,329.png,aug,aug_train_98,aug_train_98_hot.png
train,hot,330,330.png,aug,aug_train_99,aug_train_99_hot.png
train,jump,1,001.png,real,set_01,set_01_jump.png
train,jump,2,002.png,real,set_02,set_02_jump.png
train,jump,3,003.png,real,set_03,set_03_jump.png
train,jump,4,004.png,real,set_04,set_04_jump.png
train,jump,5,005.png,real,set_05,set_05_jump.png
train,jump,6,006.png,real,set_06,set_06_jump.png
train,jump,7,007.png,real,set_07,set_07_jump.png
train,jump,8,008.png,real,set_08,set_08_jump.png
train,jump,9,009.png,real,set_12,set_12_jump.png
train,jump,10,010.png,real,set_13,set_13_jump.png
train,jump,11,011.png,real,set_14,set_14_jump.png
train,jump,12,012.png,real,set_16,set_16_jump.png
train,jump,13,013.png,real,set_17,set_17_jump.png
train,jump,14,014.png,real,set_19,set_19_jump.png
train,jump,15,015.png,real,set_20,set_20_jump.png
train,jump,16,016.png,real,set_21,set_21_jump.png
train,jump,17,017.png,real,set_22,set_22_jump.png
train,jump,18,018.png,real,set_24,set_24_jump.png
train,jump,19,019.png,real,set_25,set_25_jump.png
train,jump,20,020.png,real,set_28,set_28_jump.png
train,jump,21,021.png,real,set_29,set_29_jump.png
train,jump,22,022.png,real,set_31,set_31_jump.png
train,jump,23,023.png,real,set_32,set_32_jump.png
train,jump,24,024.png,real,set_33,set_33_jump.png
train,jump,25,025.png,real,set_35,set_35_jump.png
train,jump,26,026.png,real,set_37,set_37_jump.png
train,jump,27,027.png,real,set_38,set_38_jump.png
train,jump,28,028.png,real,set_39,set_39_jump.png
train,jump,29,029.png,real,set_40,set_40_jump.png
train,jump,30,030.png,real,set_42,set_42_jump.png
train,jump,31,031.png,real,set_43,set_43_jump.png
train,jump,32,032.png,real,set_45,set_45_jump.png
train,jump,33,033.png,real,set_46,set_46_jump.png
train,jump,34,034.png,real,set_47,set_47_jump.png
train,jump,35,035.png,real,set_48,set_48_jump.png
train,jump,36,036.png,real,set_49,set_49_jump.png
train,jump,37,037.png,real,set_52,set_52_jump.png
train,jump,38,038.png,real,set_54,set_54_jump.png
train,jump,39,039.png,real,set_55,set_55_jump.png
train,jump,40,040.png,real,set_56,set_56_jump.png
train,jump,41,041.png,real,set_58,set_58_jump.png
train,jump,42,042.png,real,set_59,set_59_jump.png
train,jump,43,043.png,aug,aug_train_01,aug_train_01_jump.png
train,jump,44,044.png,aug,aug_train_02,aug_train_02_jump.png
train,jump,45,045.png,aug,aug_train_03,aug_train_03_jump.png
train,jump,46,046.png,aug,aug_train_04,aug_train_04_jump.png
train,jump,47,047.png,aug,aug_train_05,aug_train_05_jump.png
train,jump,48,048.png,aug,aug_train_06,aug_train_06_jump.png
train,jump,49,049.png,aug,aug_train_07,aug_train_07_jump.png
train,jump,50,050.png,aug,aug_train_08,aug_train_08_jump.png
train,jump,51,051.png,aug,aug_train_09,aug_train_09_jump.png
train,jump,52,052.png,aug,aug_train_10,aug_train_10_jump.png
train,jump,53,053.png,aug,aug_train_100,aug_train_100_jump.png
train,jump,54,054.png,aug,aug_train_101,aug_train_101_jump.png
train,jump,55,055.png,aug,aug_train_102,aug_train_102_jump.png
train,jump,56,056.png,aug,aug_train_103,aug_train_103_jump.png
train,jump,57,057.png,aug,aug_train_104,aug_train_104_jump.png
train,jump,58,058.png,aug,aug_train_105,aug_train_105_jump.png
train,jump,59,059.png,aug,aug_train_106,aug_train_106_jump.png
train,jump,60,060.png,aug,aug_train_107,aug_train_107_jump.png
train,jump,61,061.png,aug,aug_train_108,aug_train_108_jump.png
train,jump,62,062.png,aug,aug_train_109,aug_train_109_jump.png
train,jump,63,063.png,aug,aug_train_11,aug_train_11_jump.png
train,jump,64,064.png,aug,aug_train_110,aug_train_110_jump.png
train,jump,65,065.png,aug,aug_train_111,aug_train_111_jump.png
train,jump,66,066.png,aug,aug_train_112,aug_train_112_jump.png
train,jump,67,067.png,aug,aug_train_113,aug_train_113_jump.png
train,jump,68,068.png,aug,aug_train_114,aug_train_114_jump.png
train,jump,69,069.png,aug,aug_train_115,aug_train_115_jump.png
train,jump,70,070.png,aug,aug_train_116,aug_train_116_jump.png
train,jump,71,071.png,aug,aug_train_117,aug_train_117_jump.png
train,jump,72,072.png,aug,aug_train_118,aug_train_118_jump.png
train,jump,73,073.png,aug,aug_train_119,aug_train_119_jump.png
train,jump,74,074.png,aug,aug_train_12,aug_train_12_jump.png
train,jump,75,075.png,aug,aug_train_120,aug_train_120_jump.png
train,jump,76,076.png,aug,aug_train_121,aug_train_121_jump.png
train,jump,77,077.png,aug,aug_train_122,aug_train_122_jump.png
train,jump,78,078.png,aug,aug_train_123,aug_train_123_jump.png
train,jump,79,079.png,aug,aug_train_124,aug_train_124_jump.png
train,jump,80,080.png,aug,aug_train_125,aug_train_125_jump.png
train,jump,81,081.png,aug,aug_train_126,aug_train_126_jump.png
train,jump,82,082.png,aug,aug_train_127,aug_train_127_jump.png
train,jump,83,083.png,aug,aug_train_128,aug_train_128_jump.png
train,jump,84,084.png,aug,aug_train_129,aug_train_129_jump.png
train,jump,85,085.png,aug,aug_train_13,aug_train_13_jump.png
train,jump,86,086.png,aug,aug_train_130,aug_train_130_jump.png
train,jump,87,087.png,aug,aug_train_131,aug_train_131_jump.png
train,jump,88,088.png,aug,aug_train_132,aug_train_132_jump.png
train,jump,89,089.png,aug,aug_train_133,aug_train_133_jump.png
train,jump,90,090.png,aug,aug_train_134,aug_train_134_jump.png
train,jump,91,091.png,aug,aug_train_135,aug_train_135_jump.png
train,jump,92,092.png,aug,aug_train_136,aug_train_136_jump.png
train,jump,93,093.png,aug,aug_train_137,aug_train_137_jump.png
train,jump,94,094.png,aug,aug_train_138,aug_train_138_jump.png
train,jump,95,095.png,aug,aug_train_139,aug_train_139_jump.png
train,jump,96,096.png,aug,aug_train_14,aug_train_14_jump.png
train,jump,97,097.png,aug,aug_train_140,aug_train_140_jump.png
train,jump,98,098.png,aug,aug_train_141,aug_train_141_jump.png
train,jump,99,099.png,aug,aug_train_142,aug_train_142_jump.png
train,jump,100,100.png,aug,aug_train_143,aug_train_143_jump.png
train,jump,101,101.png,aug,aug_train_144,aug_train_144_jump.png
train,jump,102,102.png,aug,aug_train_145,aug_train_145_jump.png
train,jump,103,103.png,aug,aug_train_146,aug_train_146_jump.png
train,jump,104,104.png,aug,aug_train_147,aug_train_147_jump.png
train,jump,105,105.png,aug,aug_train_148,aug_train_148_jump.png
train,jump,106,106.png,aug,aug_train_149,aug_train_149_jump.png
train,jump,107,107.png,aug,aug_train_15,aug_train_15_jump.png
train,jump,108,108.png,aug,aug_train_150,aug_train_150_jump.png
train,jump,109,109.png,aug,aug_train_151,aug_train_151_jump.png
train,jump,110,110.png,aug,aug_train_152,aug_train_152_jump.png
train,jump,111,111.png,aug,aug_train_153,aug_train_153_jump.png
train,jump,112,112.png,aug,aug_train_154,aug_train_154_jump.png
train,jump,113,113.png,aug,aug_train_155,aug_train_155_jump.png
train,jump,114,114.png,aug,aug_train_156,aug_train_156_jump.png
train,jump,115,115.png,aug,aug_train_157,aug_train_157_jump.png
train,jump,116,116.png,aug,aug_train_158,aug_train_158_jump.png
train,jump,117,117.png,aug,aug_train_159,aug_train_159_jump.png
train,jump,118,118.png,aug,aug_train_16,aug_train_16_jump.png
train,jump,119,119.png,aug,aug_train_160,aug_train_160_jump.png
train,jump,120,120.png,aug,aug_train_161,aug_train_161_jump.png
train,jump,121,121.png,aug,aug_train_162,aug_train_162_jump.png
train,jump,122,122.png,aug,aug_train_163,aug_train_163_jump.png
train,jump,123,123.png,aug,aug_train_164,aug_train_164_jump.png
train,jump,124,124.png,aug,aug_train_165,aug_train_165_jump.png
train,jump,125,125.png,aug,aug_train_166,aug_train_166_jump.png
train,jump,126,126.png,aug,aug_train_167,aug_train_167_jump.png
train,jump,127,127.png,aug,aug_train_168,aug_train_168_jump.png
train,jump,128,128.png,aug,aug_train_169,aug_train_169_jump.png
train,jump,129,129.png,aug,aug_train_17,aug_train_17_jump.png
train,jump,130,130.png,aug,aug_train_170,aug_train_170_jump.png
train,jump,131,131.png,aug,aug_train_171,aug_train_171_jump.png
train,jump,132,132.png,aug,aug_train_172,aug_train_172_jump.png
train,jump,133,133.png,aug,aug_train_173,aug_train_173_jump.png
train,jump,134,134.png,aug,aug_train_174,aug_train_174_jump.png
train,jump,135,135.png,aug,aug_train_175,aug_train_175_jump.png
train,jump,136,136.png,aug,aug_train_176,aug_train_176_jump.png
train,jump,137,137.png,aug,aug_train_177,aug_train_177_jump.png
train,jump,138,138.png,aug,aug_train_178,aug_train_178_jump.png
train,jump,139,139.png,aug,aug_train_179,aug_train_179_jump.png
train,jump,140,140.png,aug,aug_train_18,aug_train_18_jump.png
train,jump,141,141.png,aug,aug_train_180,aug_train_180_jump.png
train,jump,142,142.png,aug,aug_train_181,aug_train_181_jump.png
train,jump,143,143.png,aug,aug_train_182,aug_train_182_jump.png
train,jump,144,144.png,aug,aug_train_183,aug_train_183_jump.png
train,jump,145,145.png,aug,aug_train_184,aug_train_184_jump.png
train,jump,146,146.png,aug,aug_train_185,aug_train_185_jump.png
train,jump,147,147.png,aug,aug_train_186,aug_train_186_jump.png
train,jump,148,148.png,aug,aug_train_187,aug_train_187_jump.png
train,jump,149,149.png,aug,aug_train_188,aug_train_188_jump.png
train,jump,150,150.png,aug,aug_train_189,aug_train_189_jump.png
train,jump,151,151.png,aug,aug_train_19,aug_train_19_jump.png
train,jump,152,152.png,aug,aug_train_190,aug_train_190_jump.png
train,jump,153,153.png,aug,aug_train_191,aug_train_191_jump.png
train,jump,154,154.png,aug,aug_train_192,aug_train_192_jump.png
train,jump,155,155.png,aug,aug_train_193,aug_train_193_jump.png
train,jump,156,156.png,aug,aug_train_194,aug_train_194_jump.png
train,jump,157,157.png,aug,aug_train_195,aug_train_195_jump.png
train,jump,158,158.png,aug,aug_train_196,aug_train_196_jump.png
train,jump,159,159.png,aug,aug_train_197,aug_train_197_jump.png
train,jump,160,160.png,aug,aug_train_198,aug_train_198_jump.png
train,jump,161,161.png,aug,aug_train_199,aug_train_199_jump.png
train,jump,162,162.png,aug,aug_train_20,aug_train_20_jump.png
train,jump,163,163.png,aug,aug_train_200,aug_train_200_jump.png
train,jump,164,164.png,aug,aug_train_201,aug_train_201_jump.png
train,jump,165,165.png,aug,aug_train_202,aug_train_202_jump.png
train,jump,166,166.png,aug,aug_train_203,aug_train_203_jump.png
train,jump,167,167.png,aug,aug_train_204,aug_train_204_jump.png
train,jump,168,168.png,aug,aug_train_205,aug_train_205_jump.png
train,jump,169,169.png,aug,aug_train_206,aug_train_206_jump.png
train,jump,170,170.png,aug,aug_train_207,aug_train_207_jump.png
train,jump,171,171.png,aug,aug_train_208,aug_train_208_jump.png
train,jump,172,172.png,aug,aug_train_209,aug_train_209_jump.png
train,jump,173,173.png,aug,aug_train_21,aug_train_21_jump.png
train,jump,174,174.png,aug,aug_train_210,aug_train_210_jump.png
train,jump,175,175.png,aug,aug_train_211,aug_train_211_jump.png
train,jump,176,176.png,aug,aug_train_212,aug_train_212_jump.png
train,jump,177,177.png,aug,aug_train_213,aug_train_213_jump.png
train,jump,178,178.png,aug,aug_train_214,aug_train_214_jump.png
train,jump,179,179.png,aug,aug_train_215,aug_train_215_jump.png
train,jump,180,180.png,aug,aug_train_216,aug_train_216_jump.png
train,jump,181,181.png,aug,aug_train_217,aug_train_217_jump.png
train,jump,182,182.png,aug,aug_train_218,aug_train_218_jump.png
train,jump,183,183.png,aug,aug_train_219,aug_train_219_jump.png
train,jump,184,184.png,aug,aug_train_22,aug_train_22_jump.png
train,jump,185,185.png,aug,aug_train_220,aug_train_220_jump.png
train,jump,186,186.png,aug,aug_train_221,aug_train_221_jump.png
train,jump,187,187.png,aug,aug_train_222,aug_train_222_jump.png
train,jump,188,188.png,aug,aug_train_223,aug_train_223_jump.png
train,jump,189,189.png,aug,aug_train_224,aug_train_224_jump.png
train,jump,190,190.png,aug,aug_train_225,aug_train_225_jump.png
train,jump,191,191.png,aug,aug_train_226,aug_train_226_jump.png
train,jump,192,192.png,aug,aug_train_227,aug_train_227_jump.png
train,jump,193,193.png,aug,aug_train_228,aug_train_228_jump.png
train,jump,194,194.png,aug,aug_train_229,aug_train_229_jump.png
train,jump,195,195.png,aug,aug_train_23,aug_train_23_jump.png
train,jump,196,196.png,aug,aug_train_230,aug_train_230_jump.png
train,jump,197,197.png,aug,aug_train_231,aug_train_231_jump.png
train,jump,198,198.png,aug,aug_train_232,aug_train_232_jump.png
train,jump,199,199.png,aug,aug_train_233,aug_train_233_jump.png
train,jump,200,200.png,aug,aug_train_234,aug_train_234_jump.png
train,jump,201,201.png,aug,aug_train_235,aug_train_235_jump.png
train,jump,202,202.png,aug,aug_train_236,aug_train_236_jump.png
train,jump,203,203.png,aug,aug_train_237,aug_train_237_jump.png
train,jump,204,204.png,aug,aug_train_238,aug_train_238_jump.png
train,jump,205,205.png,aug,aug_train_239,aug_train_239_jump.png
train,jump,206,206.png,aug,aug_train_24,aug_train_24_jump.png
train,jump,207,207.png,aug,aug_train_240,aug_train_240_jump.png
train,jump,208,208.png,aug,aug_train_241,aug_train_241_jump.png
train,jump,209,209.png,aug,aug_train_242,aug_train_242_jump.png
train,jump,210,210.png,aug,aug_train_243,aug_train_243_jump.png
train,jump,211,211.png,aug,aug_train_244,aug_train_244_jump.png
train,jump,212,212.png,aug,aug_train_245,aug_train_245_jump.png
train,jump,213,213.png,aug,aug_train_246,aug_train_246_jump.png
train,jump,214,214.png,aug,aug_train_247,aug_train_247_jump.png
train,jump,215,215.png,aug,aug_train_248,aug_train_248_jump.png
train,jump,216,216.png,aug,aug_train_249,aug_train_249_jump.png
train,jump,217,217.png,aug,aug_train_25,aug_train_25_jump.png
train,jump,218,218.png,aug,aug_train_250,aug_train_250_jump.png
train,jump,219,219.png,aug,aug_train_251,aug_train_251_jump.png
train,jump,220,220.png,aug,aug_train_252,aug_train_252_jump.png
train,jump,221,221.png,aug,aug_train_253,aug_train_253_jump.png
train,jump,222,222.png,aug,aug_train_254,aug_train_254_jump.png
train,jump,223,223.png,aug,aug_train_255,aug_train_255_jump.png
train,jump,224,224.png,aug,aug_train_256,aug_train_256_jump.png
train,jump,225,225.png,aug,aug_train_257,aug_train_257_jump.png
train,jump,226,226.png,aug,aug_train_258,aug_train_258_jump.png
train,jump,227,227.png,aug,aug_train_259,aug_train_259_jump.png
train,jump,228,228.png,aug,aug_train_26,aug_train_26_jump.png
train,jump,229,229.png,aug,aug_train_260,aug_train_260_jump.png
train,jump,230,230.png,aug,aug_train_261,aug_train_261_jump.png
train,jump,231,231.png,aug,aug_train_262,aug_train_262_jump.png
train,jump,232,232.png,aug,aug_train_263,aug_train_263_jump.png
train,jump,233,233.png,aug,aug_train_264,aug_train_264_jump.png
train,jump,234,234.png,aug,aug_train_265,aug_train_265_jump.png
train,jump,235,235.png,aug,aug_train_266,aug_train_266_jump.png
train,jump,236,236.png,aug,aug_train_267,aug_train_267_jump.png
train,jump,237,237.png,aug,aug_train_268,aug_train_268_jump.png
train,jump,238,238.png,aug,aug_train_269,aug_train_269_jump.png
train,jump,239,239.png,aug,aug_train_27,aug_train_27_jump.png
train,jump,240,240.png,aug,aug_train_270,aug_train_270_jump.png
train,jump,241,241.png,aug,aug_train_271,aug_train_271_jump.png
train,jump,242,242.png,aug,aug_train_272,aug_train_272_jump.png
train,jump,243,243.png,aug,aug_train_273,aug_train_273_jump.png
train,jump,244,244.png,aug,aug_train_274,aug_train_274_jump.png
train,jump,245,245.png,aug,aug_train_275,aug_train_275_jump.png
train,jump,246,246.png,aug,aug_train_276,aug_train_276_jump.png
train,jump,247,247.png,aug,aug_train_277,aug_train_277_jump.png
train,jump,248,248.png,aug,aug_train_278,aug_train_278_jump.png
train,jump,249,249.png,aug,aug_train_279,aug_train_279_jump.png
train,jump,250,250.png,aug,aug_train_28,aug_train_28_jump.png
train,jump,251,251.png,aug,aug_train_280,aug_train_280_jump.png
train,jump,252,252.png,aug,aug_train_281,aug_train_281_jump.png
train,jump,253,253.png,aug,aug_train_282,aug_train_282_jump.png
train,jump,254,254.png,aug,aug_train_283,aug_train_283_jump.png
train,jump,255,255.png,aug,aug_train_284,aug_train_284_jump.png
train,jump,256,256.png,aug,aug_train_285,aug_train_285_jump.png
train,jump,257,257.png,aug,aug_train_286,aug_train_286_jump.png
train,jump,258,258.png,aug,aug_train_287,aug_train_287_jump.png
train,jump,259,259.png,aug,aug_train_288,aug_train_288_jump.png
train,jump,260,260.png,aug,aug_train_29,aug_train_29_jump.png
train,jump,261,261.png,aug,aug_train_30,aug_train_30_jump.png
train,jump,262,262.png,aug,aug_train_31,aug_train_31_jump.png
train,jump,263,263.png,aug,aug_train_32,aug_train_32_jump.png
train,jump,264,264.png,aug,aug_train_33,aug_train_33_jump.png
train,jump,265,265.png,aug,aug_train_34,aug_train_34_jump.png
train,jump,266,266.png,aug,aug_train_35,aug_train_35_jump.png
train,jump,267,267.png,aug,aug_train_36,aug_train_36_jump.png
train,jump,268,268.png,aug,aug_train_37,aug_train_37_jump.png
train,jump,269,269.png,aug,aug_train_38,aug_train_38_jump.png
train,jump,270,270.png,aug,aug_train_39,aug_train_39_jump.png
train,jump,271,271.png,aug,aug_train_40,aug_train_40_jump.png
train,jump,272,272.png,aug,aug_train_41,aug_train_41_jump.png
train,jump,273,273.png,aug,aug_train_42,aug_train_42_jump.png
train,jump,274,274.png,aug,aug_train_43,aug_train_43_jump.png
train,jump,275,275.png,aug,aug_train_44,aug_train_44_jump.png
train,jump,276,276.png,aug,aug_train_45,aug_train_45_jump.png
train,jump,277,277.png,aug,aug_train_46,aug_train_46_jump.png
train,jump,278,278.png,aug,aug_train_47,aug_train_47_jump.png
train,jump,279,279.png,aug,aug_train_48,aug_train_48_jump.png
train,jump,280,280.png,aug,aug_train_49,aug_train_49_jump.png
train,jump,281,281.png,aug,aug_train_50,aug_train_50_jump.png
train,jump,282,282.png,aug,aug_train_51,aug_train_51_jump.png
train,jump,283,283.png,aug,aug_train_52,aug_train_52_jump.png
train,jump,284,284.png,aug,aug_train_53,aug_train_53_jump.png
train,jump,285,285.png,aug,aug_train_54,aug_train_54_jump.png
train,jump,286,286.png,aug,aug_train_55,aug_train_55_jump.png
train,jump,287,287.png,aug,aug_train_56,aug_train_56_jump.png
train,jump,288,288.png,aug,aug_train_57,aug_train_57_jump.png
train,jump,289,289.png,aug,aug_train_58,aug_train_58_jump.png
train,jump,290,290.png,aug,aug_train_59,aug_train_59_jump.png
train,jump,291,291.png,aug,aug_train_60,aug_train_60_jump.png
train,jump,292,292.png,aug,aug_train_61,aug_train_61_jump.png
train,jump,293,293.png,aug,aug_train_62,aug_train_62_jump.png
train,jump,294,294.png,aug,aug_train_63,aug_train_63_jump.png
train,jump,295,295.png,aug,aug_train_64,aug_train_64_jump.png
train,jump,296,296.png,aug,aug_train_65,aug_train_65_jump.png
train,jump,297,297.png,aug,aug_train_66,aug_train_66_jump.png
train,jump,298,298.png,aug,aug_train_67,aug_train_67_jump.png
train,jump,299,299.png,aug,aug_train_68,aug_train_68_jump.png
train,jump,300,300.png,aug,aug_train_69,aug_train_69_jump.png
train,jump,301,301.png,aug,aug_train_70,aug_train_70_jump.png
train,jump,302,302.png,aug,aug_train_71,aug_train_71_jump.png
train,jump,303,303.png,aug,aug_train_72,aug_train_72_jump.png
train,jump,304,304.png,aug,aug_train_73,aug_train_73_jump.png
train,jump,305,305.png,aug,aug_train_74,aug_train_74_jump.png
train,jump,306,306.png,aug,aug_train_75,aug_train_75_jump.png
train,jump,307,307.png,aug,aug_train_76,aug_train_76_jump.png
train,jump,308,308.png,aug,aug_train_77,aug_train_77_jump.png
train,jump,309,309.png,aug,aug_train_78,aug_train_78_jump.png
train,jump,310,310.png,aug,aug_train_79,aug_train_79_jump.png
train,jump,311,311.png,aug,aug_train_80,aug_train_80_jump.png
train,jump,312,312.png,aug,aug_train_81,aug_train_81_jump.png
train,jump,313,313.png,aug,aug_train_82,aug_train_82_jump.png
train,jump,314,314.png,aug,aug_train_83,aug_train_83_jump.png
train,jump,315,315.png,aug,aug_train_84,aug_train_84_jump.png
train,jump,316,316.png,aug,aug_train_85,aug_train_85_jump.png
train,jump,317,317.png,aug,aug_train_86,aug_train_86_jump.png
train,jump,318,318.png,aug,aug_train_87,aug_train_87_jump.png
train,jump,319,319.png,aug,aug_train_88,aug_train_88_jump.png
train,jump,320,320.png,aug,aug_train_89,aug_train_89_jump.png
train,jump,321,321.png,aug,aug_train_90,aug_train_90_jump.png
train,jump,322,322.png,aug,aug_train_91,aug_train_91_jump.png
train,jump,323,323.png,aug,aug_train_92,aug_train_92_jump.png
train,jump,324,324.png,aug,aug_train_93,aug_train_93_jump.png
train,jump,325,325.png,aug,aug_train_94,aug_train_94_jump.png
train,jump,326,326.png,aug,aug_train_95,aug_train_95_jump.png
train,jump,327,327.png,aug,aug_train_96,aug_train_96_jump.png
train,jump,328,328.png,aug,aug_train_97,aug_train_97_jump.png
train,jump,329,329.png,aug,aug_train_98,aug_train_98_jump.png
train,jump,330,330.png,aug,aug_train_99,aug_train_99_jump.png
train,milk,1,001.png,real,set_01,set_01_milk.png
train,milk,2,002.png,real,set_02,set_02_milk.png
train,milk,3,003.png,real,set_03,set_03_milk.png
train,milk,4,004.png,real,set_04,set_04_milk.png
train,milk,5,005.png,real,set_05,set_05_milk.png
train,milk,6,006.png,real,set_06,set_06_milk.png
train,milk,7,007.png,real,set_07,set_07_milk.png
train,milk,8,008.png,real,set_08,set_08_milk.png
train,milk,9,009.png,real,set_12,set_12_milk.png
train,milk,10,010.png,real,set_13,set_13_milk.png
train,milk,11,011.png,real,set_14,set_14_milk.png
train,milk,12,012.png,real,set_16,set_16_milk.png
train,milk,13,013.png,real,set_17,set_17_milk.png
train,milk,14,014.png,real,set_19,set_19_milk.png
train,milk,15,015.png,real,set_20,set_20_milk.png
train,milk,16,016.png,real,set_21,set_21_milk.png
train,milk,17,017.png,real,set_22,set_22_milk.png
train,milk,18,018.png,real,set_24,set_24_milk.png
train,milk,19,019.png,real,set_25,set_25_milk.png
train,milk,20,020.png,real,set_28,set_28_milk.png
train,milk,21,021.png,real,set_29,set_29_milk.png
train,milk,22,022.png,real,set_31,set_31_milk.png
train,milk,23,023.png,real,set_32,set_32_milk.png
train,milk,24,024.png,real,set_33,set_33_milk.png
train,milk,25,025.png,real,set_35,set_35_milk.png
train,milk,26,026.png,real,set_37,set_37_milk.png
train,milk,27,027.png,real,set_38,set_38_milk.png
train,milk,28,028.png,real,set_39,set_39_milk.png
train,milk,29,029.png,real,set_40,set_40_milk.png
train,milk,30,030.png,real,set_42,set_42_milk.png
train,milk,31,031.png,real,set_43,set_43_milk.png
train,milk,32,032.png,real,set_45,set_45_milk.png
train,milk,33,033.png,real,set_46,set_46_milk.png
train,milk,34,034.png,real,set_47,set_47_milk.png
train,milk,35,035.png,real,set_48,set_48_milk.png
train,milk,36,036.png,real,set_49,set_49_milk.png
train,milk,37,037.png,real,set_52,set_52_milk.png
train,milk,38,038.png,real,set_54,set_54_milk.png
train,milk,39,039.png,real,set_55,set_55_milk.png
train,milk,40,040.png,real,set_56,set_56_milk.png
train,milk,41,041.png,real,set_58,set_58_milk.png
train,milk,42,042.png,real,set_59,set_59_milk.png
train,milk,43,043.png,aug,aug_train_01,aug_train_01_milk.png
train,milk,44,044.png,aug,aug_train_02,aug_train_02_milk.png
train,milk,45,045.png,aug,aug_train_03,aug_train_03_milk.png
train,milk,46,046.png,aug,aug_train_04,aug_train_04_milk.png
train,milk,47,047.png,aug,aug_train_05,aug_train_05_milk.png
train,milk,48,048.png,aug,aug_train_06,aug_train_06_milk.png
train,milk,49,049.png,aug,aug_train_07,aug_train_07_milk.png
train,milk,50,050.png,aug,aug_train_08,aug_train_08_milk.png
train,milk,51,051.png,aug,aug_train_09,aug_train_09_milk.png
train,milk,52,052.png,aug,aug_train_10,aug_train_10_milk.png
train,milk,53,053.png,aug,aug_train_100,aug_train_100_milk.png
train,milk,54,054.png,aug,aug_train_101,aug_train_101_milk.png
train,milk,55,055.png,aug,aug_train_102,aug_train_102_milk.png
train,milk,56,056.png,aug,aug_train_103,aug_train_103_milk.png
train,milk,57,057.png,aug,aug_train_104,aug_train_104_milk.png
train,milk,58,058.png,aug,aug_train_105,aug_train_105_milk.png
train,milk,59,059.png,aug,aug_train_106,aug_train_106_milk.png
train,milk,60,060.png,aug,aug_train_107,aug_train_107_milk.png
train,milk,61,061.png,aug,aug_train_108,aug_train_108_milk.png
train,milk,62,062.png,aug,aug_train_109,aug_train_109_milk.png
train,milk,63,063.png,aug,aug_train_11,aug_train_11_milk.png
train,milk,64,064.png,aug,aug_train_110,aug_train_110_milk.png
train,milk,65,065.png,aug,aug_train_111,aug_train_111_milk.png
train,milk,66,066.png,aug,aug_train_112,aug_train_112_milk.png
train,milk,67,067.png,aug,aug_train_113,aug_train_113_milk.png
train,milk,68,068.png,aug,aug_train_114,aug_train_114_milk.png
train,milk,69,069.png,aug,aug_train_115,aug_train_115_milk.png
train,milk,70,070.png,aug,aug_train_116,aug_train_116_milk.png
train,milk,71,071.png,aug,aug_train_117,aug_train_117_milk.png
train,milk,72,072.png,aug,aug_train_118,aug_train_118_milk.png
train,milk,73,073.png,aug,aug_train_119,aug_train_119_milk.png
train,milk,74,074.png,aug,aug_train_12,aug_train_12_milk.png
train,milk,75,075.png,aug,aug_train_120,aug_train_120_milk.png
train,milk,76,076.png,aug,aug_train_121,aug_train_121_milk.png
train,milk,77,077.png,aug,aug_train_122,aug_train_122_milk.png
train,milk,78,078.png,aug,aug_train_123,aug_train_123_milk.png
train,milk,79,079.png,aug,aug_train_124,aug_train_124_milk.png
train,milk,80,080.png,aug,aug_train_125,aug_train_125_milk.png
train,milk,81,081.png,aug,aug_train_126,aug_train_126_milk.png
train,milk,82,082.png,aug,aug_train_127,aug_train_127_milk.png
train,milk,83,083.png,aug,aug_train_128,aug_train_128_milk.png
train,milk,84,084.png,aug,aug_train_129,aug_train_129_milk.png
train,milk,85,085.png,aug,aug_train_13,aug_train_13_milk.png
train,milk,86,086.png,aug,aug_train_130,aug_train_130_milk.png
train,milk,87,087.png,aug,aug_train_131,aug_train_131_milk.png
train,milk,88,088.png,aug,aug_train_132,aug_train_132_milk.png
train,milk,89,089.png,aug,aug_train_133,aug_train_133_milk.png
train,milk,90,090.png,aug,aug_train_134,aug_train_134_milk.png
train,milk,91,091.png,aug,aug_train_135,aug_train_135_milk.png
train,milk,92,092.png,aug,aug_train_136,aug_train_136_milk.png
train,milk,93,093.png,aug,aug_train_137,aug_train_137_milk.png
train,milk,94,094.png,aug,aug_train_138,aug_train_138_milk.png
train,milk,95,095.png,aug,aug_train_139,aug_train_139_milk.png
train,milk,96,096.png,aug,aug_train_14,aug_train_14_milk.png
train,milk,97,097.png,aug,aug_train_140,aug_train_140_milk.png
train,milk,98,098.png,aug,aug_train_141,aug_train_141_milk.png
train,milk,99,099.png,aug,aug_train_142,aug_train_142_milk.png
train,milk,100,100.png,aug,aug_train_143,aug_train_143_milk.png
train,milk,101,101.png,aug,aug_train_144,aug_train_144_milk.png
train,milk,102,102.png,aug,aug_train_145,aug_train_145_milk.png
train,milk,103,103.png,aug,aug_train_146,aug_train_146_milk.png
train,milk,104,104.png,aug,aug_train_147,aug_train_147_milk.png
train,milk,105,105.png,aug,aug_train_148,aug_train_148_milk.png
train,milk,106,106.png,aug,aug_train_149,aug_train_149_milk.png
train,milk,107,107.png,aug,aug_train_15,aug_train_15_milk.png
train,milk,108,108.png,aug,aug_train_150,aug_train_150_milk.png
train,milk,109,109.png,aug,aug_train_151,aug_train_151_milk.png
train,milk,110,110.png,aug,aug_train_152,aug_train_152_milk.png
train,milk,111,111.png,aug,aug_train_153,aug_train_153_milk.png
train,milk,112,112.png,aug,aug_train_154,aug_train_154_milk.png
train,milk,113,113.png,aug,aug_train_155,aug_train_155_milk.png
train,milk,114,114.png,aug,aug_train_156,aug_train_156_milk.png
train,milk,115,115.png,aug,aug_train_157,aug_train_157_milk.png
train,milk,116,116.png,aug,aug_train_158,aug_train_158_milk.png
train,milk,117,117.png,aug,aug_train_159,aug_train_159_milk.png
train,milk,118,118.png,aug,aug_train_16,aug_train_16_milk.png
train,milk,119,119.png,aug,aug_train_160,aug_train_160_milk.png
train,milk,120,120.png,aug,aug_train_161,aug_train_161_milk.png
train,milk,121,121.png,aug,aug_train_162,aug_train_162_milk.png
train,milk,122,122.png,aug,aug_train_163,aug_train_163_milk.png
train,milk,123,123.png,aug,aug_train_164,aug_train_164_milk.png
train,milk,124,124.png,aug,aug_train_165,aug_train_165_milk.png
train,milk,125,125.png,aug,aug_train_166,aug_train_166_milk.png
train,milk,126,126.png,aug,aug_train_167,aug_train_167_milk.png
train,milk,127,127.png,aug,aug_train_168,aug_train_168_milk.png
train,milk,128,128.png,aug,aug_train_169,aug_train_169_milk.png
train,milk,129,129.png,aug,aug_train_17,aug_train_17_milk.png
train,milk,130,130.png,aug,aug_train_170,aug_train_170_milk.png
train,milk,131,131.png,aug,aug_train_171,aug_train_171_milk.png
train,milk,132,132.png,aug,aug_train_172,aug_train_172_milk.png
train,milk,133,133.png,aug,aug_train_173,aug_train_173_milk.png
train,milk,134,134.png,aug,aug_train_174,aug_train_174_milk.png
train,milk,135,135.png,aug,aug_train_175,aug_train_175_milk.png
train,milk,136,136.png,aug,aug_train_176,aug_train_176_milk.png
train,milk,137,137.png,aug,aug_train_177,aug_train_177_milk.png
train,milk,138,138.png,aug,aug_train_178,aug_train_178_milk.png
train,milk,139,139.png,aug,aug_train_179,aug_train_179_milk.png
train,milk,140,140.png,aug,aug_train_18,aug_train_18_milk.png
train,milk,141,141.png,aug,aug_train_180,aug_train_180_milk.png
train,milk,142,142.png,aug,aug_train_181,aug_train_181_milk.png
train,milk,143,143.png,aug,aug_train_182,aug_train_182_milk.png
train,milk,144,144.png,aug,aug_train_183,aug_train_183_milk.png
train,milk,145,145.png,aug,aug_train_184,aug_train_184_milk.png
train,milk,146,146.png,aug,aug_train_185,aug_train_185_milk.png
train,milk,147,147.png,aug,aug_train_186,aug_train_186_milk.png
train,milk,148,148.png,aug,aug_train_187,aug_train_187_milk.png
train,milk,149,149.png,aug,aug_train_188,aug_train_188_milk.png
train,milk,150,150.png,aug,aug_train_189,aug_train_189_milk.png
train,milk,151,151.png,aug,aug_train_19,aug_train_19_milk.png
train,milk,152,152.png,aug,aug_train_190,aug_train_190_milk.png
train,milk,153,153.png,aug,aug_train_191,aug_train_191_milk.png
train,milk,154,154.png,aug,aug_train_192,aug_train_192_milk.png
train,milk,155,155.png,aug,aug_train_193,aug_train_193_milk.png
train,milk,156,156.png,aug,aug_train_194,aug_train_194_milk.png
train,milk,157,157.png,aug,aug_train_195,aug_train_195_milk.png
train,milk,158,158.png,aug,aug_train_196,aug_train_196_milk.png
train,milk,159,159.png,aug,aug_train_197,aug_train_197_milk.png
train,milk,160,160.png,aug,aug_train_198,aug_train_198_milk.png
train,milk,161,161.png,aug,aug_train_199,aug_train_199_milk.png
train,milk,162,162.png,aug,aug_train_20,aug_train_20_milk.png
train,milk,163,163.png,aug,aug_train_200,aug_train_200_milk.png
train,milk,164,164.png,aug,aug_train_201,aug_train_201_milk.png
train,milk,165,165.png,aug,aug_train_202,aug_train_202_milk.png
train,milk,166,166.png,aug,aug_train_203,aug_train_203_milk.png
train,milk,167,167.png,aug,aug_train_204,aug_train_204_milk.png
train,milk,168,168.png,aug,aug_train_205,aug_train_205_milk.png
train,milk,169,169.png,aug,aug_train_206,aug_train_206_milk.png
train,milk,170,170.png,aug,aug_train_207,aug_train_207_milk.png
train,milk,171,171.png,aug,aug_train_208,aug_train_208_milk.png
train,milk,172,172.png,aug,aug_train_209,aug_train_209_milk.png
train,milk,173,173.png,aug,aug_train_21,aug_train_21_milk.png
train,milk,174,174.png,aug,aug_train_210,aug_train_210_milk.png
train,milk,175,175.png,aug,aug_train_211,aug_train_211_milk.png
train,milk,176,176.png,aug,aug_train_212,aug_train_212_milk.png
train,milk,177,177.png,aug,aug_train_213,aug_train_213_milk.png
train,milk,178,178.png,aug,aug_train_214,aug_train_214_milk.png
train,milk,179,179.png,aug,aug_train_215,aug_train_215_milk.png
train,milk,180,180.png,aug,aug_train_216,aug_train_216_milk.png
train,milk,181,181.png,aug,aug_train_217,aug_train_217_milk.png
train,milk,182,182.png,aug,aug_train_218,aug_train_218_milk.png
train,milk,183,183.png,aug,aug_train_219,aug_train_219_milk.png
train,milk,184,184.png,aug,aug_train_22,aug_train_22_milk.png
train,milk,185,185.png,aug,aug_train_220,aug_train_220_milk.png
train,milk,186,186.png,aug,aug_train_221,aug_train_221_milk.png
train,milk,187,187.png,aug,aug_train_222,aug_train_222_milk.png
train,milk,188,188.png,aug,aug_train_223,aug_train_223_milk.png
train,milk,189,189.png,aug,aug_train_224,aug_train_224_milk.png
train,milk,190,190.png,aug,aug_train_225,aug_train_225_milk.png
train,milk,191,191.png,aug,aug_train_226,aug_train_226_milk.png
train,milk,192,192.png,aug,aug_train_227,aug_train_227_milk.png
train,milk,193,193.png,aug,aug_train_228,aug_train_228_milk.png
train,milk,194,194.png,aug,aug_train_229,aug_train_229_milk.png
train,milk,195,195.png,aug,aug_train_23,aug_train_23_milk.png
train,milk,196,196.png,aug,aug_train_230,aug_train_230_milk.png
train,milk,197,197.png,aug,aug_train_231,aug_train_231_milk.png
train,milk,198,198.png,aug,aug_train_232,aug_train_232_milk.png
train,milk,199,199.png,aug,aug_train_233,aug_train_233_milk.png
train,milk,200,200.png,aug,aug_train_234,aug_train_234_milk.png
train,milk,201,201.png,aug,aug_train_235,aug_train_235_milk.png
train,milk,202,202.png,aug,aug_train_236,aug_train_236_milk.png
train,milk,203,203.png,aug,aug_train_237,aug_train_237_milk.png
train,milk,204,204.png,aug,aug_train_238,aug_train_238_milk.png
train,milk,205,205.png,aug,aug_train_239,aug_train_239_milk.png
train,milk,206,206.png,aug,aug_train_24,aug_train_24_milk.png
train,milk,207,207.png,aug,aug_train_240,aug_train_240_milk.png
train,milk,208,208.png,aug,aug_train_241,aug_train_241_milk.png
train,milk,209,209.png,aug,aug_train_242,aug_train_242_milk.png
train,milk,210,210.png,aug,aug_train_243,aug_train_243_milk.png
train,milk,211,211.png,aug,aug_train_244,aug_train_244_milk.png
train,milk,212,212.png,aug,aug_train_245,aug_train_245_milk.png
train,milk,213,213.png,aug,aug_train_246,aug_train_246_milk.png
train,milk,214,214.png,aug,aug_train_247,aug_train_247_milk.png
train,milk,215,215.png,aug,aug_train_248,aug_train_248_milk.png
train,milk,216,216.png,aug,aug_train_249,aug_train_249_milk.png
train,milk,217,217.png,aug,aug_train_25,aug_train_25_milk.png
train,milk,218,218.png,aug,aug_train_250,aug_train_250_milk.png
train,milk,219,219.png,aug,aug_train_251,aug_train_251_milk.png
train,milk,220,220.png,aug,aug_train_252,aug_train_252_milk.png
train,milk,221,221.png,aug,aug_train_253,aug_train_253_milk.png
train,milk,222,222.png,aug,aug_train_254,aug_train_254_milk.png
train,milk,223,223.png,aug,aug_train_255,aug_train_255_milk.png
train,milk,224,224.png,aug,aug_train_256,aug_train_256_milk.png
train,milk,225,225.png,aug,aug_train_257,aug_train_257_milk.png
train,milk,226,226.png,aug,aug_train_258,aug_train_258_milk.png
train,milk,227,227.png,aug,aug_train_259,aug_train_259_milk.png
train,milk,228,228.png,aug,aug_train_26,aug_train_26_milk.png
train,milk,229,229.png,aug,aug_train_260,aug_train_260_milk.png
train,milk,230,230.png,aug,aug_train_261,aug_train_261_milk.png
train,milk,231,231.png,aug,aug_train_262,aug_train_262_milk.png
train,milk,232,232.png,aug,aug_train_263,aug_train_263_milk.png
train,milk,233,233.png,aug,aug_train_264,aug_train_264_milk.png
train,milk,234,234.png,aug,aug_train_265,aug_train_265_milk.png
train,milk,235,235.png,aug,aug_train_266,aug_train_266_milk.png
train,milk,236,236.png,aug,aug_train_267,aug_train_267_milk.png
train,milk,237,237.png,aug,aug_train_268,aug_train_268_milk.png
train,milk,238,238.png,aug,aug_train_269,aug_train_269_milk.png
train,milk,239,239.png,aug,aug_train_27,aug_train_27_milk.png
train,milk,240,240.png,aug,aug_train_270,aug_train_270_milk.png
train,milk,241,241.png,aug,aug_train_271,aug_train_271_milk.png
train,milk,242,242.png,aug,aug_train_272,aug_train_272_milk.png
train,milk,243,243.png,aug,aug_train_273,aug_train_273_milk.png
train,milk,244,244.png,aug,aug_train_274,aug_train_274_milk.png
train,milk,245,245.png,aug,aug_train_275,aug_train_275_milk.png
train,milk,246,246.png,aug,aug_train_276,aug_train_276_milk.png
train,milk,247,247.png,aug,aug_train_277,aug_train_277_milk.png
train,milk,248,248.png,aug,aug_train_278,aug_train_278_milk.png
train,milk,249,249.png,aug,aug_train_279,aug_train_279_milk.png
train,milk,250,250.png,aug,aug_train_28,aug_train_28_milk.png
train,milk,251,251.png,aug,aug_train_280,aug_train_280_milk.png
train,milk,252,252.png,aug,aug_train_281,aug_train_281_milk.png
train,milk,253,253.png,aug,aug_train_282,aug_train_282_milk.png
train,milk,254,254.png,aug,aug_train_283,aug_train_283_milk.png
train,milk,255,255.png,aug,aug_train_284,aug_train_284_milk.png
train,milk,256,256.png,aug,aug_train_285,aug_train_285_milk.png
train,milk,257,257.png,aug,aug_train_286,aug_train_286_milk.png
train,milk,258,258.png,aug,aug_train_287,aug_train_287_milk.png
train,milk,259,259.png,aug,aug_train_288,aug_train_288_milk.png
train,milk,260,260.png,aug,aug_train_29,aug_train_29_milk.png
train,milk,261,261.png,aug,aug_train_30,aug_train_30_milk.png
train,milk,262,262.png,aug,aug_train_31,aug_train_31_milk.png
train,milk,263,263.png,aug,aug_train_32,aug_train_32_milk.png
train,milk,264,264.png,aug,aug_train_33,aug_train_33_milk.png
train,milk,265,265.png,aug,aug_train_34,aug_train_34_milk.png
train,milk,266,266.png,aug,aug_train_35,aug_train_35_milk.png
train,milk,267,267.png,aug,aug_train_36,aug_train_36_milk.png
train,milk,268,268.png,aug,aug_train_37,aug_train_37_milk.png
train,milk,269,269.png,aug,aug_train_38,aug_train_38_milk.png
train,milk,270,270.png,aug,aug_train_39,aug_train_39_milk.png
train,milk,271,271.png,aug,aug_train_40,aug_train_40_milk.png
train,milk,272,272.png,aug,aug_train_41,aug_train_41_milk.png
train,milk,273,273.png,aug,aug_train_42,aug_train_42_milk.png
train,milk,274,274.png,aug,aug_train_43,aug_train_43_milk.png
train,milk,275,275.png,aug,aug_train_44,aug_train_44_milk.png
train,milk,276,276.png,aug,aug_train_45,aug_train_45_milk.png
train,milk,277,277.png,aug,aug_train_46,aug_train_46_milk.png
train,milk,278,278.png,aug,aug_train_47,aug_train_47_milk.png
train,milk,279,279.png,aug,aug_train_48,aug_train_48_milk.png
train,milk,280,280.png,aug,aug_train_49,aug_train_49_milk.png
train,milk,281,281.png,aug,aug_train_50,aug_train_50_milk.png
train,milk,282,282.png,aug,aug_train_51,aug_train_51_milk.png
train,milk,283,283.png,aug,aug_train_52,aug_train_52_milk.png
train,milk,284,284.png,aug,aug_train_53,aug_train_53_milk.png
train,milk,285,285.png,aug,aug_train_54,aug_train_54_milk.png
train,milk,286,286.png,aug,aug_train_55,aug_train_55_milk.png
train,milk,287,287.png,aug,aug_train_56,aug_train_56_milk.png
train,milk,288,288.png,aug,aug_train_57,aug_train_57_milk.png
train,milk,289,289.png,aug,aug_train_58,aug_train_58_milk.png
train,milk,290,290.png,aug,aug_train_59,aug_train_59_milk.png
train,milk,291,291.png,aug,aug_train_60,aug_train_60_milk.png
train,milk,292,292.png,aug,aug_train_61,aug_train_61_milk.png
train,milk,293,293.png,aug,aug_train_62,aug_train_62_milk.png
train,milk,294,294.png,aug,aug_train_63,aug_train_63_milk.png
train,milk,295,295.png,aug,aug_train_64,aug_train_64_milk.png
train,milk,296,296.png,aug,aug_train_65,aug_train_65_milk.png
train,milk,297,297.png,aug,aug_train_66,aug_train_66_milk.png
train,milk,298,298.png,aug,aug_train_67,aug_train_67_milk.png
train,milk,299,299.png,aug,aug_train_68,aug_train_68_milk.png
train,milk,300,300.png,aug,aug_train_69,aug_train_69_milk.png
train,milk,301,301.png,aug,aug_train_70,aug_train_70_milk.png
train,milk,302,302.png,aug,aug_train_71,aug_train_71_milk.png
train,milk,303,303.png,aug,aug_train_72,aug_train_72_milk.png
train,milk,304,304.png,aug,aug_train_73,aug_train_73_milk.png
train,milk,305,305.png,aug,aug_train_74,aug_train_74_milk.png
train,milk,306,306.png,aug,aug_train_75,aug_train_75_milk.png
train,milk,307,307.png,aug,aug_train_76,aug_train_76_milk.png
train,milk,308,308.png,aug,aug_train_77,aug_train_77_milk.png
train,milk,309,309.png,aug,aug_train_78,aug_train_78_milk.png
train,milk,310,310.png,aug,aug_train_79,aug_train_79_milk.png
train,milk,311,311.png,aug,aug_train_80,aug_train_80_milk.png
train,milk,312,312.png,aug,aug_train_81,aug_train_81_milk.png
train,milk,313,313.png,aug,aug_train_82,aug_train_82_milk.png
train,milk,314,314.png,aug,aug_train_83,aug_train_83_milk.png
train,milk,315,315.png,aug,aug_train_84,aug_train_84_milk.png
train,milk,316,316.png,aug,aug_train_85,aug_train_85_milk.png
train,milk,317,317.png,aug,aug_train_86,aug_train_86_milk.png
train,milk,318,318.png,aug,aug_train_87,aug_train_87_milk.png
train,milk,319,319.png,aug,aug_train_88,aug_train_88_milk.png
train,milk,320,320.png,aug,aug_train_89,aug_train_89_milk.png
train,milk,321,321.png,aug,aug_train_90,aug_train_90_milk.png
train,milk,322,322.png,aug,aug_train_91,aug_train_91_milk.png
train,milk,323,323.png,aug,aug_train_92,aug_train_92_milk.png
train,milk,324,324.png,aug,aug_train_93,aug_train_93_milk.png
train,milk,325,325.png,aug,aug_train_94,aug_train_94_milk.png
train,milk,326,326.png,aug,aug_train_95,aug_train_95_milk.png
train,milk,327,327.png,aug,aug_train_96,aug_train_96_milk.png
train,milk,328,328.png,aug,aug_train_97,aug_train_97_milk.png
train,milk,329,329.png,aug,aug_train_98,aug_train_98_milk.png
train,milk,330,330.png,aug,aug_train_99,aug_train_99_milk.png
train,pen,1,001.png,real,set_01,set_01_pen.png
train,pen,2,002.png,real,set_02,set_02_pen.png
train,pen,3,003.png,real,set_03,set_03_pen.png
train,pen,4,004.png,real,set_04,set_04_pen.png
train,pen,5,005.png,real,set_05,set_05_pen.png
train,pen,6,006.png,real,set_06,set_06_pen.png
train,pen,7,007.png,real,set_07,set_07_pen.png
train,pen,8,008.png,real,set_08,set_08_pen.png
train,pen,9,009.png,real,set_12,set_12_pen.png
train,pen,10,010.png,real,set_13,set_13_pen.png
train,pen,11,011.png,real,set_14,set_14_pen.png
train,pen,12,012.png,real,set_16,set_16_pen.png
train,pen,13,013.png,real,set_17,set_17_pen.png
train,pen,14,014.png,real,set_19,set_19_pen.png
train,pen,15,015.png,real,set_20,set_20_pen.png
train,pen,16,016.png,real,set_21,set_21_pen.png
train,pen,17,017.png,real,set_22,set_22_pen.png
train,pen,18,018.png,real,set_24,set_24_pen.png
train,pen,19,019.png,real,set_25,set_25_pen.png
train,pen,20,020.png,real,set_28,set_28_pen.png
train,pen,21,021.png,real,set_29,set_29_pen.png
train,pen,22,022.png,real,set_31,set_31_pen.png
train,pen,23,023.png,real,set_32,set_32_pen.png
train,pen,24,024.png,real,set_33,set_33_pen.png
train,pen,25,025.png,real,set_35,set_35_pen.png
train,pen,26,026.png,real,set_37,set_37_pen.png
train,pen,27,027.png,real,set_38,set_38_pen.png
train,pen,28,028.png,real,set_39,set_39_pen.png
train,pen,29,029.png,real,set_40,set_40_pen.png
train,pen,30,030.png,real,set_42,set_42_pen.png
train,pen,31,031.png,real,set_43,set_43_pen.png
train,pen,32,032.png,real,set_45,set_45_pen.png
train,pen,33,033.png,real,set_46,set_46_pen.png
train,pen,34,034.png,real,set_47,set_47_pen.png
train,pen,35,035.png,real,set_48,set_48_pen.png
train,pen,36,036.png,real,set_49,set_49_pen.png
train,pen,37,037.png,real,set_52,set_52_pen.png
train,pen,38,038.png,real,set_54,set_54_pen.png
train,pen,39,039.png,real,set_55,set_55_pen.png
train,pen,40,040.png,real,set_56,set_56_pen.png
train,pen,41,041.png,real,set_58,set_58_pen.png
train,pen,42,042.png,real,set_59,set_59_pen.png
train,pen,43,043.png,aug,aug_train_01,aug_train_01_pen.png
train,pen,44,044.png,aug,aug_train_02,aug_train_02_pen.png
train,pen,45,045.png,aug,aug_train_03,aug_train_03_pen.png
train,pen,46,046.png,aug,aug_train_04,aug_train_04_pen.png
train,pen,47,047.png,aug,aug_train_05,aug_train_05_pen.png
train,pen,48,048.png,aug,aug_train_06,aug_train_06_pen.png
train,pen,49,049.png,aug,aug_train_07,aug_train_07_pen.png
train,pen,50,050.png,aug,aug_train_08,aug_train_08_pen.png
train,pen,51,051.png,aug,aug_train_09,aug_train_09_pen.png
train,pen,52,052.png,aug,aug_train_10,aug_train_10_pen.png
train,pen,53,053.png,aug,aug_train_100,aug_train_100_pen.png
train,pen,54,054.png,aug,aug_train_101,aug_train_101_pen.png
train,pen,55,055.png,aug,aug_train_102,aug_train_102_pen.png
train,pen,56,056.png,aug,aug_train_103,aug_train_103_pen.png
train,pen,57,057.png,aug,aug_train_104,aug_train_104_pen.png
train,pen,58,058.png,aug,aug_train_105,aug_train_105_pen.png
train,pen,59,059.png,aug,aug_train_106,aug_train_106_pen.png
train,pen,60,060.png,aug,aug_train_107,aug_train_107_pen.png
train,pen,61,061.png,aug,aug_train_108,aug_train_108_pen.png
train,pen,62,062.png,aug,aug_train_109,aug_train_109_pen.png
train,pen,63,063.png,aug,aug_train_11,aug_train_11_pen.png
train,pen,64,064.png,aug,aug_train_110,aug_train_110_pen.png
train,pen,65,065.png,aug,aug_train_111,aug_train_111_pen.png
train,pen,66,066.png,aug,aug_train_112,aug_train_112_pen.png
train,pen,67,067.png,aug,aug_train_113,aug_train_113_pen.png
train,pen,68,068.png,aug,aug_train_114,aug_train_114_pen.png
train,pen,69,069.png,aug,aug_train_115,aug_train_115_pen.png
train,pen,70,070.png,aug,aug_train_116,aug_train_116_pen.png
train,pen,71,071.png,aug,aug_train_117,aug_train_117_pen.png
train,pen,72,072.png,aug,aug_train_118,aug_train_118_pen.png
train,pen,73,073.png,aug,aug_train_119,aug_train_119_pen.png
train,pen,74,074.png,aug,aug_train_12,aug_train_12_pen.png
train,pen,75,075.png,aug,aug_train_120,aug_train_120_pen.png
train,pen,76,076.png,aug,aug_train_121,aug_train_121_pen.png
train,pen,77,077.png,aug,aug_train_122,aug_train_122_pen.png
train,pen,78,078.png,aug,aug_train_123,aug_train_123_pen.png
train,pen,79,079.png,aug,aug_train_124,aug_train_124_pen.png
train,pen,80,080.png,aug,aug_train_125,aug_train_125_pen.png
train,pen,81,081.png,aug,aug_train_126,aug_train_126_pen.png
train,pen,82,082.png,aug,aug_train_127,aug_train_127_pen.png
train,pen,83,083.png,aug,aug_train_128,aug_train_128_pen.png
train,pen,84,084.png,aug,aug_train_129,aug_train_129_pen.png
train,pen,85,085.png,aug,aug_train_13,aug_train_13_pen.png
train,pen,86,086.png,aug,aug_train_130,aug_train_130_pen.png
train,pen,87,087.png,aug,aug_train_131,aug_train_131_pen.png
train,pen,88,088.png,aug,aug_train_132,aug_train_132_pen.png
train,pen,89,089.png,aug,aug_train_133,aug_train_133_pen.png
train,pen,90,090.png,aug,aug_train_134,aug_train_134_pen.png
train,pen,91,091.png,aug,aug_train_135,aug_train_135_pen.png
train,pen,92,092.png,aug,aug_train_136,aug_train_136_pen.png
train,pen,93,093.png,aug,aug_train_137,aug_train_137_pen.png
train,pen,94,094.png,aug,aug_train_138,aug_train_138_pen.png
train,pen,95,095.png,aug,aug_train_139,aug_train_139_pen.png
train,pen,96,096.png,aug,aug_train_14,aug_train_14_pen.png
train,pen,97,097.png,aug,aug_train_140,aug_train_140_pen.png
train,pen,98,098.png,aug,aug_train_141,aug_train_141_pen.png
train,pen,99,099.png,aug,aug_train_142,aug_train_142_pen.png
train,pen,100,100.png,aug,aug_train_143,aug_train_143_pen.png
train,pen,101,101.png,aug,aug_train_144,aug_train_144_pen.png
train,pen,102,102.png,aug,aug_train_145,aug_train_145_pen.png
train,pen,103,103.png,aug,aug_train_146,aug_train_146_pen.png
train,pen,104,104.png,aug,aug_train_147,aug_train_147_pen.png
train,pen,105,105.png,aug,aug_train_148,aug_train_148_pen.png
train,pen,106,106.png,aug,aug_train_149,aug_train_149_pen.png
train,pen,107,107.png,aug,aug_train_15,aug_train_15_pen.png
train,pen,108,108.png,aug,aug_train_150,aug_train_150_pen.png
train,pen,109,109.png,aug,aug_train_151,aug_train_151_pen.png
train,pen,110,110.png,aug,aug_train_152,aug_train_152_pen.png
train,pen,111,111.png,aug,aug_train_153,aug_train_153_pen.png
train,pen,112,112.png,aug,aug_train_154,aug_train_154_pen.png
train,pen,113,113.png,aug,aug_train_155,aug_train_155_pen.png
train,pen,114,114.png,aug,aug_train_156,aug_train_156_pen.png
train,pen,115,115.png,aug,aug_train_157,aug_train_157_pen.png
train,pen,116,116.png,aug,aug_train_158,aug_train_158_pen.png
train,pen,117,117.png,aug,aug_train_159,aug_train_159_pen.png
train,pen,118,118.png,aug,aug_train_16,aug_train_16_pen.png
train,pen,119,119.png,aug,aug_train_160,aug_train_160_pen.png
train,pen,120,120.png,aug,aug_train_161,aug_train_161_pen.png
train,pen,121,121.png,aug,aug_train_162,aug_train_162_pen.png
train,pen,122,122.png,aug,aug_train_163,aug_train_163_pen.png
train,pen,123,123.png,aug,aug_train_164,aug_train_164_pen.png
train,pen,124,124.png,aug,aug_train_165,aug_train_165_pen.png
train,pen,125,125.png,aug,aug_train_166,aug_train_166_pen.png
train,pen,126,126.png,aug,aug_train_167,aug_train_167_pen.png
train,pen,127,127.png,aug,aug_train_168,aug_train_168_pen.png
train,pen,128,128.png,aug,aug_train_169,aug_train_169_pen.png
train,pen,129,129.png,aug,aug_train_17,aug_train_17_pen.png
train,pen,130,130.png,aug,aug_train_170,aug_train_170_pen.png
train,pen,131,131.png,aug,aug_train_171,aug_train_171_pen.png
train,pen,132,132.png,aug,aug_train_172,aug_train_172_pen.png
train,pen,133,133.png,aug,aug_train_173,aug_train_173_pen.png
train,pen,134,134.png,aug,aug_train_174,aug_train_174_pen.png
train,pen,135,135.png,aug,aug_train_175,aug_train_175_pen.png
train,pen,136,136.png,aug,aug_train_176,aug_train_176_pen.png
train,pen,137,137.png,aug,aug_train_177,aug_train_177_pen.png
train,pen,138,138.png,aug,aug_train_178,aug_train_178_pen.png
train,pen,139,139.png,aug,aug_train_179,aug_train_179_pen.png
train,pen,140,140.png,aug,aug_train_18,aug_train_18_pen.png
train,pen,141,141.png,aug,aug_train_180,aug_train_180_pen.png
train,pen,142,142.png,aug,aug_train_181,aug_train_181_pen.png
train,pen,143,143.png,aug,aug_train_182,aug_train_182_pen.png
train,pen,144,144.png,aug,aug_train_183,aug_train_183_pen.png
train,pen,145,145.png,aug,aug_train_184,aug_train_184_pen.png
train,pen,146,146.png,aug,aug_train_185,aug_train_185_pen.png
train,pen,147,147.png,aug,aug_train_186,aug_train_186_pen.png
train,pen,148,148.png,aug,aug_train_187,aug_train_187_pen.png
train,pen,149,149.png,aug,aug_train_188,aug_train_188_pen.png
train,pen,150,150.png,aug,aug_train_189,aug_train_189_pen.png
train,pen,151,151.png,aug,aug_train_19,aug_train_19_pen.png
train,pen,152,152.png,aug,aug_train_190,aug_train_190_pen.png
train,pen,153,153.png,aug,aug_train_191,aug_train_191_pen.png
train,pen,154,154.png,aug,aug_train_192,aug_train_192_pen.png
train,pen,155,155.png,aug,aug_train_193,aug_train_193_pen.png
train,pen,156,156.png,aug,aug_train_194,aug_train_194_pen.png
train,pen,157,157.png,aug,aug_train_195,aug_train_195_pen.png
train,pen,158,158.png,aug,aug_train_196,aug_train_196_pen.png
train,pen,159,159.png,aug,aug_train_197,aug_train_197_pen.png
train,pen,160,160.png,aug,aug_train_198,aug_train_198_pen.png
train,pen,161,161.png,aug,aug_train_199,aug_train_199_pen.png
train,pen,162,162.png,aug,aug_train_20,aug_train_20_pen.png
train,pen,163,163.png,aug,aug_train_200,aug_train_200_pen.png
train,pen,164,164.png,aug,aug_train_201,aug_train_201_pen.png
train,pen,165,165.png,aug,aug_train_202,aug_train_202_pen.png
train,pen,166,166.png,aug,aug_train_203,aug_train_203_pen.png
train,pen,167,167.png,aug,aug_train_204,aug_train_204_pen.png
train,pen,168,168.png,aug,aug_train_205,aug_train_205_pen.png
train,pen,169,169.png,aug,aug_train_206,aug_train_206_pen.png
train,pen,170,170.png,aug,aug_train_207,aug_train_207_pen.png
train,pen,171,171.png,aug,aug_train_208,aug_train_208_pen.png
train,pen,172,172.png,aug,aug_train_209,aug_train_209_pen.png
train,pen,173,173.png,aug,aug_train_21,aug_train_21_pen.png
train,pen,174,174.png,aug,aug_train_210,aug_train_210_pen.png
train,pen,175,175.png,aug,aug_train_211,aug_train_211_pen.png
train,pen,176,176.png,aug,aug_train_212,aug_train_212_pen.png
train,pen,177,177.png,aug,aug_train_213,aug_train_213_pen.png
train,pen,178,178.png,aug,aug_train_214,aug_train_214_pen.png
train,pen,179,179.png,aug,aug_train_215,aug_train_215_pen.png
train,pen,180,180.png,aug,aug_train_216,aug_train_216_pen.png
train,pen,181,181.png,aug,aug_train_217,aug_train_217_pen.png
train,pen,182,182.png,aug,aug_train_218,aug_train_218_pen.png
train,pen,183,183.png,aug,aug_train_219,aug_train_219_pen.png
train,pen,184,184.png,aug,aug_train_22,aug_train_22_pen.png
train,pen,185,185.png,aug,aug_train_220,aug_train_220_pen.png
train,pen,186,186.png,aug,aug_train_221,aug_train_221_pen.png
train,pen,187,187.png,aug,aug_train_222,aug_train_222_pen.png
train,pen,188,188.png,aug,aug_train_223,aug_train_223_pen.png
train,pen,189,189.png,aug,aug_train_224,aug_train_224_pen.png
train,pen,190,190.png,aug,aug_train_225,aug_train_225_pen.png
train,pen,191,191.png,aug,aug_train_226,aug_train_226_pen.png
train,pen,192,192.png,aug,aug_train_227,aug_train_227_pen.png
train,pen,193,193.png,aug,aug_train_228,aug_train_228_pen.png
train,pen,194,194.png,aug,aug_train_229,aug_train_229_pen.png
train,pen,195,195.png,aug,aug_train_23,aug_train_23_pen.png
train,pen,196,196.png,aug,aug_train_230,aug_train_230_pen.png
train,pen,197,197.png,aug,aug_train_231,aug_train_231_pen.png
train,pen,198,198.png,aug,aug_train_232,aug_train_232_pen.png
train,pen,199,199.png,aug,aug_train_233,aug_train_233_pen.png
train,pen,200,200.png,aug,aug_train_234,aug_train_234_pen.png
train,pen,201,201.png,aug,aug_train_235,aug_train_235_pen.png
train,pen,202,202.png,aug,aug_train_236,aug_train_236_pen.png
train,pen,203,203.png,aug,aug_train_237,aug_train_237_pen.png
train,pen,204,204.png,aug,aug_train_238,aug_train_238_pen.png
train,pen,205,205.png,aug,aug_train_239,aug_train_239_pen.png
train,pen,206,206.png,aug,aug_train_24,aug_train_24_pen.png
train,pen,207,207.png,aug,aug_train_240,aug_train_240_pen.png
train,pen,208,208.png,aug,aug_train_241,aug_train_241_pen.png
train,pen,209,209.png,aug,aug_train_242,aug_train_242_pen.png
train,pen,210,210.png,aug,aug_train_243,aug_train_243_pen.png
train,pen,211,211.png,aug,aug_train_244,aug_train_244_pen.png
train,pen,212,212.png,aug,aug_train_245,aug_train_245_pen.png
train,pen,213,213.png,aug,aug_train_246,aug_train_246_pen.png
train,pen,214,214.png,aug,aug_train_247,aug_train_247_pen.png
train,pen,215,215.png,aug,aug_train_248,aug_train_248_pen.png
train,pen,216,216.png,aug,aug_train_249,aug_train_249_pen.png
train,pen,217,217.png,aug,aug_train_25,aug_train_25_pen.png
train,pen,218,218.png,aug,aug_train_250,aug_train_250_pen.png
train,pen,219,219.png,aug,aug_train_251,aug_train_251_pen.png
train,pen,220,220.png,aug,aug_train_252,aug_train_252_pen.png
train,pen,221,221.png,aug,aug_train_253,aug_train_253_pen.png
train,pen,222,222.png,aug,aug_train_254,aug_train_254_pen.png
train,pen,223,223.png,aug,aug_train_255,aug_train_255_pen.png
train,pen,224,224.png,aug,aug_train_256,aug_train_256_pen.png
train,pen,225,225.png,aug,aug_train_257,aug_train_257_pen.png
train,pen,226,226.png,aug,aug_train_258,aug_train_258_pen.png
train,pen,227,227.png,aug,aug_train_259,aug_train_259_pen.png
train,pen,228,228.png,aug,aug_train_26,aug_train_26_pen.png
train,pen,229,229.png,aug,aug_train_260,aug_train_260_pen.png
train,pen,230,230.png,aug,aug_train_261,aug_train_261_pen.png
train,pen,231,231.png,aug,aug_train_262,aug_train_262_pen.png
train,pen,232,232.png,aug,aug_train_263,aug_train_263_pen.png
train,pen,233,233.png,aug,aug_train_264,aug_train_264_pen.png
train,pen,234,234.png,aug,aug_train_265,aug_train_265_pen.png
train,pen,235,235.png,aug,aug_train_266,aug_train_266_pen.png
train,pen,236,236.png,aug,aug_train_267,aug_train_267_pen.png
train,pen,237,237.png,aug,aug_train_268,aug_train_268_pen.png
train,pen,238,238.png,aug,aug_train_269,aug_train_269_pen.png
train,pen,239,239.png,aug,aug_train_27,aug_train_27_pen.png
train,pen,240,240.png,aug,aug_train_270,aug_train_270_pen.png
train,pen,241,241.png,aug,aug_train_271,aug_train_271_pen.png
train,pen,242,242.png,aug,aug_train_272,aug_train_272_pen.png
train,pen,243,243.png,aug,aug_train_273,aug_train_273_pen.png
train,pen,244,244.png,aug,aug_train_274,aug_train_274_pen.png
train,pen,245,245.png,aug,aug_train_275,aug_train_275_pen.png
train,pen,246,246.png,aug,aug_train_276,aug_train_276_pen.png
train,pen,247,247.png,aug,aug_train_277,aug_train_277_pen.png
train,pen,248,248.png,aug,aug_train_278,aug_train_278_pen.png
train,pen,249,249.png,aug,aug_train_279,aug_train_279_pen.png
train,pen,250,250.png,aug,aug_train_28,aug_train_28_pen.png
train,pen,251,251.png,aug,aug_train_280,aug_train_280_pen.png
train,pen,252,252.png,aug,aug_train_281,aug_train_281_pen.png
train,pen,253,253.png,aug,aug_train_282,aug_train_282_pen.png
train,pen,254,254.png,aug,aug_train_283,aug_train_283_pen.png
train,pen,255,255.png,aug,aug_train_284,aug_train_284_pen.png
train,pen,256,256.png,aug,aug_train_285,aug_train_285_pen.png
train,pen,257,257.png,aug,aug_train_286,aug_train_286_pen.png
train,pen,258,258.png,aug,aug_train_287,aug_train_287_pen.png
train,pen,259,259.png,aug,aug_train_288,aug_train_288_pen.png
train,pen,260,260.png,aug,aug_train_29,aug_train_29_pen.png
train,pen,261,261.png,aug,aug_train_30,aug_train_30_pen.png
train,pen,262,262.png,aug,aug_train_31,aug_train_31_pen.png
train,pen,263,263.png,aug,aug_train_32,aug_train_32_pen.png
train,pen,264,264.png,aug,aug_train_33,aug_train_33_pen.png
train,pen,265,265.png,aug,aug_train_34,aug_train_34_pen.png
train,pen,266,266.png,aug,aug_train_35,aug_train_35_pen.png
train,pen,267,267.png,aug,aug_train_36,aug_train_36_pen.png
train,pen,268,268.png,aug,aug_train_37,aug_train_37_pen.png
train,pen,269,269.png,aug,aug_train_38,aug_train_38_pen.png
train,pen,270,270.png,aug,aug_train_39,aug_train_39_pen.png
train,pen,271,271.png,aug,aug_train_40,aug_train_40_pen.png
train,pen,272,272.png,aug,aug_train_41,aug_train_41_pen.png
train,pen,273,273.png,aug,aug_train_42,aug_train_42_pen.png
train,pen,274,274.png,aug,aug_train_43,aug_train_43_pen.png
train,pen,275,275.png,aug,aug_train_44,aug_train_44_pen.png
train,pen,276,276.png,aug,aug_train_45,aug_train_45_pen.png
train,pen,277,277.png,aug,aug_train_46,aug_train_46_pen.png
train,pen,278,278.png,aug,aug_train_47,aug_train_47_pen.png
train,pen,279,279.png,aug,aug_train_48,aug_train_48_pen.png
train,pen,280,280.png,aug,aug_train_49,aug_train_49_pen.png
train,pen,281,281.png,aug,aug_train_50,aug_train_50_pen.png
train,pen,282,282.png,aug,aug_train_51,aug_train_51_pen.png
train,pen,283,283.png,aug,aug_train_52,aug_train_52_pen.png
train,pen,284,284.png,aug,aug_train_53,aug_train_53_pen.png
train,pen,285,285.png,aug,aug_train_54,aug_train_54_pen.png
train,pen,286,286.png,aug,aug_train_55,aug_train_55_pen.png
train,pen,287,287.png,aug,aug_train_56,aug_train_56_pen.png
train,pen,288,288.png,aug,aug_train_57,aug_train_57_pen.png
train,pen,289,289.png,aug,aug_train_58,aug_train_58_pen.png
train,pen,290,290.png,aug,aug_train_59,aug_train_59_pen.png
train,pen,291,291.png,aug,aug_train_60,aug_train_60_pen.png
train,pen,292,292.png,aug,aug_train_61,aug_train_61_pen.png
train,pen,293,293.png,aug,aug_train_62,aug_train_62_pen.png
train,pen,294,294.png,aug,aug_train_63,aug_train_63_pen.png
train,pen,295,295.png,aug,aug_train_64,aug_train_64_pen.png
train,pen,296,296.png,aug,aug_train_65,aug_train_65_pen.png
train,pen,297,297.png,aug,aug_train_66,aug_train_66_pen.png
train,pen,298,298.png,aug,aug_train_67,aug_train_67_pen.png
train,pen,299,299.png,aug,aug_train_68,aug_train_68_pen.png
train,pen,300,300.png,aug,aug_train_69,aug_train_69_pen.png
train,pen,301,301.png,aug,aug_train_70,aug_train_70_pen.png
train,pen,302,302.png,aug,aug_train_71,aug_train_71_pen.png
train,pen,303,303.png,aug,aug_train_72,aug_train_72_pen.png
train,pen,304,304.png,aug,aug_train_73,aug_train_73_pen.png
train,pen,305,305.png,aug,aug_train_74,aug_train_74_pen.png
train,pen,306,306.png,aug,aug_train_75,aug_train_75_pen.png
train,pen,307,307.png,aug,aug_train_76,aug_train_76_pen.png
train,pen,308,308.png,aug,aug_train_77,aug_train_77_pen.png
train,pen,309,309.png,aug,aug_train_78,aug_train_78_pen.png
train,pen,310,310.png,aug,aug_train_79,aug_train_79_pen.png
train,pen,311,311.png,aug,aug_train_80,aug_train_80_pen.png
train,pen,312,312.png,aug,aug_train_81,aug_train_81_pen.png
train,pen,313,313.png,aug,aug_train_82,aug_train_82_pen.png
train,pen,314,314.png,aug,aug_train_83,aug_train_83_pen.png
train,pen,315,315.png,aug,aug_train_84,aug_train_84_pen.png
train,pen,316,316.png,aug,aug_train_85,aug_train_85_pen.png
train,pen,317,317.png,aug,aug_train_86,aug_train_86_pen.png
train,pen,318,318.png,aug,aug_train_87,aug_train_87_pen.png
train,pen,319,319.png,aug,aug_train_88,aug_train_88_pen.png
train,pen,320,320.png,aug,aug_train_89,aug_train_89_pen.png
train,pen,321,321.png,aug,aug_train_90,aug_train_90_pen.png
train,pen,322,322.png,aug,aug_train_91,aug_train_91_pen.png
train,pen,323,323.png,aug,aug_train_92,aug_train_92_pen.png
train,pen,324,324.png,aug,aug_train_93,aug_train_93_pen.png
train,pen,325,325.png,aug,aug_train_94,aug_train_94_pen.png
train,pen,326,326.png,aug,aug_train_95,aug_train_95_pen.png
train,pen,327,327.png,aug,aug_train_96,aug_train_96_pen.png
train,pen,328,328.png,aug,aug_train_97,aug_train_97_pen.png
train,pen,329,329.png,aug,aug_train_98,aug_train_98_pen.png
train,pen,330,330.png,aug,aug_train_99,aug_train_99_pen.png
train,red,1,001.png,real,set_01,set_01_red.png
train,red,2,002.png,real,set_02,set_02_red.png
train,red,3,003.png,real,set_03,set_03_red.png
train,red,4,004.png,real,set_04,set_04_red.png
train,red,5,005.png,real,set_05,set_05_red.png
train,red,6,006.png,real,set_06,set_06_red.png
train,red,7,007.png,real,set_07,set_07_red.png
train,red,8,008.png,real,set_08,set_08_red.png
train,red,9,009.png,real,set_12,set_12_red.png
train,red,10,010.png,real,set_13,set_13_red.png
train,red,11,011.png,real,set_14,set_14_red.png
train,red,12,012.png,real,set_16,set_16_red.png
train,red,13,013.png,real,set_17,set_17_red.png
train,red,14,014.png,real,set_19,set_19_red.png
train,red,15,015.png,real,set_20,set_20_red.png
train,red,16,016.png,real,set_21,set_21_red.png
train,red,17,017.png,real,set_22,set_22_red.png
train,red,18,018.png,real,set_24,set_24_red.png
train,red,19,019.png,real,set_25,set_25_red.png
train,red,20,020.png,real,set_28,set_28_red.png
train,red,21,021.png,real,set_29,set_29_red.png
train,red,22,022.png,real,set_31,set_31_red.png
train,red,23,023.png,real,set_32,set_32_red.png
train,red,24,024.png,real,set_33,set_33_red.png
train,red,25,025.png,real,set_35,set_35_red.png
train,red,26,026.png,real,set_37,set_37_red.png
train,red,27,027.png,real,set_38,set_38_red.png
train,red,28,028.png,real,set_39,set_39_red.png
train,red,29,029.png,real,set_40,set_40_red.png
train,red,30,030.png,real,set_42,set_42_red.png
train,red,31,031.png,real,set_43,set_43_red.png
train,red,32,032.png,real,set_45,set_45_red.png
train,red,33,033.png,real,set_46,set_46_red.png
train,red,34,034.png,real,set_47,set_47_red.png
train,red,35,035.png,real,set_48,set_48_red.png
train,red,36,036.png,real,set_49,set_49_red.png
train,red,37,037.png,real,set_52,set_52_red.png
train,red,38,038.png,real,set_54,set_54_red.png
train,red,39,039.png,real,set_55,set_55_red.png
train,red,40,040.png,real,set_56,set_56_red.png
train,red,41,041.png,real,set_58,set_58_red.png
train,red,42,042.png,real,set_59,set_59_red.png
train,red,43,043.png,aug,aug_train_01,aug_train_01_red.png
train,red,44,044.png,aug,aug_train_02,aug_train_02_red.png
train,red,45,045.png,aug,aug_train_03,aug_train_03_red.png
train,red,46,046.png,aug,aug_train_04,aug_train_04_red.png
train,red,47,047.png,aug,aug_train_05,aug_train_05_red.png
train,red,48,048.png,aug,aug_train_06,aug_train_06_red.png
train,red,49,049.png,aug,aug_train_07,aug_train_07_red.png
train,red,50,050.png,aug,aug_train_08,aug_train_08_red.png
train,red,51,051.png,aug,aug_train_09,aug_train_09_red.png
train,red,52,052.png,aug,aug_train_10,aug_train_10_red.png
train,red,53,053.png,aug,aug_train_100,aug_train_100_red.png
train,red,54,054.png,aug,aug_train_101,aug_train_101_red.png
train,red,55,055.png,aug,aug_train_102,aug_train_102_red.png
train,red,56,056.png,aug,aug_train_103,aug_train_103_red.png
train,red,57,057.png,aug,aug_train_104,aug_train_104_red.png
train,red,58,058.png,aug,aug_train_105,aug_train_105_red.png
train,red,59,059.png,aug,aug_train_106,aug_train_106_red.png
train,red,60,060.png,aug,aug_train_107,aug_train_107_red.png
train,red,61,061.png,aug,aug_train_108,aug_train_108_red.png
train,red,62,062.png,aug,aug_train_109,aug_train_109_red.png
train,red,63,063.png,aug,aug_train_11,aug_train_11_red.png
train,red,64,064.png,aug,aug_train_110,aug_train_110_red.png
train,red,65,065.png,aug,aug_train_111,aug_train_111_red.png
train,red,66,066.png,aug,aug_train_112,aug_train_112_red.png
train,red,67,067.png,aug,aug_train_113,aug_train_113_red.png
train,red,68,068.png,aug,aug_train_114,aug_train_114_red.png
train,red,69,069.png,aug,aug_train_115,aug_train_115_red.png
train,red,70,070.png,aug,aug_train_116,aug_train_116_red.png
train,red,71,071.png,aug,aug_train_117,aug_train_117_red.png
train,red,72,072.png,aug,aug_train_118,aug_train_118_red.png
train,red,73,073.png,aug,aug_train_119,aug_train_119_red.png
train,red,74,074.png,aug,aug_train_12,aug_train_12_red.png
train,red,75,075.png,aug,aug_train_120,aug_train_120_red.png
train,red,76,076.png,aug,aug_train_121,aug_train_121_red.png
train,red,77,077.png,aug,aug_train_122,aug_train_122_red.png
train,red,78,078.png,aug,aug_train_123,aug_train_123_red.png
train,red,79,079.png,aug,aug_train_124,aug_train_124_red.png
train,red,80,080.png,aug,aug_train_125,aug_train_125_red.png
train,red,81,081.png,aug,aug_train_126,aug_train_126_red.png
train,red,82,082.png,aug,aug_train_127,aug_train_127_red.png
train,red,83,083.png,aug,aug_train_128,aug_train_128_red.png
train,red,84,084.png,aug,aug_train_129,aug_train_129_red.png
train,red,85,085.png,aug,aug_train_13,aug_train_13_red.png
train,red,86,086.png,aug,aug_train_130,aug_train_130_red.png
train,red,87,087.png,aug,aug_train_131,aug_train_131_red.png
train,red,88,088.png,aug,aug_train_132,aug_train_132_red.png
train,red,89,089.png,aug,aug_train_133,aug_train_133_red.png
train,red,90,090.png,aug,aug_train_134,aug_train_134_red.png
train,red,91,091.png,aug,aug_train_135,aug_train_135_red.png
train,red,92,092.png,aug,aug_train_136,aug_train_136_red.png
train,red,93,093.png,aug,aug_train_137,aug_train_137_red.png
train,red,94,094.png,aug,aug_train_138,aug_train_138_red.png
train,red,95,095.png,aug,aug_train_139,aug_train_139_red.png
train,red,96,096.png,aug,aug_train_14,aug_train_14_red.png
train,red,97,097.png,aug,aug_train_140,aug_train_140_red.png
train,red,98,098.png,aug,aug_train_141,aug_train_141_red.png
train,red,99,099.png,aug,aug_train_142,aug_train_142_red.png
train,red,100,100.png,aug,aug_train_143,aug_train_143_red.png
train,red,101,101.png,aug,aug_train_144,aug_train_144_red.png
train,red,102,102.png,aug,aug_train_145,aug_train_145_red.png
train,red,103,103.png,aug,aug_train_146,aug_train_146_red.png
train,red,104,104.png,aug,aug_train_147,aug_train_147_red.png
train,red,105,105.png,aug,aug_train_148,aug_train_148_red.png
train,red,106,106.png,aug,aug_train_149,aug_train_149_red.png
train,red,107,107.png,aug,aug_train_15,aug_train_15_red.png
train,red,108,108.png,aug,aug_train_150,aug_train_150_red.png
train,red,109,109.png,aug,aug_train_151,aug_train_151_red.png
train,red,110,110.png,aug,aug_train_152,aug_train_152_red.png
train,red,111,111.png,aug,aug_train_153,aug_train_153_red.png
train,red,112,112.png,aug,aug_train_154,aug_train_154_red.png
train,red,113,113.png,aug,aug_train_155,aug_train_155_red.png
train,red,114,114.png,aug,aug_train_156,aug_train_156_red.png
train,red,115,115.png,aug,aug_train_157,aug_train_157_red.png
train,red,116,116.png,aug,aug_train_158,aug_train_158_red.png
train,red,117,117.png,aug,aug_train_159,aug_train_159_red.png
train,red,118,118.png,aug,aug_train_16,aug_train_16_red.png
train,red,119,119.png,aug,aug_train_160,aug_train_160_red.png
train,red,120,120.png,aug,aug_train_161,aug_train_161_red.png
train,red,121,121.png,aug,aug_train_162,aug_train_162_red.png
train,red,122,122.png,aug,aug_train_163,aug_train_163_red.png
train,red,123,123.png,aug,aug_train_164,aug_train_164_red.png
train,red,124,124.png,aug,aug_train_165,aug_train_165_red.png
train,red,125,125.png,aug,aug_train_166,aug_train_166_red.png
train,red,126,126.png,aug,aug_train_167,aug_train_167_red.png
train,red,127,127.png,aug,aug_train_168,aug_train_168_red.png
train,red,128,128.png,aug,aug_train_169,aug_train_169_red.png
train,red,129,129.png,aug,aug_train_17,aug_train_17_red.png
train,red,130,130.png,aug,aug_train_170,aug_train_170_red.png
train,red,131,131.png,aug,aug_train_171,aug_train_171_red.png
train,red,132,132.png,aug,aug_train_172,aug_train_172_red.png
train,red,133,133.png,aug,aug_train_173,aug_train_173_red.png
train,red,134,134.png,aug,aug_train_174,aug_train_174_red.png
train,red,135,135.png,aug,aug_train_175,aug_train_175_red.png
train,red,136,136.png,aug,aug_train_176,aug_train_176_red.png
train,red,137,137.png,aug,aug_train_177,aug_train_177_red.png
train,red,138,138.png,aug,aug_train_178,aug_train_178_red.png
train,red,139,139.png,aug,aug_train_179,aug_train_179_red.png
train,red,140,140.png,aug,aug_train_18,aug_train_18_red.png
train,red,141,141.png,aug,aug_train_180,aug_train_180_red.png
train,red,142,142.png,aug,aug_train_181,aug_train_181_red.png
train,red,143,143.png,aug,aug_train_182,aug_train_182_red.png
train,red,144,144.png,aug,aug_train_183,aug_train_183_red.png
train,red,145,145.png,aug,aug_train_184,aug_train_184_red.png
train,red,146,146.png,aug,aug_train_185,aug_train_185_red.png
train,red,147,147.png,aug,aug_train_186,aug_train_186_red.png
train,red,148,148.png,aug,aug_train_187,aug_train_187_red.png
train,red,149,149.png,aug,aug_train_188,aug_train_188_red.png
train,red,150,150.png,aug,aug_train_189,aug_train_189_red.png
train,red,151,151.png,aug,aug_train_19,aug_train_19_red.png
train,red,152,152.png,aug,aug_train_190,aug_train_190_red.png
train,red,153,153.png,aug,aug_train_191,aug_train_191_red.png
train,red,154,154.png,aug,aug_train_192,aug_train_192_red.png
train,red,155,155.png,aug,aug_train_193,aug_train_193_red.png
train,red,156,156.png,aug,aug_train_194,aug_train_194_red.png
train,red,157,157.png,aug,aug_train_195,aug_train_195_red.png
train,red,158,158.png,aug,aug_train_196,aug_train_196_red.png
train,red,159,159.png,aug,aug_train_197,aug_train_197_red.png
train,red,160,160.png,aug,aug_train_198,aug_train_198_red.png
train,red,161,161.png,aug,aug_train_199,aug_train_199_red.png
train,red,162,162.png,aug,aug_train_20,aug_train_20_red.png
train,red,163,163.png,aug,aug_train_200,aug_train_200_red.png
train,red,164,164.png,aug,aug_train_201,aug_train_201_red.png
train,red,165,165.png,aug,aug_train_202,aug_train_202_red.png
train,red,166,166.png,aug,aug_train_203,aug_train_203_red.png
train,red,167,167.png,aug,aug_train_204,aug_train_204_red.png
train,red,168,168.png,aug,aug_train_205,aug_train_205_red.png
train,red,169,169.png,aug,aug_train_206,aug_train_206_red.png
train,red,170,170.png,aug,aug_train_207,aug_train_207_red.png
train,red,171,171.png,aug,aug_train_208,aug_train_208_red.png
train,red,172,172.png,aug,aug_train_209,aug_train_209_red.png
train,red,173,173.png,aug,aug_train_21,aug_train_21_red.png
train,red,174,174.png,aug,aug_train_210,aug_train_210_red.png
train,red,175,175.png,aug,aug_train_211,aug_train_211_red.png
train,red,176,176.png,aug,aug_train_212,aug_train_212_red.png
train,red,177,177.png,aug,aug_train_213,aug_train_213_red.png
train,red,178,178.png,aug,aug_train_214,aug_train_214_red.png
train,red,179,179.png,aug,aug_train_215,aug_train_215_red.png
train,red,180,180.png,aug,aug_train_216,aug_train_216_red.png
train,red,181,181.png,aug,aug_train_217,aug_train_217_red.png
train,red,182,182.png,aug,aug_train_218,aug_train_218_red.png
train,red,183,183.png,aug,aug_train_219,aug_train_219_red.png
train,red,184,184.png,aug,aug_train_22,aug_train_22_red.png
train,red,185,185.png,aug,aug_train_220,aug_train_220_red.png
train,red,186,186.png,aug,aug_train_221,aug_train_221_red.png
train,red,187,187.png,aug,aug_train_222,aug_train_222_red.png
train,red,188,188.png,aug,aug_train_223,aug_train_223_red.png
train,red,189,189.png,aug,aug_train_224,aug_train_224_red.png
train,red,190,190.png,aug,aug_train_225,aug_train_225_red.png
train,red,191,191.png,aug,aug_train_226,aug_train_226_red.png
train,red,192,192.png,aug,aug_train_227,aug_train_227_red.png
train,red,193,193.png,aug,aug_train_228,aug_train_228_red.png
train,red,194,194.png,aug,aug_train_229,aug_train_229_red.png
train,red,195,195.png,aug,aug_train_23,aug_train_23_red.png
train,red,196,196.png,aug,aug_train_230,aug_train_230_red.png
train,red,197,197.png,aug,aug_train_231,aug_train_231_red.png
train,red,198,198.png,aug,aug_train_232,aug_train_232_red.png
train,red,199,199.png,aug,aug_train_233,aug_train_233_red.png
train,red,200,200.png,aug,aug_train_234,aug_train_234_red.png
train,red,201,201.png,aug,aug_train_235,aug_train_235_red.png
train,red,202,202.png,aug,aug_train_236,aug_train_236_red.png
train,red,203,203.png,aug,aug_train_237,aug_train_237_red.png
train,red,204,204.png,aug,aug_train_238,aug_train_238_red.png
train,red,205,205.png,aug,aug_train_239,aug_train_239_red.png
train,red,206,206.png,aug,aug_train_24,aug_train_24_red.png
train,red,207,207.png,aug,aug_train_240,aug_train_240_red.png
train,red,208,208.png,aug,aug_train_241,aug_train_241_red.png
train,red,209,209.png,aug,aug_train_242,aug_train_242_red.png
train,red,210,210.png,aug,aug_train_243,aug_train_243_red.png
train,red,211,211.png,aug,aug_train_244,aug_train_244_red.png
train,red,212,212.png,aug,aug_train_245,aug_train_245_red.png
train,red,213,213.png,aug,aug_train_246,aug_train_246_red.png
train,red,214,214.png,aug,aug_train_247,aug_train_247_red.png
train,red,215,215.png,aug,aug_train_248,aug_train_248_red.png
train,red,216,216.png,aug,aug_train_249,aug_train_249_red.png
train,red,217,217.png,aug,aug_train_25,aug_train_25_red.png
train,red,218,218.png,aug,aug_train_250,aug_train_250_red.png
train,red,219,219.png,aug,aug_train_251,aug_train_251_red.png
train,red,220,220.png,aug,aug_train_252,aug_train_252_red.png
train,red,221,221.png,aug,aug_train_253,aug_train_253_red.png
train,red,222,222.png,aug,aug_train_254,aug_train_254_red.png
train,red,223,223.png,aug,aug_train_255,aug_train_255_red.png
train,red,224,224.png,aug,aug_train_256,aug_train_256_red.png
train,red,225,225.png,aug,aug_train_257,aug_train_257_red.png
train,red,226,226.png,aug,aug_train_258,aug_train_258_red.png
train,red,227,227.png,aug,aug_train_259,aug_train_259_red.png
train,red,228,228.png,aug,aug_train_26,aug_train_26_red.png
train,red,229,229.png,aug,aug_train_260,aug_train_260_red.png
train,red,230,230.png,aug,aug_train_261,aug_train_261_red.png
train,red,231,231.png,aug,aug_train_262,aug_train_262_red.png
train,red,232,232.png,aug,aug_train_263,aug_train_263_red.png
train,red,233,233.png,aug,aug_train_264,aug_train_264_red.png
train,red,234,234.png,aug,aug_train_265,aug_train_265_red.png
train,red,235,235.png,aug,aug_train_266,aug_train_266_red.png
train,red,236,236.png,aug,aug_train_267,aug_train_267_red.png
train,red,237,237.png,aug,aug_train_268,aug_train_268_red.png
train,red,238,238.png,aug,aug_train_269,aug_train_269_red.png
train,red,239,239.png,aug,aug_train_27,aug_train_27_red.png
train,red,240,240.png,aug,aug_train_270,aug_train_270_red.png
train,red,241,241.png,aug,aug_train_271,aug_train_271_red.png
train,red,242,242.png,aug,aug_train_272,aug_train_272_red.png
train,red,243,243.png,aug,aug_train_273,aug_train_273_red.png
train,red,244,244.png,aug,aug_train_274,aug_train_274_red.png
train,red,245,245.png,aug,aug_train_275,aug_train_275_red.png
train,red,246,246.png,aug,aug_train_276,aug_train_276_red.png
train,red,247,247.png,aug,aug_train_277,aug_train_277_red.png
train,red,248,248.png,aug,aug_train_278,aug_train_278_red.png
train,red,249,249.png,aug,aug_train_279,aug_train_279_red.png
train,red,250,250.png,aug,aug_train_28,aug_train_28_red.png
train,red,251,251.png,aug,aug_train_280,aug_train_280_red.png
train,red,252,252.png,aug,aug_train_281,aug_train_281_red.png
train,red,253,253.png,aug,aug_train_282,aug_train_282_red.png
train,red,254,254.png,aug,aug_train_283,aug_train_283_red.png
train,red,255,255.png,aug,aug_train_284,aug_train_284_red.png
train,red,256,256.png,aug,aug_train_285,aug_train_285_red.png
train,red,257,257.png,aug,aug_train_286,aug_train_286_red.png
train,red,258,258.png,aug,aug_train_287,aug_train_287_red.png
train,red,259,259.png,aug,aug_train_288,aug_train_288_red.png
train,red,260,260.png,aug,aug_train_29,aug_train_29_red.png
train,red,261,261.png,aug,aug_train_30,aug_train_30_red.png
train,red,262,262.png,aug,aug_train_31,aug_train_31_red.png
train,red,263,263.png,aug,aug_train_32,aug_train_32_red.png
train,red,264,264.png,aug,aug_train_33,aug_train_33_red.png
train,red,265,265.png,aug,aug_train_34,aug_train_34_red.png
train,red,266,266.png,aug,aug_train_35,aug_train_35_red.png
train,red,267,267.png,aug,aug_train_36,aug_train_36_red.png
train,red,268,268.png,aug,aug_train_37,aug_train_37_red.png
train,red,269,269.png,aug,aug_train_38,aug_train_38_red.png
train,red,270,270.png,aug,aug_train_39,aug_train_39_red.png
train,red,271,271.png,aug,aug_train_40,aug_train_40_red.png
train,red,272,272.png,aug,aug_train_41,aug_train_41_red.png
train,red,273,273.png,aug,aug_train_42,aug_train_42_red.png
train,red,274,274.png,aug,aug_train_43,aug_train_43_red.png
train,red,275,275.png,aug,aug_train_44,aug_train_44_red.png
train,red,276,276.png,aug,aug_train_45,aug_train_45_red.png
train,red,277,277.png,aug,aug_train_46,aug_train_46_red.png
train,red,278,278.png,aug,aug_train_47,aug_train_47_red.png
train,red,279,279.png,aug,aug_train_48,aug_train_48_red.png
train,red,280,280.png,aug,aug_train_49,aug_train_49_red.png
train,red,281,281.png,aug,aug_train_50,aug_train_50_red.png
train,red,282,282.png,aug,aug_train_51,aug_train_51_red.png
train,red,283,283.png,aug,aug_train_52,aug_train_52_red.png
train,red,284,284.png,aug,aug_train_53,aug_train_53_red.png
train,red,285,285.png,aug,aug_train_54,aug_train_54_red.png
train,red,286,286.png,aug,aug_train_55,aug_train_55_red.png
train,red,287,287.png,aug,aug_train_56,aug_train_56_red.png
train,red,288,288.png,aug,aug_train_57,aug_train_57_red.png
train,red,289,289.png,aug,aug_train_58,aug_train_58_red.png
train,red,290,290.png,aug,aug_train_59,aug_train_59_red.png
train,red,291,291.png,aug,aug_train_60,aug_train_60_red.png
train,red,292,292.png,aug,aug_train_61,aug_train_61_red.png
train,red,293,293.png,aug,aug_train_62,aug_train_62_red.png
train,red,294,294.png,aug,aug_train_63,aug_train_63_red.png
train,red,295,295.png,aug,aug_train_64,aug_train_64_red.png
train,red,296,296.png,aug,aug_train_65,aug_train_65_red.png
train,red,297,297.png,aug,aug_train_66,aug_train_66_red.png
train,red,298,298.png,aug,aug_train_67,aug_train_67_red.png
train,red,299,299.png,aug,aug_train_68,aug_train_68_red.png
train,red,300,300.png,aug,aug_train_69,aug_train_69_red.png
train,red,301,301.png,aug,aug_train_70,aug_train_70_red.png
train,red,302,302.png,aug,aug_train_71,aug_train_71_red.png
train,red,303,303.png,aug,aug_train_72,aug_train_72_red.png
train,red,304,304.png,aug,aug_train_73,aug_train_73_red.png
train,red,305,305.png,aug,aug_train_74,aug_train_74_red.png
train,red,306,306.png,aug,aug_train_75,aug_train_75_red.png
train,red,307,307.png,aug,aug_train_76,aug_train_76_red.png
train,red,308,308.png,aug,aug_train_77,aug_train_77_red.png
train,red,309,309.png,aug,aug_train_78,aug_train_78_red.png
train,red,310,310.png,aug,aug_train_79,aug_train_79_red.png
train,red,311,311.png,aug,aug_train_80,aug_train_80_red.png
train,red,312,312.png,aug,aug_train_81,aug_train_81_red.png
train,red,313,313.png,aug,aug_train_82,aug_train_82_red.png
train,red,314,314.png,aug,aug_train_83,aug_train_83_red.png
train,red,315,315.png,aug,aug_train_84,aug_train_84_red.png
train,red,316,316.png,aug,aug_train_85,aug_train_85_red.png
train,red,317,317.png,aug,aug_train_86,aug_train_86_red.png
train,red,318,318.png,aug,aug_train_87,aug_train_87_red.png
train,red,319,319.png,aug,aug_train_88,aug_train_88_red.png
train,red,320,320.png,aug,aug_train_89,aug_train_89_red.png
train,red,321,321.png,aug,aug_train_90,aug_train_90_red.png
train,red,322,322.png,aug,aug_train_91,aug_train_91_red.png
train,red,323,323.png,aug,aug_train_92,aug_train_92_red.png
train,red,324,324.png,aug,aug_train_93,aug_train_93_red.png
train,red,325,325.png,aug,aug_train_94,aug_train_94_red.png
train,red,326,326.png,aug,aug_train_95,aug_train_95_red.png
train,red,327,327.png,aug,aug_train_96,aug_train_96_red.png
train,red,328,328.png,aug,aug_train_97,aug_train_97_red.png
train,red,329,329.png,aug,aug_train_98,aug_train_98_red.png
train,red,330,330.png,aug,aug_train_99,aug_train_99_red.png
validation,bat,1,001.png,real,set_09,set_09_bat.png
validation,bat,2,002.png,real,set_11,set_11_bat.png
validation,bat,3,003.png,real,set_15,set_15_bat.png
validation,bat,4,004.png,real,set_27,set_27_bat.png
validation,bat,5,005.png,real,set_36,set_36_bat.png
validation,bat,6,006.png,real,set_44,set_44_bat.png
validation,bat,7,007.png,real,set_50,set_50_bat.png
validation,bat,8,008.png,real,set_53,set_53_bat.png
validation,bat,9,009.png,real,set_57,set_57_bat.png
validation,bat,10,010.png,aug,aug_validation_01,aug_validation_01_bat.png
validation,bat,11,011.png,aug,aug_validation_02,aug_validation_02_bat.png
validation,bat,12,012.png,aug,aug_validation_03,aug_validation_03_bat.png
validation,bat,13,013.png,aug,aug_validation_04,aug_validation_04_bat.png
validation,bat,14,014.png,aug,aug_validation_05,aug_validation_05_bat.png
validation,bat,15,015.png,aug,aug_validation_06,aug_validation_06_bat.png
validation,bat,16,016.png,aug,aug_validation_07,aug_validation_07_bat.png
validation,bat,17,017.png,aug,aug_validation_08,aug_validation_08_bat.png
validation,bat,18,018.png,aug,aug_validation_09,aug_validation_09_bat.png
validation,bat,19,019.png,aug,aug_validation_10,aug_validation_10_bat.png
validation,bat,20,020.png,aug,aug_validation_11,aug_validation_11_bat.png
validation,cup,1,001.png,real,set_09,set_09_cup.png
validation,cup,2,002.png,real,set_11,set_11_cup.png
validation,cup,3,003.png,real,set_15,set_15_cup.png
validation,cup,4,004.png,real,set_27,set_27_cup.png
validation,cup,5,005.png,real,set_36,set_36_cup.png
validation,cup,6,006.png,real,set_44,set_44_cup.png
validation,cup,7,007.png,real,set_50,set_50_cup.png
validation,cup,8,008.png,real,set_53,set_53_cup.png
validation,cup,9,009.png,real,set_57,set_57_cup.png
validation,cup,10,010.png,aug,aug_validation_01,aug_validation_01_cup.png
validation,cup,11,011.png,aug,aug_validation_02,aug_validation_02_cup.png
validation,cup,12,012.png,aug,aug_validation_03,aug_validation_03_cup.png
validation,cup,13,013.png,aug,aug_validation_04,aug_validation_04_cup.png
validation,cup,14,014.png,aug,aug_validation_05,aug_validation_05_cup.png
validation,cup,15,015.png,aug,aug_validation_06,aug_validation_06_cup.png
validation,cup,16,016.png,aug,aug_validation_07,aug_validation_07_cup.png
validation,cup,17,017.png,aug,aug_validation_08,aug_validation_08_cup.png
validation,cup,18,018.png,aug,aug_validation_09,aug_validation_09_cup.png
validation,cup,19,019.png,aug,aug_validation_10,aug_validation_10_cup.png
validation,cup,20,020.png,aug,aug_validation_11,aug_validation_11_cup.png
validation,drop,1,001.png,real,set_09,set_09_drop.png
validation,drop,2,002.png,real,set_11,set_11_drop.png
validation,drop,3,003.png,real,set_15,set_15_drop.png
validation,drop,4,004.png,real,set_27,set_27_drop.png
validation,drop,5,005.png,real,set_36,set_36_drop.png
validation,drop,6,006.png,real,set_44,set_44_drop.png
validation,drop,7,007.png,real,set_50,set_50_drop.png
validation,drop,8,008.png,real,set_53,set_53_drop.png
validation,drop,9,009.png,real,set_57,set_57_drop.png
validation,drop,10,010.png,aug,aug_validation_01,aug_validation_01_drop.png
validation,drop,11,011.png,aug,aug_validation_02,aug_validation_02_drop.png
validation,drop,12,012.png,aug,aug_validation_03,aug_validation_03_drop.png
validation,drop,13,013.png,aug,aug_validation_04,aug_validation_04_drop.png
validation,drop,14,014.png,aug,aug_validation_05,aug_validation_05_drop.png
validation,drop,15,015.png,aug,aug_validation_06,aug_validation_06_drop.png
validation,drop,16,016.png,aug,aug_validation_07,aug_validation_07_drop.png
validation,drop,17,017.png,aug,aug_validation_08,aug_validation_08_drop.png
validation,drop,18,018.png,aug,aug_validation_09,aug_validation_09_drop.png
validation,drop,19,019.png,aug,aug_validation_10,aug_validation_10_drop.png
validation,drop,20,020.png,aug,aug_validation_11,aug_validation_11_drop.png
validation,eat,1,001.png,real,set_09,set_09_eat.png
validation,eat,2,002.png,real,set_11,set_11_eat.png
validation,eat,3,003.png,real,set_15,set_15_eat.png
validation,eat,4,004.png,real,set_27,set_27_eat.png
validation,eat,5,005.png,real,set_36,set_36_eat.png
validation,eat,6,006.png,real,set_44,set_44_eat.png
validation,eat,7,007.png,real,set_50,set_50_eat.png
validation,eat,8,008.png,real,set_53,set_53_eat.png
validation,eat,9,009.png,real,set_57,set_57_eat.png
validation,eat,10,010.png,aug,aug_validation_01,aug_validation_01_eat.png
validation,eat,11,011.png,aug,aug_validation_02,aug_validation_02_eat.png
validation,eat,12,012.png,aug,aug_validation_03,aug_validation_03_eat.png
validation,eat,13,013.png,aug,aug_validation_04,aug_validation_04_eat.png
validation,eat,14,014.png,aug,aug_validation_05,aug_validation_05_eat.png
validation,eat,15,015.png,aug,aug_validation_06,aug_validation_06_eat.png
validation,eat,16,016.png,aug,aug_validation_07,aug_validation_07_eat.png
validation,eat,17,017.png,aug,aug_validation_08,aug_validation_08_eat.png
validation,eat,18,018.png,aug,aug_validation_09,aug_validation_09_eat.png
validation,eat,19,019.png,aug,aug_validation_10,aug_validation_10_eat.png
validation,eat,20,020.png,aug,aug_validation_11,aug_validation_11_eat.png
validation,fish,1,001.png,real,set_09,set_09_fish.png
validation,fish,2,002.png,real,set_11,set_11_fish.png
validation,fish,3,003.png,real,set_15,set_15_fish.png
validation,fish,4,004.png,real,set_27,set_27_fish.png
validation,fish,5,005.png,real,set_36,set_36_fish.png
validation,fish,6,006.png,real,set_44,set_44_fish.png
validation,fish,7,007.png,real,set_50,set_50_fish.png
validation,fish,8,008.png,real,set_53,set_53_fish.png
validation,fish,9,009.png,real,set_57,set_57_fish.png
validation,fish,10,010.png,aug,aug_validation_01,aug_validation_01_fish.png
validation,fish,11,011.png,aug,aug_validation_02,aug_validation_02_fish.png
validation,fish,12,012.png,aug,aug_validation_03,aug_validation_03_fish.png
validation,fish,13,013.png,aug,aug_validation_04,aug_validation_04_fish.png
validation,fish,14,014.png,aug,aug_validation_05,aug_validation_05_fish.png
validation,fish,15,015.png,aug,aug_validation_06,aug_validation_06_fish.png
validation,fish,16,016.png,aug,aug_validation_07,aug_validation_07_fish.png
validation,fish,17,017.png,aug,aug_validation_08,aug_validation_08_fish.png
validation,fish,18,018.png,aug,aug_validation_09,aug_validation_09_fish.png
validation,fish,19,019.png,aug,aug_validation_10,aug_validation_10_fish.png
validation,fish,20,020.png,aug,aug_validation_11,aug_validation_11_fish.png
validation,hot,1,001.png,real,set_09,set_09_hot.png
validation,hot,2,002.png,real,set_11,set_11_hot.png
validation,hot,3,003.png,real,set_15,set_15_hot.png
validation,hot,4,004.png,real,set_27,set_27_hot.png
validation,hot,5,005.png,real,set_36,set_36_hot.png
validation,hot,6,006.png,real,set_44,set_44_hot.png
validation,hot,7,007.png,real,set_50,set_50_hot.png
validation,hot,8,008.png,real,set_53,set_53_hot.png
validation,hot,9,009.png,real,set_57,set_57_hot.png
validation,hot,10,010.png,aug,aug_validation_01,aug_validation_01_hot.png
validation,hot,11,011.png,aug,aug_validation_02,aug_validation_02_hot.png
validation,hot,12,012.png,aug,aug_validation_03,aug_validation_03_hot.png
validation,hot,13,013.png,aug,aug_validation_04,aug_validation_04_hot.png
validation,hot,14,014.png,aug,aug_validation_05,aug_validation_05_hot.png
validation,hot,15,015.png,aug,aug_validation_06,aug_validation_06_hot.png
validation,hot,16,016.png,aug,aug_validation_07,aug_validation_07_hot.png
validation,hot,17,017.png,aug,aug_validation_08,aug_validation_08_hot.png
validation,hot,18,018.png,aug,aug_validation_09,aug_validation_09_hot.png
validation,hot,19,019.png,aug,aug_validation_10,aug_validation_10_hot.png
validation,hot,20,020.png,aug,aug_validation_11,aug_validation_11_hot.png
validation,jump,1,001.png,real,set_09,set_09_jump.png
validation,jump,2,002.png,real,set_11,set_11_jump.png
validation,jump,3,003.png,real,set_15,set_15_jump.png
validation,jump,4,004.png,real,set_27,set_27_jump.png
validation,jump,5,005.png,real,set_36,set_36_jump.png
validation,jump,6,006.png,real,set_44,set_44_jump.png
validation,jump,7,007.png,real,set_50,set_50_jump.png
validation,jump,8,008.png,real,set_53,set_53_jump.png
validation,jump,9,009.png,real,set_57,set_57_jump.png
validation,jump,10,010.png,aug,aug_validation_01,aug_validation_01_jump.png
validation,jump,11,011.png,aug,aug_validation_02,aug_validation_02_jump.png
validation,jump,12,012.png,aug,aug_validation_03,aug_validation_03_jump.png
validation,jump,13,013.png,aug,aug_validation_04,aug_validation_04_jump.png
validation,jump,14,014.png,aug,aug_validation_05,aug_validation_05_jump.png
validation,jump,15,015.png,aug,aug_validation_06,aug_validation_06_jump.png
validation,jump,16,016.png,aug,aug_validation_07,aug_validation_07_jump.png
validation,jump,17,017.png,aug,aug_validation_08,aug_validation_08_jump.png
validation,jump,18,018.png,aug,aug_validation_09,aug_validation_09_jump.png
validation,jump,19,019.png,aug,aug_validation_10,aug_validation_10_jump.png
validation,jump,20,020.png,aug,aug_validation_11,aug_validation_11_jump.png
validation,milk,1,001.png,real,set_09,set_09_milk.png
validation,milk,2,002.png,real,set_11,set_11_milk.png
validation,milk,3,003.png,real,set_15,set_15_milk.png
validation,milk,4,004.png,real,set_27,set_27_milk.png
validation,milk,5,005.png,real,set_36,set_36_milk.png
validation,milk,6,006.png,real,set_44,set_44_milk.png
validation,milk,7,007.png,real,set_50,set_50_milk.png
validation,milk,8,008.png,real,set_53,set_53_milk.png
validation,milk,9,009.png,real,set_57,set_57_milk.png
validation,milk,10,010.png,aug,aug_validation_01,aug_validation_01_milk.png
validation,milk,11,011.png,aug,aug_validation_02,aug_validation_02_milk.png
validation,milk,12,012.png,aug,aug_validation_03,aug_validation_03_milk.png
validation,milk,13,013.png,aug,aug_validation_04,aug_validation_04_milk.png
validation,milk,14,014.png,aug,aug_validation_05,aug_validation_05_milk.png
validation,milk,15,015.png,aug,aug_validation_06,aug_validation_06_milk.png
validation,milk,16,016.png,aug,aug_validation_07,aug_validation_07_milk.png
validation,milk,17,017.png,aug,aug_validation_08,aug_validation_08_milk.png
validation,milk,18,018.png,aug,aug_validation_09,aug_validation_09_milk.png
validation,milk,19,019.png,aug,aug_validation_10,aug_validation_10_milk.png
validation,milk,20,020.png,aug,aug_validation_11,aug_validation_11_milk.png
validation,pen,1,001.png,real,set_09,set_09_pen.png
validation,pen,2,002.png,real,set_11,set_11_pen.png
validation,pen,3,003.png,real,set_15,set_15_pen.png
validation,pen,4,004.png,real,set_27,set_27_pen.png
validation,pen,5,005.png,real,set_36,set_36_pen.png
validation,pen,6,006.png,real,set_44,set_44_pen.png
validation,pen,7,007.png,real,set_50,set_50_pen.png
validation,pen,8,008.png,real,set_53,set_53_pen.png
validation,pen,9,009.png,real,set_57,set_57_pen.png
validation,pen,10,010.png,aug,aug_validation_01,aug_validation_01_pen.png
validation,pen,11,011.png,aug,aug_validation_02,aug_validation_02_pen.png
validation,pen,12,012.png,aug,aug_validation_03,aug_validation_03_pen.png
validation,pen,13,013.png,aug,aug_validation_04,aug_validation_04_pen.png
validation,pen,14,014.png,aug,aug_validation_05,aug_validation_05_pen.png
validation,pen,15,015.png,aug,aug_validation_06,aug_validation_06_pen.png
validation,pen,16,016.png,aug,aug_validation_07,aug_validation_07_pen.png
validation,pen,17,017.png,aug,aug_validation_08,aug_validation_08_pen.png
validation,pen,18,018.png,aug,aug_validation_09,aug_validation_09_pen.png
validation,pen,19,019.png,aug,aug_validation_10,aug_validation_10_pen.png
validation,pen,20,020.png,aug,aug_validation_11,aug_validation_11_pen.png
validation,red,1,001.png,real,set_09,set_09_red.png
validation,red,2,002.png,real,set_11,set_11_red.png
validation,red,3,003.png,real,set_15,set_15_red.png
validation,red,4,004.png,real,set_27,set_27_red.png
validation,red,5,005.png,real,set_36,set_36_red.png
validation,red,6,006.png,real,set_44,set_44_red.png
validation,red,7,007.png,real,set_50,set_50_red.png
validation,red,8,008.png,real,set_53,set_53_red.png
validation,red,9,009.png,real,set_57,set_57_red.png
validation,red,10,010.png,aug,aug_validation_01,aug_validation_01_red.png
validation,red,11,011.png,aug,aug_validation_02,aug_validation_02_red.png
validation,red,12,012.png,aug,aug_validation_03,aug_validation_03_red.png
validation,red,13,013.png,aug,aug_validation_04,aug_validation_04_red.png
validation,red,14,014.png,aug,aug_validation_05,aug_validation_05_red.png
validation,red,15,015.png,aug,aug_validation_06,aug_validation_06_red.png
validation,red,16,016.png,aug,aug_validation_07,aug_validation_07_red.png
validation,red,17,017.png,aug,aug_validation_08,aug_validation_08_red.png
validation,red,18,018.png,aug,aug_validation_09,aug_validation_09_red.png
validation,red,19,019.png,aug,aug_validation_10,aug_validation_10_red.png
validation,red,20,020.png,aug,aug_validation_11,aug_validation_11_red.png
test,bat,1,001.png,real,set_10,set_10_bat.png
test,bat,2,002.png,real,set_18,set_18_bat.png
test,bat,3,003.png,real,set_23,set_23_bat.png
test,bat,4,004.png,real,set_26,set_26_bat.png
test,bat,5,005.png,real,set_30,set_30_bat.png
test,bat,6,006.png,real,set_34,set_34_bat.png
test,bat,7,007.png,real,set_41,set_41_bat.png
test,bat,8,008.png,real,set_51,set_51_bat.png
test,bat,9,009.png,real,set_60,set_60_bat.png
test,bat,10,010.png,aug,aug_test_01,aug_test_01_bat.png
test,bat,11,011.png,aug,aug_test_02,aug_test_02_bat.png
test,bat,12,012.png,aug,aug_test_03,aug_test_03_bat.png
test,bat,13,013.png,aug,aug_test_04,aug_test_04_bat.png
test,bat,14,014.png,aug,aug_test_05,aug_test_05_bat.png
test,bat,15,015.png,aug,aug_test_06,aug_test_06_bat.png
test,bat,16,016.png,aug,aug_test_07,aug_test_07_bat.png
test,bat,17,017.png,aug,aug_test_08,aug_test_08_bat.png
test,bat,18,018.png,aug,aug_test_09,aug_test_09_bat.png
test,bat,19,019.png,aug,aug_test_10,aug_test_10_bat.png
test,bat,20,020.png,aug,aug_test_11,aug_test_11_bat.png
test,cup,1,001.png,real,set_10,set_10_cup.png
test,cup,2,002.png,real,set_18,set_18_cup.png
test,cup,3,003.png,real,set_23,set_23_cup.png
test,cup,4,004.png,real,set_26,set_26_cup.png
test,cup,5,005.png,real,set_30,set_30_cup.png
test,cup,6,006.png,real,set_34,set_34_cup.png
test,cup,7,007.png,real,set_41,set_41_cup.png
test,cup,8,008.png,real,set_51,set_51_cup.png
test,cup,9,009.png,real,set_60,set_60_cup.png
test,cup,10,010.png,aug,aug_test_01,aug_test_01_cup.png
test,cup,11,011.png,aug,aug_test_02,aug_test_02_cup.png
test,cup,12,012.png,aug,aug_test_03,aug_test_03_cup.png
test,cup,13,013.png,aug,aug_test_04,aug_test_04_cup.png
test,cup,14,014.png,aug,aug_test_05,aug_test_05_cup.png
test,cup,15,015.png,aug,aug_test_06,aug_test_06_cup.png
test,cup,16,016.png,aug,aug_test_07,aug_test_07_cup.png
test,cup,17,017.png,aug,aug_test_08,aug_test_08_cup.png
test,cup,18,018.png,aug,aug_test_09,aug_test_09_cup.png
test,cup,19,019.png,aug,aug_test_10,aug_test_10_cup.png
test,cup,20,020.png,aug,aug_test_11,aug_test_11_cup.png
test,drop,1,001.png,real,set_10,set_10_drop.png
test,drop,2,002.png,real,set_18,set_18_drop.png
test,drop,3,003.png,real,set_23,set_23_drop.png
test,drop,4,004.png,real,set_26,set_26_drop.png
test,drop,5,005.png,real,set_30,set_30_drop.png
test,drop,6,006.png,real,set_34,set_34_drop.png
test,drop,7,007.png,real,set_41,set_41_drop.png
test,drop,8,008.png,real,set_51,set_51_drop.png
test,drop,9,009.png,real,set_60,set_60_drop.png
test,drop,10,010.png,aug,aug_test_01,aug_test_01_drop.png
test,drop,11,011.png,aug,aug_test_02,aug_test_02_drop.png
test,drop,12,012.png,aug,aug_test_03,aug_test_03_drop.png
test,drop,13,013.png,aug,aug_test_04,aug_test_04_drop.png
test,drop,14,014.png,aug,aug_test_05,aug_test_05_drop.png
test,drop,15,015.png,aug,aug_test_06,aug_test_06_drop.png
test,drop,16,016.png,aug,aug_test_07,aug_test_07_drop.png
test,drop,17,017.png,aug,aug_test_08,aug_test_08_drop.png
test,drop,18,018.png,aug,aug_test_09,aug_test_09_drop.png
test,drop,19,019.png,aug,aug_test_10,aug_test_10_drop.png
test,drop,20,020.png,aug,aug_test_11,aug_test_11_drop.png
test,eat,1,001.png,real,set_10,set_10_eat.png
test,eat,2,002.png,real,set_18,set_18_eat.png
test,eat,3,003.png,real,set_23,set_23_eat.png
test,eat,4,004.png,real,set_26,set_26_eat.png
test,eat,5,005.png,real,set_30,set_30_eat.png
test,eat,6,006.png,real,set_34,set_34_eat.png
test,eat,7,007.png,real,set_41,set_41_eat.png
test,eat,8,008.png,real,set_51,set_51_eat.png
test,eat,9,009.png,real,set_60,set_60_eat.png
test,eat,10,010.png,aug,aug_test_01,aug_test_01_eat.png
test,eat,11,011.png,aug,aug_test_02,aug_test_02_eat.png
test,eat,12,012.png,aug,aug_test_03,aug_test_03_eat.png
test,eat,13,013.png,aug,aug_test_04,aug_test_04_eat.png
test,eat,14,014.png,aug,aug_test_05,aug_test_05_eat.png
test,eat,15,015.png,aug,aug_test_06,aug_test_06_eat.png
test,eat,16,016.png,aug,aug_test_07,aug_test_07_eat.png
test,eat,17,017.png,aug,aug_test_08,aug_test_08_eat.png
test,eat,18,018.png,aug,aug_test_09,aug_test_09_eat.png
test,eat,19,019.png,aug,aug_test_10,aug_test_10_eat.png
test,eat,20,020.png,aug,aug_test_11,aug_test_11_eat.png
test,fish,1,001.png,real,set_10,set_10_fish.png
test,fish,2,002.png,real,set_18,set_18_fish.png
test,fish,3,003.png,real,set_23,set_23_fish.png
test,fish,4,004.png,real,set_26,set_26_fish.png
test,fish,5,005.png,real,set_30,set_30_fish.png
test,fish,6,006.png,real,set_34,set_34_fish.png
test,fish,7,007.png,real,set_41,set_41_fish.png
test,fish,8,008.png,real,set_51,set_51_fish.png
test,fish,9,009.png,real,set_60,set_60_fish.png
test,fish,10,010.png,aug,aug_test_01,aug_test_01_fish.png
test,fish,11,011.png,aug,aug_test_02,aug_test_02_fish.png
test,fish,12,012.png,aug,aug_test_03,aug_test_03_fish.png
test,fish,13,013.png,aug,aug_test_04,aug_test_04_fish.png
test,fish,14,014.png,aug,aug_test_05,aug_test_05_fish.png
test,fish,15,015.png,aug,aug_test_06,aug_test_06_fish.png
test,fish,16,016.png,aug,aug_test_07,aug_test_07_fish.png
test,fish,17,017.png,aug,aug_test_08,aug_test_08_fish.png
test,fish,18,018.png,aug,aug_test_09,aug_test_09_fish.png
test,fish,19,019.png,aug,aug_test_10,aug_test_10_fish.png
test,fish,20,020.png,aug,aug_test_11,aug_test_11_fish.png
test,hot,1,001.png,real,set_10,set_10_hot.png
test,hot,2,002.png,real,set_18,set_18_hot.png
test,hot,3,003.png,real,set_23,set_23_hot.png
test,hot,4,004.png,real,set_26,set_26_hot.png
test,hot,5,005.png,real,set_30,set_30_hot.png
test,hot,6,006.png,real,set_34,set_34_hot.png
test,hot,7,007.png,real,set_41,set_41_hot.png
test,hot,8,008.png,real,set_51,set_51_hot.png
test,hot,9,009.png,real,set_60,set_60_hot.png
test,hot,10,010.png,aug,aug_test_01,aug_test_01_hot.png
test,hot,11,011.png,aug,aug_test_02,aug_test_02_hot.png
test,hot,12,012.png,aug,aug_test_03,aug_test_03_hot.png
test,hot,13,013.png,aug,aug_test_04,aug_test_04_hot.png
test,hot,14,014.png,aug,aug_test_05,aug_test_05_hot.png
test,hot,15,015.png,aug,aug_test_06,aug_test_06_hot.png
test,hot,16,016.png,aug,aug_test_07,aug_test_07_hot.png
test,hot,17,017.png,aug,aug_test_08,aug_test_08_hot.png
test,hot,18,018.png,aug,aug_test_09,aug_test_09_hot.png
test,hot,19,019.png,aug,aug_test_10,aug_test_10_hot.png
test,hot,20,020.png,aug,aug_test_11,aug_test_11_hot.png
test,jump,1,001.png,real,set_10,set_10_jump.png
test,jump,2,002.png,real,set_18,set_18_jump.png
test,jump,3,003.png,real,set_23,set_23_jump.png
test,jump,4,004.png,real,set_26,set_26_jump.png
test,jump,5,005.png,real,set_30,set_30_jump.png
test,jump,6,006.png,real,set_34,set_34_jump.png
test,jump,7,007.png,real,set_41,set_41_jump.png
test,jump,8,008.png,real,set_51,set_51_jump.png
test,jump,9,009.png,real,set_60,set_60_jump.png
test,jump,10,010.png,aug,aug_test_01,aug_test_01_jump.png
test,jump,11,011.png,aug,aug_test_02,aug_test_02_jump.png
test,jump,12,012.png,aug,aug_test_03,aug_test_03_jump.png
test,jump,13,013.png,aug,aug_test_04,aug_test_04_jump.png
test,jump,14,014.png,aug,aug_test_05,aug_test_05_jump.png
test,jump,15,015.png,aug,aug_test_06,aug_test_06_jump.png
test,jump,16,016.png,aug,aug_test_07,aug_test_07_jump.png
test,jump,17,017.png,aug,aug_test_08,aug_test_08_jump.png
test,jump,18,018.png,aug,aug_test_09,aug_test_09_jump.png
test,jump,19,019.png,aug,aug_test_10,aug_test_10_jump.png
test,jump,20,020.png,aug,aug_test_11,aug_test_11_jump.png
test,milk,1,001.png,real,set_10,set_10_milk.png
test,milk,2,002.png,real,set_18,set_18_milk.png
test,milk,3,003.png,real,set_23,set_23_milk.png
test,milk,4,004.png,real,set_26,set_26_milk.png
test,milk,5,005.png,real,set_30,set_30_milk.png
test,milk,6,006.png,real,set_34,set_34_milk.png
test,milk,7,007.png,real,set_41,set_41_milk.png
test,milk,8,008.png,real,set_51,set_51_milk.png
test,milk,9,009.png,real,set_60,set_60_milk.png
test,milk,10,010.png,aug,aug_test_01,aug_test_01_milk.png
test,milk,11,011.png,aug,aug_test_02,aug_test_02_milk.png
test,milk,12,012.png,aug,aug_test_03,aug_test_03_milk.png
test,milk,13,013.png,aug,aug_test_04,aug_test_04_milk.png
test,milk,14,014.png,aug,aug_test_05,aug_test_05_milk.png
test,milk,15,015.png,aug,aug_test_06,aug_test_06_milk.png
test,milk,16,016.png,aug,aug_test_07,aug_test_07_milk.png
test,milk,17,017.png,aug,aug_test_08,aug_test_08_milk.png
test,milk,18,018.png,aug,aug_test_09,aug_test_09_milk.png
test,milk,19,019.png,aug,aug_test_10,aug_test_10_milk.png
test,milk,20,020.png,aug,aug_test_11,aug_test_11_milk.png
test,pen,1,001.png,real,set_10,set_10_pen.png
test,pen,2,002.png,real,set_18,set_18_pen.png
test,pen,3,003.png,real,set_23,set_23_pen.png
test,pen,4,004.png,real,set_26,set_26_pen.png
test,pen,5,005.png,real,set_30,set_30_pen.png
test,pen,6,006.png,real,set_34,set_34_pen.png
test,pen,7,007.png,real,set_41,set_41_pen.png
test,pen,8,008.png,real,set_51,set_51_pen.png
test,pen,9,009.png,real,set_60,set_60_pen.png
test,pen,10,010.png,aug,aug_test_01,aug_test_01_pen.png
test,pen,11,011.png,aug,aug_test_02,aug_test_02_pen.png
test,pen,12,012.png,aug,aug_test_03,aug_test_03_pen.png
test,pen,13,013.png,aug,aug_test_04,aug_test_04_pen.png
test,pen,14,014.png,aug,aug_test_05,aug_test_05_pen.png
test,pen,15,015.png,aug,aug_test_06,aug_test_06_pen.png
test,pen,16,016.png,aug,aug_test_07,aug_test_07_pen.png
test,pen,17,017.png,aug,aug_test_08,aug_test_08_pen.png
test,pen,18,018.png,aug,aug_test_09,aug_test_09_pen.png
test,pen,19,019.png,aug,aug_test_10,aug_test_10_pen.png
test,pen,20,020.png,aug,aug_test_11,aug_test_11_pen.png
test,red,1,001.png,real,set_10,set_10_red.png
test,red,2,002.png,real,set_18,set_18_red.png
test,red,3,003.png,real,set_23,set_23_red.png
test,red,4,004.png,real,set_26,set_26_red.png
test,red,5,005.png,real,set_30,set_30_red.png
test,red,6,006.png,real,set_34,set_34_red.png
test,red,7,007.png,real,set_41,set_41_red.png
test,red,8,008.png,real,set_51,set_51_red.png
test,red,9,009.png,real,set_60,set_60_red.png
test,red,10,010.png,aug,aug_test_01,aug_test_01_red.png
test,red,11,011.png,aug,aug_test_02,aug_test_02_red.png
test,red,12,012.png,aug,aug_test_03,aug_test_03_red.png
test,red,13,013.png,aug,aug_test_04,aug_test_04_red.png
test,red,14,014.png,aug,aug_test_05,aug_test_05_red.png
test,red,15,015.png,aug,aug_test_06,aug_test_06_red.png
test,red,16,016.png,aug,aug_test_07,aug_test_07_red.png
test,red,17,017.png,aug,aug_test_08,aug_test_08_red.png
test,red,18,018.png,aug,aug_test_09,aug_test_09_red.png
test,red,19,019.png,aug,aug_test_10,aug_test_10_red.png
test,red,20,020.png,aug,aug_test_11,aug_test_11_red.png
