split,word,final_number,final_name,source_type,source_set,source_file
train,bat,1,001.png,real,set_01,set_01_bat.png
train,bat,2,002.png,real,set_02,set_02_bat.png
train,bat,3,003.png,real,set_03,set_03_bat.png
train,bat,4,004.png,real,set_04,set_04_bat.png
train,bat,5,005.png,real,set_05,set_05_bat.png
train,bat,6,006.png,real,set_06,set_06_bat.png
train,bat,7,007.png,real,set_07,set_07_bat.png
train,bat,8,008.png,real,set_08,set_08_bat.png
train,bat,9,009.png,real,set_12,set_12_bat.png
train,bat,10,010.png,real,set_13,set_13_bat.png
train,bat,11,011.png,real,set_14,set_14_bat.png
train,bat,12,012.png,real,set_16,set_16_bat.png
train,bat,13,013.png,real,set_17,set_17_bat.png
train,bat,14,014.png,real,set_19,set_19_bat.png
train,bat,15,015.png,real,set_20,set_20_bat.png
train,bat,16,016.png,real,set_21,set_21_bat.png
train,bat,17,017.png,real,set_22,set_22_bat.png
train,bat,18,018.png,real,set_24,set_24_bat.png
train,bat,19,019.png,real,set_25,set_25_bat.png
train,bat,20,020.png,real,set_28,set_28_bat.png
train,bat,21,021.png,real,set_29,set_29_bat.png
train,bat,22,022.png,real,set_31,set_31_bat.png
train,bat,23,023.png,real,set_32,set_32_bat.png
train,bat,24,024.png,real,set_33,set_33_bat.png
train,bat,25,025.png,real,set_35,set_35_bat.png
train,bat,26,026.png,real,set_37,set_37_bat.png
train,bat,27,027.png,real,set_38,set_38_bat.png
train,bat,28,028.png,real,set_39,set_39_bat.png
train,bat,29,029.png,real,set_40,set_40_bat.png
train,bat,30,030.png,real,set_42,set_42_bat.png
train,bat,31,031.png,real,set_43,set_43_bat.png
train,bat,32,032.png,real,set_45,set_45_bat.png
train,bat,33,033.png,real,set_46,set_46_bat.png
train,bat,34,034.png,real,set_47,set_47_bat.png
train,bat,35,035.png,real,set_48,set_48_bat.png
train,bat,36,036.png,real,set_49,set_49_bat.png
train,bat,37,037.png,real,set_52,set_52_bat.png
train,bat,38,038.png,real,set_54,set_54_bat.png
train,bat,39,039.png,real,set_55,set_55_bat.png
train,bat,40,040.png,real,set_56,set_56_bat.png
train,bat,41,041.png,real,set_58,set_58_bat.png
train,bat,42,042.png,real,set_59,set_59_bat.png
train,bat,43,043.png,aug,aug_train_01,aug_train_01_bat.png
train,bat,44,044.png,aug,aug_train_02,aug_train_02_bat.png
train,bat,45,045.png,aug,aug_train_03,aug_train_03_bat.png
train,bat,46,046.png,aug,aug_train_04,aug_train_04_bat.png
train,bat,47,047.png,aug,aug_train_05,aug_train_05_bat.png
train,bat,48,048.png,aug,aug_train_06,aug_train_06_bat.png
train,bat,49,049.png,aug,aug_train_07,aug_train_07_bat.png
train,bat,50,050.png,aug,aug_train_08,aug_train_08_bat.png
train,bat,51,051.png,aug,aug_train_09,aug_train_09_bat.png
train,bat,52,052.png,aug,aug_train_10,aug_train_10_bat.png
train,bat,53,053.png,aug,aug_train_100,aug_train_100_bat.png
train,bat,54,054.png,aug,aug_train_101,aug_train_101_bat.png
train,bat,55,055.png,aug,aug_train_102,aug_train_102_bat.png
train,bat,56,056.png,aug,aug_train_103,aug_train_103_bat.png
train,bat,57,057.png,aug,aug_train_104,aug_train_104_bat.png
train,bat,58,058.png,aug,aug_train_105,aug_train_105_bat.png
train,bat,59,059.png,aug,aug_train_106,aug_train_106_bat.png
train,bat,60,060.png,aug,aug_train_107,aug_train_107_bat.png
train,bat,61,061.png,aug,aug_train_108,aug_train_108_bat.png
train,bat,62,062.png,aug,aug_train_109,aug_train_109_bat.png
train,bat,63,063.png,aug,aug_train_11,aug_train_11_bat.png
train,bat,64,064.png,aug,aug_train_110,aug_train_110_bat.png
train,bat,65,065.png,aug,aug_train_111,aug_train_111_bat.png
train,bat,66,066.png,aug,aug_train_112,aug_train_112_bat.png
train,bat,67,067.png,aug,aug_train_113,aug_train_113_bat.png
train,bat,68,068.png,aug,aug_train_114,aug_train_114_bat.png
train,bat,69,069.png,aug,aug_train_115,aug_train_115_bat.png
train,bat,70,070.png,aug,aug_train_116,aug_train_116_bat.png
train,bat,71,071.png,aug,aug_train_117,aug_train_117_bat.png
train,bat,72,072.png,aug,aug_train_118,aug_train_118_bat.png
train,bat,73,073.png,aug,aug_train_119,aug_train_119_bat.png
train,bat,74,074.png,aug,aug_train_12,aug_train_12_bat.png
train,bat,75,075.png,aug,aug_train_120,aug_train_120_bat.png
train,bat,76,076.png,aug,aug_train_121,aug_train_121_bat.png
train,bat,77,077.png,aug,aug_train_122,aug_train_122_bat.png
train,bat,78,078.png,aug,aug_train_123,aug_train_123_bat.png
train,bat,79,079.png,aug,aug_train_124,aug_train_124_bat.png
train,bat,80,080.png,aug,aug_train_125,aug_train_125_bat.png
train,bat,81,081.png,aug,aug_train_126,aug_train_126_bat.png
train,bat,82,082.png,aug,aug_train_127,aug_train_127_bat.png
train,bat,83,083.png,aug,aug_train_128,aug_train_128_bat.png
train,bat,84,084.png,aug,aug_train_129,aug_train_129_bat.png
train,bat,85,085.png,aug,aug_train_13,aug_train_13_bat.png
train,bat,86,086.png,aug,aug_train_130,aug_train_130_bat.png
train,bat,87,087.png,aug,aug_train_131,aug_train_131_bat.png
train,bat,88,088.png,aug,aug_train_132,aug_train_132_bat.png
train,bat,89,089.png,aug,aug_train_133,aug_train_133_bat.png
train,bat,90,090.png,aug,aug_train_134,aug_train_134_bat.png
train,bat,91,091.png,aug,aug_train_135,aug_train_135_bat.png
train,bat,92,092.png,aug,aug_train_136,aug_train_136_bat.png
train,bat,93,093.png,aug,aug_train_137,aug_train_137_bat.png
train,bat,94,094.png,aug,aug_train_138,aug_train_138_bat.png
train,bat,95,095.png,aug,aug_train_139,aug_train_139_bat.png
train,bat,96,096.png,aug,aug_train_14,aug_train_14_bat.png
train,bat,97,097.png,aug,aug_train_140,aug_train_140_bat.png
train,bat,98,098.png,aug,aug_train_141,aug_train_141_bat.png
train,bat,99,099.png,aug,aug_train_142,aug_train_142_bat.png
train,bat,100,100.png,aug,aug_train_143,aug_train_143_bat.png
train,bat,101,101.png,aug,aug_train_144,aug_train_144_bat.png
train,bat,102,102.png,aug,aug_train_15,aug_train_15_bat.png
train,bat,103,103.png,aug,aug_train_16,aug_train_16_bat.png
train,bat,104,104.png,aug,aug_train_17,aug_train_17_bat.png
train,bat,105,105.png,aug,aug_train_18,aug_train_18_bat.png
train,bat,106,106.png,aug,aug_train_19,aug_train_19_bat.png
train,bat,107,107.png,aug,aug_train_20,aug_train_20_bat.png
train,bat,108,108.png,aug,aug_train_21,aug_train_21_bat.png
train,bat,109,109.png,aug,aug_train_22,aug_train_22_bat.png
train,bat,110,110.png,aug,aug_train_23,aug_train_23_bat.png
train,bat,111,111.png,aug,aug_train_24,aug_train_24_bat.png
train,bat,112,112.png,aug,aug_train_25,aug_train_25_bat.png
train,bat,113,113.png,aug,aug_train_26,aug_train_26_bat.png
train,bat,114,114.png,aug,aug_train_27,aug_train_27_bat.png
train,bat,115,115.png,aug,aug_train_28,aug_train_28_bat.png
train,bat,116,116.png,aug,aug_train_29,aug_train_29_bat.png
train,bat,117,117.png,aug,aug_train_30,aug_train_30_bat.png
train,bat,118,118.png,aug,aug_train_31,aug_train_31_bat.png
train,bat,119,119.png,aug,aug_train_32,aug_train_32_bat.png
train,bat,120,120.png,aug,aug_train_33,aug_train_33_bat.png
train,bat,121,121.png,aug,aug_train_34,aug_train_34_bat.png
train,bat,122,122.png,aug,aug_train_35,aug_train_35_bat.png
train,bat,123,123.png,aug,aug_train_36,aug_train_36_bat.png
train,bat,124,124.png,aug,aug_train_37,aug_train_37_bat.png
train,bat,125,125.png,aug,aug_train_38,aug_train_38_bat.png
train,bat,126,126.png,aug,aug_train_39,aug_train_39_bat.png
train,bat,127,127.png,aug,aug_train_40,aug_train_40_bat.png
train,bat,128,128.png,aug,aug_train_41,aug_train_41_bat.png
train,bat,129,129.png,aug,aug_train_42,aug_train_42_bat.png
train,bat,130,130.png,aug,aug_train_43,aug_train_43_bat.png
train,bat,131,131.png,aug,aug_train_44,aug_train_44_bat.png
train,bat,132,132.png,aug,aug_train_45,aug_train_45_bat.png
train,bat,133,133.png,aug,aug_train_46,aug_train_46_bat.png
train,bat,134,134.png,aug,aug_train_47,aug_train_47_bat.png
train,bat,135,135.png,aug,aug_train_48,aug_train_48_bat.png
train,bat,136,136.png,aug,aug_train_49,aug_train_49_bat.png
train,bat,137,137.png,aug,aug_train_50,aug_train_50_bat.png
train,bat,138,138.png,aug,aug_train_51,aug_train_51_bat.png
train,bat,139,139.png,aug,aug_train_52,aug_train_52_bat.png
train,bat,140,140.png,aug,aug_train_53,aug_train_53_bat.png
train,bat,141,141.png,aug,aug_train_54,aug_train_54_bat.png
train,bat,142,142.png,aug,aug_train_55,aug_train_55_bat.png
train,bat,143,143.png,aug,aug_train_56,aug_train_56_bat.png
train,bat,144,144.png,aug,aug_train_57,aug_train_57_bat.png
train,bat,145,145.png,aug,aug_train_58,aug_train_58_bat.png
train,bat,146,146.png,aug,aug_train_59,aug_train_59_bat.png
train,bat,147,147.png,aug,aug_train_60,aug_train_60_bat.png
train,bat,148,148.png,aug,aug_train_61,aug_train_61_bat.png
train,bat,149,149.png,aug,aug_train_62,aug_train_62_bat.png
train,bat,150,150.png,aug,aug_train_63,aug_train_63_bat.png
train,bat,151,151.png,aug,aug_train_64,aug_train_64_bat.png
train,bat,152,152.png,aug,aug_train_65,aug_train_65_bat.png
train,bat,153,153.png,aug,aug_train_66,aug_train_66_bat.png
train,bat,154,154.png,aug,aug_train_67,aug_train_67_bat.png
train,bat,155,155.png,aug,aug_train_68,aug_train_68_bat.png
train,bat,156,156.png,aug,aug_train_69,aug_train_69_bat.png
train,bat,157,157.png,aug,aug_train_70,aug_train_70_bat.png
train,bat,158,158.png,aug,aug_train_71,aug_train_71_bat.png
train,bat,159,159.png,aug,aug_train_72,aug_train_72_bat.png
train,bat,160,160.png,aug,aug_train_73,aug_train_73_bat.png
train,bat,161,161.png,aug,aug_train_74,aug_train_74_bat.png
train,bat,162,162.png,aug,aug_train_75,aug_train_75_bat.png
train,bat,163,163.png,aug,aug_train_76,aug_train_76_bat.png
train,bat,164,164.png,aug,aug_train_77,aug_train_77_bat.png
train,bat,165,165.png,aug,aug_train_78,aug_train_78_bat.png
train,bat,166,166.png,aug,aug_train_79,aug_train_79_bat.png
train,bat,167,167.png,aug,aug_train_80,aug_train_80_bat.png
train,bat,168,168.png,aug,aug_train_81,aug_train_81_bat.png
train,bat,169,169.png,aug,aug_train_82,aug_train_82_bat.png
train,bat,170,170.png,aug,aug_train_83,aug_train_83_bat.png
train,bat,171,171.png,aug,aug_train_84,aug_train_84_bat.png
train,bat,172,172.png,aug,aug_train_85,aug_train_85_bat.png
train,bat,173,173.png,aug,aug_train_86,aug_train_86_bat.png
train,bat,174,174.png,aug,aug_train_87,aug_train_87_bat.png
train,bat,175,175.png,aug,aug_train_88,aug_train_88_bat.png
train,bat,176,176.png,aug,aug_train_89,aug_train_89_bat.png
train,bat,177,177.png,aug,aug_train_90,aug_train_90_bat.png
train,bat,178,178.png,aug,aug_train_91,aug_train_91_bat.png
train,bat,179,179.png,aug,aug_train_92,aug_train_92_bat.png
train,bat,180,180.png,aug,aug_train_93,aug_train_93_bat.png
train,bat,181,181.png,aug,aug_train_94,aug_train_94_bat.png
train,bat,182,182.png,aug,aug_train_95,aug_train_95_bat.png
train,bat,183,183.png,aug,aug_train_96,aug_train_96_bat.png
train,bat,184,184.png,aug,aug_train_97,aug_train_97_bat.png
train,bat,185,185.png,aug,aug_train_98,aug_train_98_bat.png
train,bat,186,186.png,aug,aug_train_99,aug_train_99_bat.png
train,cup,1,001.png,real,set_01,set_01_cup.png
train,cup,2,002.png,real,set_02,set_02_cup.png
train,cup,3,003.png,real,set_03,set_03_cup.png
train,cup,4,004.png,real,set_04,set_04_cup.png
train,cup,5,005.png,real,set_05,set_05_cup.png
train,cup,6,006.png,real,set_06,set_06_cup.png
train,cup,7,007.png,real,set_07,set_07_cup.png
train,cup,8,008.png,real,set_08,set_08_cup.png
train,cup,9,009.png,real,set_12,set_12_cup.png
train,cup,10,010.png,real,set_13,set_13_cup.png
train,cup,11,011.png,real,set_14,set_14_cup.png
train,cup,12,012.png,real,set_16,set_16_cup.png
train,cup,13,013.png,real,set_17,set_17_cup.png
train,cup,14,014.png,real,set_19,set_19_cup.png
train,cup,15,015.png,real,set_20,set_20_cup.png
train,cup,16,016.png,real,set_21,set_21_cup.png
train,cup,17,017.png,real,set_22,set_22_cup.png
train,cup,18,018.png,real,set_24,set_24_cup.png
train,cup,19,019.png,real,set_25,set_25_cup.png
train,cup,20,020.png,real,set_28,set_28_cup.png
train,cup,21,021.png,real,set_29,set_29_cup.png
train,cup,22,022.png,real,set_31,set_31_cup.png
train,cup,23,023.png,real,set_32,set_32_cup.png
train,cup,24,024.png,real,set_33,set_33_cup.png
train,cup,25,025.png,real,set_35,set_35_cup.png
train,cup,26,026.png,real,set_37,set_37_cup.png
train,cup,27,027.png,real,set_38,set_38_cup.png
train,cup,28,028.png,real,set_39,set_39_cup.png
train,cup,29,029.png,real,set_40,set_40_cup.png
train,cup,30,030.png,real,set_42,set_42_cup.png
train,cup,31,031.png,real,set_43,set_43_cup.png
train,cup,32,032.png,real,set_45,set_45_cup.png
train,cup,33,033.png,real,set_46,set_46_cup.png
train,cup,34,034.png,real,set_47,set_47_cup.png
train,cup,35,035.png,real,set_48,set_48_cup.png
train,cup,36,036.png,real,set_49,set_49_cup.png
train,cup,37,037.png,real,set_52,set_52_cup.png
train,cup,38,038.png,real,set_54,set_54_cup.png
train,cup,39,039.png,real,set_55,set_55_cup.png
train,cup,40,040.png,real,set_56,set_56_cup.png
train,cup,41,041.png,real,set_58,set_58_cup.png
train,cup,42,042.png,real,set_59,set_59_cup.png
train,cup,43,043.png,aug,aug_train_01,aug_train_01_cup.png
train,cup,44,044.png,aug,aug_train_02,aug_train_02_cup.png
train,cup,45,045.png,aug,aug_train_03,aug_train_03_cup.png
train,cup,46,046.png,aug,aug_train_04,aug_train_04_cup.png
train,cup,47,047.png,aug,aug_train_05,aug_train_05_cup.png
train,cup,48,048.png,aug,aug_train_06,aug_train_06_cup.png
train,cup,49,049.png,aug,aug_train_07,aug_train_07_cup.png
train,cup,50,050.png,aug,aug_train_08,aug_train_08_cup.png
train,cup,51,051.png,aug,aug_train_09,aug_train_09_cup.png
train,cup,52,052.png,aug,aug_train_10,aug_train_10_cup.png
train,cup,53,053.png,aug,aug_train_100,aug_train_100_cup.png
train,cup,54,054.png,aug,aug_train_101,aug_train_101_cup.png
train,cup,55,055.png,aug,aug_train_102,aug_train_102_cup.png
train,cup,56,056.png,aug,aug_train_103,aug_train_103_cup.png
train,cup,57,057.png,aug,aug_train_104,aug_train_104_cup.png
train,cup,58,058.png,aug,aug_train_105,aug_train_105_cup.png
train,cup,59,059.png,aug,aug_train_106,aug_train_106_cup.png
train,cup,60,060.png,aug,aug_train_107,aug_train_107_cup.png
train,cup,61,061.png,aug,aug_train_108,aug_train_108_cup.png
train,cup,62,062.png,aug,aug_train_109,aug_train_109_cup.png
train,cup,63,063.png,aug,aug_train_11,aug_train_11_cup.png
train,cup,64,064.png,aug,aug_train_110,aug_train_110_cup.png
train,cup,65,065.png,aug,aug_train_111,aug_train_111_cup.png
train,cup,66,066.png,aug,aug_train_112,aug_train_112_cup.png
train,cup,67,067.png,aug,aug_train_113,aug_train_113_cup.png
train,cup,68,068.png,aug,aug_train_114,aug_train_114_cup.png
train,cup,69,069.png,aug,aug_train_115,aug_train_115_cup.png
train,cup,70,070.png,aug,aug_train_116,aug_train_116_cup.png
train,cup,71,071.png,aug,aug_train_117,aug_train_117_cup.png
train,cup,72,072.png,aug,aug_train_118,aug_train_118_cup.png
train,cup,73,073.png,aug,aug_train_119,aug_train_119_cup.png
train,cup,74,074.png,aug,aug_train_12,aug_train_12_cup.png
train,cup,75,075.png,aug,aug_train_120,aug_train_120_cup.png
train,cup,76,076.png,aug,aug_train_121,aug_train_121_cup.png
train,cup,77,077.png,aug,aug_train_122,aug_train_122_cup.png
train,cup,78,078.png,aug,aug_train_123,aug_train_123_cup.png
train,cup,79,079.png,aug,aug_train_124,aug_train_124_cup.png
train,cup,80,080.png,aug,aug_train_125,aug_train_125_cup.png
train,cup,81,081.png,aug,aug_train_126,aug_train_126_cup.png
train,cup,82,082.png,aug,aug_train_127,aug_train_127_cup.png
train,cup,83,083.png,aug,aug_train_128,aug_train_128_cup.png
train,cup,84,084.png,aug,aug_train_129,aug_train_129_cup.png
train,cup,85,085.png,aug,aug_train_13,aug_train_13_cup.png
train,cup,86,086.png,aug,aug_train_130,aug_train_130_cup.png
train,cup,87,087.png,aug,aug_train_131,aug_train_131_cup.png
train,cup,88,088.png,aug,aug_train_132,aug_train_132_cup.png
train,cup,89,089.png,aug,aug_train_133,aug_train_133_cup.png
train,cup,90,090.png,aug,aug_train_134,aug_train_134_cup.png
train,cup,91,091.png,aug,aug_train_135,aug_train_135_cup.png
train,cup,92,092.png,aug,aug_train_136,aug_train_136_cup.png
train,cup,93,093.png,aug,aug_train_137,aug_train_137_cup.png
train,cup,94,094.png,aug,aug_train_138,aug_train_138_cup.png
train,cup,95,095.png,aug,aug_train_139,aug_train_139_cup.png
train,cup,96,096.png,aug,aug_train_14,aug_train_14_cup.png
train,cup,97,097.png,aug,aug_train_140,aug_train_140_cup.png
train,cup,98,098.png,aug,aug_train_141,aug_train_141_cup.png
train,cup,99,099.png,aug,aug_train_142,aug_train_142_cup.png
train,cup,100,100.png,aug,aug_train_143,aug_train_143_cup.png
train,cup,101,101.png,aug,aug_train_144,aug_train_144_cup.png
train,cup,102,102.png,aug,aug_train_15,aug_train_15_cup.png
train,cup,103,103.png,aug,aug_train_16,aug_train_16_cup.png
train,cup,104,104.png,aug,aug_train_17,aug_train_17_cup.png
train,cup,105,105.png,aug,aug_train_18,aug_train_18_cup.png
train,cup,106,106.png,aug,aug_train_19,aug_train_19_cup.png
train,cup,107,107.png,aug,aug_train_20,aug_train_20_cup.png
train,cup,108,108.png,aug,aug_train_21,aug_train_21_cup.png
train,cup,109,109.png,aug,aug_train_22,aug_train_22_cup.png
train,cup,110,110.png,aug,aug_train_23,aug_train_23_cup.png
train,cup,111,111.png,aug,aug_train_24,aug_train_24_cup.png
train,cup,112,112.png,aug,aug_train_25,aug_train_25_cup.png
train,cup,113,113.png,aug,aug_train_26,aug_train_26_cup.png
train,cup,114,114.png,aug,aug_train_27,aug_train_27_cup.png
train,cup,115,115.png,aug,aug_train_28,aug_train_28_cup.png
train,cup,116,116.png,aug,aug_train_29,aug_train_29_cup.png
train,cup,117,117.png,aug,aug_train_30,aug_train_30_cup.png
train,cup,118,118.png,aug,aug_train_31,aug_train_31_cup.png
train,cup,119,119.png,aug,aug_train_32,aug_train_32_cup.png
train,cup,120,120.png,aug,aug_train_33,aug_train_33_cup.png
train,cup,121,121.png,aug,aug_train_34,aug_train_34_cup.png
train,cup,122,122.png,aug,aug_train_35,aug_train_35_cup.png
train,cup,123,123.png,aug,aug_train_36,aug_train_36_cup.png
train,cup,124,124.png,aug,aug_train_37,aug_train_37_cup.png
train,cup,125,125.png,aug,aug_train_38,aug_train_38_cup.png
train,cup,126,126.png,aug,aug_train_39,aug_train_39_cup.png
train,cup,127,127.png,aug,aug_train_40,aug_train_40_cup.png
train,cup,128,128.png,aug,aug_train_41,aug_train_41_cup.png
train,cup,129,129.png,aug,aug_train_42,aug_train_42_cup.png
train,cup,130,130.png,aug,aug_train_43,aug_train_43_cup.png
train,cup,131,131.png,aug,aug_train_44,aug_train_44_cup.png
train,cup,132,132.png,aug,aug_train_45,aug_train_45_cup.png
train,cup,133,133.png,aug,aug_train_46,aug_train_46_cup.png
train,cup,134,134.png,aug,aug_train_47,aug_train_47_cup.png
train,cup,135,135.png,aug,aug_train_48,aug_train_48_cup.png
train,cup,136,136.png,aug,aug_train_49,aug_train_49_cup.png
train,cup,137,137.png,aug,aug_train_50,aug_train_50_cup.png
train,cup,138,138.png,aug,aug_train_51,aug_train_51_cup.png
train,cup,139,139.png,aug,aug_train_52,aug_train_52_cup.png
train,cup,140,140.png,aug,aug_train_53,aug_train_53_cup.png
train,cup,141,141.png,aug,aug_train_54,aug_train_54_cup.png
train,cup,142,142.png,aug,aug_train_55,aug_train_55_cup.png
train,cup,143,143.png,aug,aug_train_56,aug_train_56_cup.png
train,cup,144,144.png,aug,aug_train_57,aug_train_57_cup.png
train,cup,145,145.png,aug,aug_train_58,aug_train_58_cup.png
train,cup,146,146.png,aug,aug_train_59,aug_train_59_cup.png
train,cup,147,147.png,aug,aug_train_60,aug_train_60_cup.png
train,cup,148,148.png,aug,aug_train_61,aug_train_61_cup.png
train,cup,149,149.png,aug,aug_train_62,aug_train_62_cup.png
train,cup,150,150.png,aug,aug_train_63,aug_train_63_cup.png
train,cup,151,151.png,aug,aug_train_64,aug_train_64_cup.png
train,cup,152,152.png,aug,aug_train_65,aug_train_65_cup.png
train,cup,153,153.png,aug,aug_train_66,aug_train_66_cup.png
train,cup,154,154.png,aug,aug_train_67,aug_train_67_cup.png
train,cup,155,155.png,aug,aug_train_68,aug_train_68_cup.png
train,cup,156,156.png,aug,aug_train_69,aug_train_69_cup.png
train,cup,157,157.png,aug,aug_train_70,aug_train_70_cup.png
train,cup,158,158.png,aug,aug_train_71,aug_train_71_cup.png
train,cup,159,159.png,aug,aug_train_72,aug_train_72_cup.png
train,cup,160,160.png,aug,aug_train_73,aug_train_73_cup.png
train,cup,161,161.png,aug,aug_train_74,aug_train_74_cup.png
train,cup,162,162.png,aug,aug_train_75,aug_train_75_cup.png
train,cup,163,163.png,aug,aug_train_76,aug_train_76_cup.png
train,cup,164,164.png,aug,aug_train_77,aug_train_77_cup.png
train,cup,165,165.png,aug,aug_train_78,aug_train_78_cup.png
train,cup,166,166.png,aug,aug_train_79,aug_train_79_cup.png
train,cup,167,167.png,aug,aug_train_80,aug_train_80_cup.png
train,cup,168,168.png,aug,aug_train_81,aug_train_81_cup.png
train,cup,169,169.png,aug,aug_train_82,aug_train_82_cup.png
train,cup,170,170.png,aug,aug_train_83,aug_train_83_cup.png
train,cup,171,171.png,aug,aug_train_84,aug_train_84_cup.png
train,cup,172,172.png,aug,aug_train_85,aug_train_85_cup.png
train,cup,173,173.png,aug,aug_train_86,aug_train_86_cup.png
train,cup,174,174.png,aug,aug_train_87,aug_train_87_cup.png
train,cup,175,175.png,aug,aug_train_88,aug_train_88_cup.png
train,cup,176,176.png,aug,aug_train_89,aug_train_89_cup.png
train,cup,177,177.png,aug,aug_train_90,aug_train_90_cup.png
train,cup,178,178.png,aug,aug_train_91,aug_train_91_cup.png
train,cup,179,179.png,aug,aug_train_92,aug_train_92_cup.png
train,cup,180,180.png,aug,aug_train_93,aug_train_93_cup.png
train,cup,181,181.png,aug,aug_train_94,aug_train_94_cup.png
train,cup,182,182.png,aug,aug_train_95,aug_train_95_cup.png
train,cup,183,183.png,aug,aug_train_96,aug_train_96_cup.png
train,cup,184,184.png,aug,aug_train_97,aug_train_97_cup.png
train,cup,185,185.png,aug,aug_train_98,aug_train_98_cup.png
train,cup,186,186.png,aug,aug_train_99,aug_train_99_cup.png
train,drop,1,001.png,real,set_01,set_01_drop.png
train,drop,2,002.png,real,set_02,set_02_drop.png
train,drop,3,003.png,real,set_03,set_03_drop.png
train,drop,4,004.png,real,set_04,set_04_drop.png
train,drop,5,005.png,real,set_05,set_05_drop.png
train,drop,6,006.png,real,set_06,set_06_drop.png
train,drop,7,007.png,real,set_07,set_07_drop.png
train,drop,8,008.png,real,set_08,set_08_drop.png
train,drop,9,009.png,real,set_12,set_12_drop.png
train,drop,10,010.png,real,set_13,set_13_drop.png
train,drop,11,011.png,real,set_14,set_14_drop.png
train,drop,12,012.png,real,set_16,set_16_drop.png
train,drop,13,013.png,real,set_17,set_17_drop.png
train,drop,14,014.png,real,set_19,set_19_drop.png
train,drop,15,015.png,real,set_20,set_20_drop.png
train,drop,16,016.png,real,set_21,set_21_drop.png
train,drop,17,017.png,real,set_22,set_22_drop.png
train,drop,18,018.png,real,set_24,set_24_drop.png
train,drop,19,019.png,real,set_25,set_25_drop.png
train,drop,20,020.png,real,set_28,set_28_drop.png
train,drop,21,021.png,real,set_29,set_29_drop.png
train,drop,22,022.png,real,set_31,set_31_drop.png
train,drop,23,023.png,real,set_32,set_32_drop.png
train,drop,24,024.png,real,set_33,set_33_drop.png
train,drop,25,025.png,real,set_35,set_35_drop.png
train,drop,26,026.png,real,set_37,set_37_drop.png
train,drop,27,027.png,real,set_38,set_38_drop.png
train,drop,28,028.png,real,set_39,set_39_drop.png
train,drop,29,029.png,real,set_40,set_40_drop.png
train,drop,30,030.png,real,set_42,set_42_drop.png
train,drop,31,031.png,real,set_43,set_43_drop.png
train,drop,32,032.png,real,set_45,set_45_drop.png
train,drop,33,033.png,real,set_46,set_46_drop.png
train,drop,34,034.png,real,set_47,set_47_drop.png
train,drop,35,035.png,real,set_48,set_48_drop.png
train,drop,36,036.png,real,set_49,set_49_drop.png
train,drop,37,037.png,real,set_52,set_52_drop.png
train,drop,38,038.png,real,set_54,set_54_drop.png
train,drop,39,039.png,real,set_55,set_55_drop.png
train,drop,40,040.png,real,set_56,set_56_drop.png
train,drop,41,041.png,real,set_58,set_58_drop.png
train,drop,42,042.png,real,set_59,set_59_drop.png
train,drop,43,043.png,aug,aug_train_01,aug_train_01_drop.png
train,drop,44,044.png,aug,aug_train_02,aug_train_02_drop.png
train,drop,45,045.png,aug,aug_train_03,aug_train_03_drop.png
train,drop,46,046.png,aug,aug_train_04,aug_train_04_drop.png
train,drop,47,047.png,aug,aug_train_05,aug_train_05_drop.png
train,drop,48,048.png,aug,aug_train_06,aug_train_06_drop.png
train,drop,49,049.png,aug,aug_train_07,aug_train_07_drop.png
train,drop,50,050.png,aug,aug_train_08,aug_train_08_drop.png
train,drop,51,051.png,aug,aug_train_09,aug_train_09_drop.png
train,drop,52,052.png,aug,aug_train_10,aug_train_10_drop.png
train,drop,53,053.png,aug,aug_train_100,aug_train_100_drop.png
train,drop,54,054.png,aug,aug_train_101,aug_train_101_drop.png
train,drop,55,055.png,aug,aug_train_102,aug_train_102_drop.png
train,drop,56,056.png,aug,aug_train_103,aug_train_103_drop.png
train,drop,57,057.png,aug,aug_train_104,aug_train_104_drop.png
train,drop,58,058.png,aug,aug_train_105,aug_train_105_drop.png
train,drop,59,059.png,aug,aug_train_106,aug_train_106_drop.png
train,drop,60,060.png,aug,aug_train_107,aug_train_107_drop.png
train,drop,61,061.png,aug,aug_train_108,aug_train_108_drop.png
train,drop,62,062.png,aug,aug_train_109,aug_train_109_drop.png
train,drop,63,063.png,aug,aug_train_11,aug_train_11_drop.png
train,drop,64,064.png,aug,aug_train_110,aug_train_110_drop.png
train,drop,65,065.png,aug,aug_train_111,aug_train_111_drop.png
train,drop,66,066.png,aug,aug_train_112,aug_train_112_drop.png
train,drop,67,067.png,aug,aug_train_113,aug_train_113_drop.png
train,drop,68,068.png,aug,aug_train_114,aug_train_114_drop.png
train,drop,69,069.png,aug,aug_train_115,aug_train_115_drop.png
train,drop,70,070.png,aug,aug_train_116,aug_train_116_drop.png
train,drop,71,071.png,aug,aug_train_117,aug_train_117_drop.png
train,drop,72,072.png,aug,aug_train_118,aug_train_118_drop.png
train,drop,73,073.png,aug,aug_train_119,aug_train_119_drop.png
train,drop,74,074.png,aug,aug_train_12,aug_train_12_drop.png
train,drop,75,075.png,aug,aug_train_120,aug_train_120_drop.png
train,drop,76,076.png,aug,aug_train_121,aug_train_121_drop.png
train,drop,77,077.png,aug,aug_train_122,aug_train_122_drop.png
train,drop,78,078.png,aug,aug_train_123,aug_train_123_drop.png
train,drop,79,079.png,aug,aug_train_124,aug_train_124_drop.png
train,drop,80,080.png,aug,aug_train_125,aug_train_125_drop.png
train,drop,81,081.png,aug,aug_train_126,aug_train_126_drop.png
train,drop,82,082.png,aug,aug_train_127,aug_train_127_drop.png
train,drop,83,083.png,aug,aug_train_128,aug_train_128_drop.png
train,drop,84,084.png,aug,aug_train_129,aug_train_129_drop.png
train,drop,85,085.png,aug,aug_train_13,aug_train_13_drop.png
train,drop,86,086.png,aug,aug_train_130,aug_train_130_drop.png
train,drop,87,087.png,aug,aug_train_131,aug_train_131_drop.png
train,drop,88,088.png,aug,aug_train_132,aug_train_132_drop.png
train,drop,89,089.png,aug,aug_train_133,aug_train_133_drop.png
train,drop,90,090.png,aug,aug_train_134,aug_train_134_drop.png
train,drop,91,091.png,aug,aug_train_135,aug_train_135_drop.png
train,drop,92,092.png,aug,aug_train_136,aug_train_136_drop.png
train,drop,93,093.png,aug,aug_train_137,aug_train_137_drop.png
train,drop,94,094.png,aug,aug_train_138,aug_train_138_drop.png
train,drop,95,095.png,aug,aug_train_139,aug_train_139_drop.png
train,drop,96,096.png,aug,aug_train_14,aug_train_14_drop.png
train,drop,97,097.png,aug,aug_train_140,aug_train_140_drop.png
train,drop,98,098.png,aug,aug_train_141,aug_train_141_drop.png
train,drop,99,099.png,aug,aug_train_142,aug_train_142_drop.png
train,drop,100,100.png,aug,aug_train_143,aug_train_143_drop.png
train,drop,101,101.png,aug,aug_train_144,aug_train_144_drop.png
train,drop,102,102.png,aug,aug_train_15,aug_train_15_drop.png
train,drop,103,103.png,aug,aug_train_16,aug_train_16_drop.png
train,drop,104,104.png,aug,aug_train_17,aug_train_17_drop.png
train,drop,105,105.png,aug,aug_train_18,aug_train_18_drop.png
train,drop,106,106.png,aug,aug_train_19,aug_train_19_drop.png
train,drop,107,107.png,aug,aug_train_20,aug_train_20_drop.png
train,drop,108,108.png,aug,aug_train_21,aug_train_21_drop.png
train,drop,109,109.png,aug,aug_train_22,aug_train_22_drop.png
train,drop,110,110.png,aug,aug_train_23,aug_train_23_drop.png
train,drop,111,111.png,aug,aug_train_24,aug_train_24_drop.png
train,drop,112,112.png,aug,aug_train_25,aug_train_25_drop.png
train,drop,113,113.png,aug,aug_train_26,aug_train_26_drop.png
train,drop,114,114.png,aug,aug_train_27,aug_train_27_drop.png
train,drop,115,115.png,aug,aug_train_28,aug_train_28_drop.png
train,drop,116,116.png,aug,aug_train_29,aug_train_29_drop.png
train,drop,117,117.png,aug,aug_train_30,aug_train_30_drop.png
train,drop,118,118.png,aug,aug_train_31,aug_train_31_drop.png
train,drop,119,119.png,aug,aug_train_32,aug_train_32_drop.png
train,drop,120,120.png,aug,aug_train_33,aug_train_33_drop.png
train,drop,121,121.png,aug,aug_train_34,aug_train_34_drop.png
train,drop,122,122.png,aug,aug_train_35,aug_train_35_drop.png
train,drop,123,123.png,aug,aug_train_36,aug_train_36_drop.png
train,drop,124,124.png,aug,aug_train_37,aug_train_37_drop.png
train,drop,125,125.png,aug,aug_train_38,aug_train_38_drop.png
train,drop,126,126.png,aug,aug_train_39,aug_train_39_drop.png
train,drop,127,127.png,aug,aug_train_40,aug_train_40_drop.png
train,drop,128,128.png,aug,aug_train_41,aug_train_41_drop.png
train,drop,129,129.png,aug,aug_train_42,aug_train_42_drop.png
train,drop,130,130.png,aug,aug_train_43,aug_train_43_drop.png
train,drop,131,131.png,aug,aug_train_44,aug_train_44_drop.png
train,drop,132,132.png,aug,aug_train_45,aug_train_45_drop.png
train,drop,133,133.png,aug,aug_train_46,aug_train_46_drop.png
train,drop,134,134.png,aug,aug_train_47,aug_train_47_drop.png
train,drop,135,135.png,aug,aug_train_48,aug_train_48_drop.png
train,drop,136,136.png,aug,aug_train_49,aug_train_49_drop.png
train,drop,137,137.png,aug,aug_train_50,aug_train_50_drop.png
train,drop,138,138.png,aug,aug_train_51,aug_train_51_drop.png
train,drop,139,139.png,aug,aug_train_52,aug_train_52_drop.png
train,drop,140,140.png,aug,aug_train_53,aug_train_53_drop.png
train,drop,141,141.png,aug,aug_train_54,aug_train_54_drop.png
train,drop,142,142.png,aug,aug_train_55,aug_train_55_drop.png
train,drop,143,143.png,aug,aug_train_56,aug_train_56_drop.png
train,drop,144,144.png,aug,aug_train_57,aug_train_57_drop.png
train,drop,145,145.png,aug,aug_train_58,aug_train_58_drop.png
train,drop,146,146.png,aug,aug_train_59,aug_train_59_drop.png
train,drop,147,147.png,aug,aug_train_60,aug_train_60_drop.png
train,drop,148,148.png,aug,aug_train_61,aug_train_61_drop.png
train,drop,149,149.png,aug,aug_train_62,aug_train_62_drop.png
train,drop,150,150.png,aug,aug_train_63,aug_train_63_drop.png
train,drop,151,151.png,aug,aug_train_64,aug_train_64_drop.png
train,drop,152,152.png,aug,aug_train_65,aug_train_65_drop.png
train,drop,153,153.png,aug,aug_train_66,aug_train_66_drop.png
train,drop,154,154.png,aug,aug_train_67,aug_train_67_drop.png
train,drop,155,155.png,aug,aug_train_68,aug_train_68_drop.png
train,drop,156,156.png,aug,aug_train_69,aug_train_69_drop.png
train,drop,157,157.png,aug,aug_train_70,aug_train_70_drop.png
train,drop,158,158.png,aug,aug_train_71,aug_train_71_drop.png
train,drop,159,159.png,aug,aug_train_72,aug_train_72_drop.png
train,drop,160,160.png,aug,aug_train_73,aug_train_73_drop.png
train,drop,161,161.png,aug,aug_train_74,aug_train_74_drop.png
train,drop,162,162.png,aug,aug_train_75,aug_train_75_drop.png
train,drop,163,163.png,aug,aug_train_76,aug_train_76_drop.png
train,drop,164,164.png,aug,aug_train_77,aug_train_77_drop.png
train,drop,165,165.png,aug,aug_train_78,aug_train_78_drop.png
train,drop,166,166.png,aug,aug_train_79,aug_train_79_drop.png
train,drop,167,167.png,aug,aug_train_80,aug_train_80_drop.png
train,drop,168,168.png,aug,aug_train_81,aug_train_81_drop.png
train,drop,169,169.png,aug,aug_train_82,aug_train_82_drop.png
train,drop,170,170.png,aug,aug_train_83,aug_train_83_drop.png
train,drop,171,171.png,aug,aug_train_84,aug_train_84_drop.png
train,drop,172,172.png,aug,aug_train_85,aug_train_85_drop.png
train,drop,173,173.png,aug,aug_train_86,aug_train_86_drop.png
train,drop,174,174.png,aug,aug_train_87,aug_train_87_drop.png
train,drop,175,175.png,aug,aug_train_88,aug_train_88_drop.png
train,drop,176,176.png,aug,aug_train_89,aug_train_89_drop.png
train,drop,177,177.png,aug,aug_train_90,aug_train_90_drop.png
train,drop,178,178.png,aug,aug_train_91,aug_train_91_drop.png
train,drop,179,179.png,aug,aug_train_92,aug_train_92_drop.png
train,drop,180,180.png,aug,aug_train_93,aug_train_93_drop.png
train,drop,181,181.png,aug,aug_train_94,aug_train_94_drop.png
train,drop,182,182.png,aug,aug_train_95,aug_train_95_drop.png
train,drop,183,183.png,aug,aug_train_96,aug_train_96_drop.png
train,drop,184,184.png,aug,aug_train_97,aug_train_97_drop.png
train,drop,185,185.png,aug,aug_train_98,aug_train_98_drop.png
train,drop,186,186.png,aug,aug_train_99,aug_train_99_drop.png
train,eat,1,001.png,real,set_01,set_01_eat.png
train,eat,2,002.png,real,set_02,set_02_eat.png
train,eat,3,003.png,real,set_03,set_03_eat.png
train,eat,4,004.png,real,set_04,set_04_eat.png
train,eat,5,005.png,real,set_05,set_05_eat.png
train,eat,6,006.png,real,set_06,set_06_eat.png
train,eat,7,007.png,real,set_07,set_07_eat.png
train,eat,8,008.png,real,set_08,set_08_eat.png
train,eat,9,009.png,real,set_12,set_12_eat.png
train,eat,10,010.png,real,set_13,set_13_eat.png
train,eat,11,011.png,real,set_14,set_14_eat.png
train,eat,12,012.png,real,set_16,set_16_eat.png
train,eat,13,013.png,real,set_17,set_17_eat.png
train,eat,14,014.png,real,set_19,set_19_eat.png
train,eat,15,015.png,real,set_20,set_20_eat.png
train,eat,16,016.png,real,set_21,set_21_eat.png
train,eat,17,017.png,real,set_22,set_22_eat.png
train,eat,18,018.png,real,set_24,set_24_eat.png
train,eat,19,019.png,real,set_25,set_25_eat.png
train,eat,20,020.png,real,set_28,set_28_eat.png
train,eat,21,021.png,real,set_29,set_29_eat.png
train,eat,22,022.png,real,set_31,set_31_eat.png
train,eat,23,023.png,real,set_32,set_32_eat.png
train,eat,24,024.png,real,set_33,set_33_eat.png
train,eat,25,025.png,real,set_35,set_35_eat.png
train,eat,26,026.png,real,set_37,set_37_eat.png
train,eat,27,027.png,real,set_38,set_38_eat.png
train,eat,28,028.png,real,set_39,set_39_eat.png
train,eat,29,029.png,real,set_40,set_40_eat.png
train,eat,30,030.png,real,set_42,set_42_eat.png
train,eat,31,031.png,real,set_43,set_43_eat.png
train,eat,32,032.png,real,set_45,set_45_eat.png
train,eat,33,033.png,real,set_46,set_46_eat.png
train,eat,34,034.png,real,set_47,set_47_eat.png
train,eat,35,035.png,real,set_48,set_48_eat.png
train,eat,36,036.png,real,set_49,set_49_eat.png
train,eat,37,037.png,real,set_52,set_52_eat.png
train,eat,38,038.png,real,set_54,set_54_eat.png
train,eat,39,039.png,real,set_55,set_55_eat.png
train,eat,40,040.png,real,set_56,set_56_eat.png
train,eat,41,041.png,real,set_58,set_58_eat.png
train,eat,42,042.png,real,set_59,set_59_eat.png
train,eat,43,043.png,aug,aug_train_01,aug_train_01_eat.png
train,eat,44,044.png,aug,aug_train_02,aug_train_02_eat.png
train,eat,45,045.png,aug,aug_train_03,aug_train_03_eat.png
train,eat,46,046.png,aug,aug_train_04,aug_train_04_eat.png
train,eat,47,047.png,aug,aug_train_05,aug_train_05_eat.png
train,eat,48,048.png,aug,aug_train_06,aug_train_06_eat.png
train,eat,49,049.png,aug,aug_train_07,aug_train_07_eat.png
train,eat,50,050.png,aug,aug_train_08,aug_train_08_eat.png
train,eat,51,051.png,aug,aug_train_09,aug_train_09_eat.png
train,eat,52,052.png,aug,aug_train_10,aug_train_10_eat.png
train,eat,53,053.png,aug,aug_train_100,aug_train_100_eat.png
train,eat,54,054.png,aug,aug_train_101,aug_train_101_eat.png
train,eat,55,055.png,aug,aug_train_102,aug_train_102_eat.png
train,eat,56,056.png,aug,aug_train_103,aug_train_103_eat.png
train,eat,57,057.png,aug,aug_train_104,aug_train_104_eat.png
train,eat,58,058.png,aug,aug_train_105,aug_train_105_eat.png
train,eat,59,059.png,aug,aug_train_106,aug_train_106_eat.png
train,eat,60,060.png,aug,aug_train_107,aug_train_107_eat.png
train,eat,61,061.png,aug,aug_train_108,aug_train_108_eat.png
train,eat,62,062.png,aug,aug_train_109,aug_train_109_eat.png
train,eat,63,063.png,aug,aug_train_11,aug_train_11_eat.png
train,eat,64,064.png,aug,aug_train_110,aug_train_110_eat.png
train,eat,65,065.png,aug,aug_train_111,aug_train_111_eat.png
train,eat,66,066.png,aug,aug_train_112,aug_train_112_eat.png
train,eat,67,067.png,aug,aug_train_113,aug_train_113_eat.png
train,eat,68,068.png,aug,aug_train_114,aug_train_114_eat.png
train,eat,69,069.png,aug,aug_train_115,aug_train_115_eat.png
train,eat,70,070.png,aug,aug_train_116,aug_train_116_eat.png
train,eat,71,071.png,aug,aug_train_117,aug_train_117_eat.png
train,eat,72,072.png,aug,aug_train_118,aug_train_118_eat.png
train,eat,73,073.png,aug,aug_train_119,aug_train_119_eat.png
train,eat,74,074.png,aug,aug_train_12,aug_train_12_eat.png
train,eat,75,075.png,aug,aug_train_120,aug_train_120_eat.png
train,eat,76,076.png,aug,aug_train_121,aug_train_121_eat.png
train,eat,77,077.png,aug,aug_train_122,aug_train_122_eat.png
train,eat,78,078.png,aug,aug_train_123,aug_train_123_eat.png
train,eat,79,079.png,aug,aug_train_124,aug_train_124_eat.png
train,eat,80,080.png,aug,aug_train_125,aug_train_125_eat.png
train,eat,81,081.png,aug,aug_train_126,aug_train_126_eat.png
train,eat,82,082.png,aug,aug_train_127,aug_train_127_eat.png
train,eat,83,083.png,aug,aug_train_128,aug_train_128_eat.png
train,eat,84,084.png,aug,aug_train_129,aug_train_129_eat.png
train,eat,85,085.png,aug,aug_train_13,aug_train_13_eat.png
train,eat,86,086.png,aug,aug_train_130,aug_train_130_eat.png
train,eat,87,087.png,aug,aug_train_131,aug_train_131_eat.png
train,eat,88,088.png,aug,aug_train_132,aug_train_132_eat.png
train,eat,89,089.png,aug,aug_train_133,aug_train_133_eat.png
train,eat,90,090.png,aug,aug_train_134,aug_train_134_eat.png
train,eat,91,091.png,aug,aug_train_135,aug_train_135_eat.png
train,eat,92,092.png,aug,aug_train_136,aug_train_136_eat.png
train,eat,93,093.png,aug,aug_train_137,aug_train_137_eat.png
train,eat,94,094.png,aug,aug_train_138,aug_train_138_eat.png
train,eat,95,095.png,aug,aug_train_139,aug_train_139_eat.png
train,eat,96,096.png,aug,aug_train_14,aug_train_14_eat.png
train,eat,97,097.png,aug,aug_train_140,aug_train_140_eat.png
train,eat,98,098.png,aug,aug_train_141,aug_train_141_eat.png
train,eat,99,099.png,aug,aug_train_142,aug_train_142_eat.png
train,eat,100,100.png,aug,aug_train_143,aug_train_143_eat.png
train,eat,101,101.png,aug,aug_train_144,aug_train_144_eat.png
train,eat,102,102.png,aug,aug_train_15,aug_train_15_eat.png
train,eat,103,103.png,aug,aug_train_16,aug_train_16_eat.png
train,eat,104,104.png,aug,aug_train_17,aug_train_17_eat.png
train,eat,105,105.png,aug,aug_train_18,aug_train_18_eat.png
train,eat,106,106.png,aug,aug_train_19,aug_train_19_eat.png
train,eat,107,107.png,aug,aug_train_20,aug_train_20_eat.png
train,eat,108,108.png,aug,aug_train_21,aug_train_21_eat.png
train,eat,109,109.png,aug,aug_train_22,aug_train_22_eat.png
train,eat,110,110.png,aug,aug_train_23,aug_train_23_eat.png
train,eat,111,111.png,aug,aug_train_24,aug_train_24_eat.png
train,eat,112,112.png,aug,aug_train_25,aug_train_25_eat.png
train,eat,113,113.png,aug,aug_train_26,aug_train_26_eat.png
train,eat,114,114.png,aug,aug_train_27,aug_train_27_eat.png
train,eat,115,115.png,aug,aug_train_28,aug_train_28_eat.png
train,eat,116,116.png,aug,aug_train_29,aug_train_29_eat.png
train,eat,117,117.png,aug,aug_train_30,aug_train_30_eat.png
train,eat,118,118.png,aug,aug_train_31,aug_train_31_eat.png
train,eat,119,119.png,aug,aug_train_32,aug_train_32_eat.png
train,eat,120,120.png,aug,aug_train_33,aug_train_33_eat.png
train,eat,121,121.png,aug,aug_train_34,aug_train_34_eat.png
train,eat,122,122.png,aug,aug_train_35,aug_train_35_eat.png
train,eat,123,123.png,aug,aug_train_36,aug_train_36_eat.png
train,eat,124,124.png,aug,aug_train_37,aug_train_37_eat.png
train,eat,125,125.png,aug,aug_train_38,aug_train_38_eat.png
train,eat,126,126.png,aug,aug_train_39,aug_train_39_eat.png
train,eat,127,127.png,aug,aug_train_40,aug_train_40_eat.png
train,eat,128,128.png,aug,aug_train_41,aug_train_41_eat.png
train,eat,129,129.png,aug,aug_train_42,aug_train_42_eat.png
train,eat,130,130.png,aug,aug_train_43,aug_train_43_eat.png
train,eat,131,131.png,aug,aug_train_44,aug_train_44_eat.png
train,eat,132,132.png,aug,aug_train_45,aug_train_45_eat.png
train,eat,133,133.png,aug,aug_train_46,aug_train_46_eat.png
train,eat,134,134.png,aug,aug_train_47,aug_train_47_eat.png
train,eat,135,135.png,aug,aug_train_48,aug_train_48_eat.png
train,eat,136,136.png,aug,aug_train_49,aug_train_49_eat.png
train,eat,137,137.png,aug,aug_train_50,aug_train_50_eat.png
train,eat,138,138.png,aug,aug_train_51,aug_train_51_eat.png
train,eat,139,139.png,aug,aug_train_52,aug_train_52_eat.png
train,eat,140,140.png,aug,aug_train_53,aug_train_53_eat.png
train,eat,141,141.png,aug,aug_train_54,aug_train_54_eat.png
train,eat,142,142.png,aug,aug_train_55,aug_train_55_eat.png
train,eat,143,143.png,aug,aug_train_56,aug_train_56_eat.png
train,eat,144,144.png,aug,aug_train_57,aug_train_57_eat.png
train,eat,145,145.png,aug,aug_train_58,aug_train_58_eat.png
train,eat,146,146.png,aug,aug_train_59,aug_train_59_eat.png
train,eat,147,147.png,aug,aug_train_60,aug_train_60_eat.png
train,eat,148,148.png,aug,aug_train_61,aug_train_61_eat.png
train,eat,149,149.png,aug,aug_train_62,aug_train_62_eat.png
train,eat,150,150.png,aug,aug_train_63,aug_train_63_eat.png
train,eat,151,151.png,aug,aug_train_64,aug_train_64_eat.png
train,eat,152,152.png,aug,aug_train_65,aug_train_65_eat.png
train,eat,153,153.png,aug,aug_train_66,aug_train_66_eat.png
train,eat,154,154.png,aug,aug_train_67,aug_train_67_eat.png
train,eat,155,155.png,aug,aug_train_68,aug_train_68_eat.png
train,eat,156,156.png,aug,aug_train_69,aug_train_69_eat.png
train,eat,157,157.png,aug,aug_train_70,aug_train_70_eat.png
train,eat,158,158.png,aug,aug_train_71,aug_train_71_eat.png
train,eat,159,159.png,aug,aug_train_72,aug_train_72_eat.png
train,eat,160,160.png,aug,aug_train_73,aug_train_73_eat.png
train,eat,161,161.png,aug,aug_train_74,aug_train_74_eat.png
train,eat,162,162.png,aug,aug_train_75,aug_train_75_eat.png
train,eat,163,163.png,aug,aug_train_76,aug_train_76_eat.png
train,eat,164,164.png,aug,aug_train_77,aug_train_77_eat.png
train,eat,165,165.png,aug,aug_train_78,aug_train_78_eat.png
train,eat,166,166.png,aug,aug_train_79,aug_train_79_eat.png
train,eat,167,167.png,aug,aug_train_80,aug_train_80_eat.png
train,eat,168,168.png,aug,aug_train_81,aug_train_81_eat.png
train,eat,169,169.png,aug,aug_train_82,aug_train_82_eat.png
train,eat,170,170.png,aug,aug_train_83,aug_train_83_eat.png
train,eat,171,171.png,aug,aug_train_84,aug_train_84_eat.png
train,eat,172,172.png,aug,aug_train_85,aug_train_85_eat.png
train,eat,173,173.png,aug,aug_train_86,aug_train_86_eat.png
train,eat,174,174.png,aug,aug_train_87,aug_train_87_eat.png
train,eat,175,175.png,aug,aug_train_88,aug_train_88_eat.png
train,eat,176,176.png,aug,aug_train_89,aug_train_89_eat.png
train,eat,177,177.png,aug,aug_train_90,aug_train_90_eat.png
train,eat,178,178.png,aug,aug_train_91,aug_train_91_eat.png
train,eat,179,179.png,aug,aug_train_92,aug_train_92_eat.png
train,eat,180,180.png,aug,aug_train_93,aug_train_93_eat.png
train,eat,181,181.png,aug,aug_train_94,aug_train_94_eat.png
train,eat,182,182.png,aug,aug_train_95,aug_train_95_eat.png
train,eat,183,183.png,aug,aug_train_96,aug_train_96_eat.png
train,eat,184,184.png,aug,aug_train_97,aug_train_97_eat.png
train,eat,185,185.png,aug,aug_train_98,aug_train_98_eat.png
train,eat,186,186.png,aug,aug_train_99,aug_train_99_eat.png
train,fish,1,001.png,real,set_01,set_01_fish.png
train,fish,2,002.png,real,set_02,set_02_fish.png
train,fish,3,003.png,real,set_03,set_03_fish.png
train,fish,4,004.png,real,set_04,set_04_fish.png
train,fish,5,005.png,real,set_05,set_05_fish.png
train,fish,6,006.png,real,set_06,set_06_fish.png
train,fish,7,007.png,real,set_07,set_07_fish.png
train,fish,8,008.png,real,set_08,set_08_fish.png
train,fish,9,009.png,real,set_12,set_12_fish.png
train,fish,10,010.png,real,set_13,set_13_fish.png
train,fish,11,011.png,real,set_14,set_14_fish.png
train,fish,12,012.png,real,set_16,set_16_fish.png
train,fish,13,013.png,real,set_17,set_17_fish.png
train,fish,14,014.png,real,set_19,set_19_fish.png
train,fish,15,015.png,real,set_20,set_20_fish.png
train,fish,16,016.png,real,set_21,set_21_fish.png
train,fish,17,017.png,real,set_22,set_22_fish.png
train,fish,18,018.png,real,set_24,set_24_fish.png
train,fish,19,019.png,real,set_25,set_25_fish.png
train,fish,20,020.png,real,set_28,set_28_fish.png
train,fish,21,021.png,real,set_29,set_29_fish.png
train,fish,22,022.png,real,set_31,set_31_fish.png
train,fish,23,023.png,real,set_32,set_32_fish.png
train,fish,24,024.png,real,set_33,set_33_fish.png
train,fish,25,025.png,real,set_35,set_35_fish.png
train,fish,26,026.png,real,set_37,set_37_fish.png
train,fish,27,027.png,real,set_38,set_38_fish.png
train,fish,28,028.png,real,set_39,set_39_fish.png
train,fish,29,029.png,real,set_40,set_40_fish.png
train,fish,30,030.png,real,set_42,set_42_fish.png
train,fish,31,031.png,real,set_43,set_43_fish.png
train,fish,32,032.png,real,set_45,set_45_fish.png
train,fish,33,033.png,real,set_46,set_46_fish.png
train,fish,34,034.png,real,set_47,set_47_fish.png
train,fish,35,035.png,real,set_48,set_48_fish.png
train,fish,36,036.png,real,set_49,set_49_fish.png
train,fish,37,037.png,real,set_52,set_52_fish.png
train,fish,38,038.png,real,set_54,set_54_fish.png
train,fish,39,039.png,real,set_55,set_55_fish.png
train,fish,40,040.png,real,set_56,set_56_fish.png
train,fish,41,041.png,real,set_58,set_58_fish.png
train,fish,42,042.png,real,set_59,set_59_fish.png
train,fish,43,043.png,aug,aug_train_01,aug_train_01_fish.png
train,fish,44,044.png,aug,aug_train_02,aug_train_02_fish.png
train,fish,45,045.png,aug,aug_train_03,aug_train_03_fish.png
train,fish,46,046.png,aug,aug_train_04,aug_train_04_fish.png
train,fish,47,047.png,aug,aug_train_05,aug_train_05_fish.png
train,fish,48,048.png,aug,aug_train_06,aug_train_06_fish.png
train,fish,49,049.png,aug,aug_train_07,aug_train_07_fish.png
train,fish,50,050.png,aug,aug_train_08,aug_train_08_fish.png
train,fish,51,051.png,aug,aug_train_09,aug_train_09_fish.png
train,fish,52,052.png,aug,aug_train_10,aug_train_10_fish.png
train,fish,53,053.png,aug,aug_train_100,aug_train_100_fish.png
train,fish,54,054.png,aug,aug_train_101,aug_train_101_fish.png
train,fish,55,055.png,aug,aug_train_102,aug_train_102_fish.png
train,fish,56,056.png,aug,aug_train_103,aug_train_103_fish.png
train,fish,57,057.png,aug,aug_train_104,aug_train_104_fish.png
train,fish,58,058.png,aug,aug_train_105,aug_train_105_fish.png
train,fish,59,059.png,aug,aug_train_106,aug_train_106_fish.png
train,fish,60,060.png,aug,aug_train_107,aug_train_107_fish.png
train,fish,61,061.png,aug,aug_train_108,aug_train_108_fish.png
train,fish,62,062.png,aug,aug_train_109,aug_train_109_fish.png
train,fish,63,063.png,aug,aug_train_11,aug_train_11_fish.png
train,fish,64,064.png,aug,aug_train_110,aug_train_110_fish.png
train,fish,65,065.png,aug,aug_train_111,aug_train_111_fish.png
train,fish,66,066.png,aug,aug_train_112,aug_train_112_fish.png
train,fish,67,067.png,aug,aug_train_113,aug_train_113_fish.png
train,fish,68,068.png,aug,aug_train_114,aug_train_114_fish.png
train,fish,69,069.png,aug,aug_train_115,aug_train_115_fish.png
train,fish,70,070.png,aug,aug_train_116,aug_train_116_fish.png
train,fish,71,071.png,aug,aug_train_117,aug_train_117_fish.png
train,fish,72,072.png,aug,aug_train_118,aug_train_118_fish.png
train,fish,73,073.png,aug,aug_train_119,aug_train_119_fish.png
train,fish,74,074.png,aug,aug_train_12,aug_train_12_fish.png
train,fish,75,075.png,aug,aug_train_120,aug_train_120_fish.png
train,fish,76,076.png,aug,aug_train_121,aug_train_121_fish.png
train,fish,77,077.png,aug,aug_train_122,aug_train_122_fish.png
train,fish,78,078.png,aug,aug_train_123,aug_train_123_fish.png
train,fish,79,079.png,aug,aug_train_124,aug_train_124_fish.png
train,fish,80,080.png,aug,aug_train_125,aug_train_125_fish.png
train,fish,81,081.png,aug,aug_train_126,aug_train_126_fish.png
train,fish,82,082.png,aug,aug_train_127,aug_train_127_fish.png
train,fish,83,083.png,aug,aug_train_128,aug_train_128_fish.png
train,fish,84,084.png,aug,aug_train_129,aug_train_129_fish.png
train,fish,85,085.png,aug,aug_train_13,aug_train_13_fish.png
train,fish,86,086.png,aug,aug_train_130,aug_train_130_fish.png
train,fish,87,087.png,aug,aug_train_131,aug_train_131_fish.png
train,fish,88,088.png,aug,aug_train_132,aug_train_132_fish.png
train,fish,89,089.png,aug,aug_train_133,aug_train_133_fish.png
train,fish,90,090.png,aug,aug_train_134,aug_train_134_fish.png
train,fish,91,091.png,aug,aug_train_135,aug_train_135_fish.png
train,fish,92,092.png,aug,aug_train_136,aug_train_136_fish.png
train,fish,93,093.png,aug,aug_train_137,aug_train_137_fish.png
train,fish,94,094.png,aug,aug_train_138,aug_train_138_fish.png
train,fish,95,095.png,aug,aug_train_139,aug_train_139_fish.png
train,fish,96,096.png,aug,aug_train_14,aug_train_14_fish.png
train,fish,97,097.png,aug,aug_train_140,aug_train_140_fish.png
train,fish,98,098.png,aug,aug_train_141,aug_train_141_fish.png
train,fish,99,099.png,aug,aug_train_142,aug_train_142_fish.png
train,fish,100,100.png,aug,aug_train_143,aug_train_143_fish.png
train,fish,101,101.png,aug,aug_train_144,aug_train_144_fish.png
train,fish,102,102.png,aug,aug_train_15,aug_train_15_fish.png
train,fish,103,103.png,aug,aug_train_16,aug_train_16_fish.png
train,fish,104,104.png,aug,aug_train_17,aug_train_17_fish.png
train,fish,105,105.png,aug,aug_train_18,aug_train_18_fish.png
train,fish,106,106.png,aug,aug_train_19,aug_train_19_fish.png
train,fish,107,107.png,aug,aug_train_20,aug_train_20_fish.png
train,fish,108,108.png,aug,aug_train_21,aug_train_21_fish.png
train,fish,109,109.png,aug,aug_train_22,aug_train_22_fish.png
train,fish,110,110.png,aug,aug_train_23,aug_train_23_fish.png
train,fish,111,111.png,aug,aug_train_24,aug_train_24_fish.png
train,fish,112,112.png,aug,aug_train_25,aug_train_25_fish.png
train,fish,113,113.png,aug,aug_train_26,aug_train_26_fish.png
train,fish,114,114.png,aug,aug_train_27,aug_train_27_fish.png
train,fish,115,115.png,aug,aug_train_28,aug_train_28_fish.png
train,fish,116,116.png,aug,aug_train_29,aug_train_29_fish.png
train,fish,117,117.png,aug,aug_train_30,aug_train_30_fish.png
train,fish,118,118.png,aug,aug_train_31,aug_train_31_fish.png
train,fish,119,119.png,aug,aug_train_32,aug_train_32_fish.png
train,fish,120,120.png,aug,aug_train_33,aug_train_33_fish.png
train,fish,121,121.png,aug,aug_train_34,aug_train_34_fish.png
train,fish,122,122.png,aug,aug_train_35,aug_train_35_fish.png
train,fish,123,123.png,aug,aug_train_36,aug_train_36_fish.png
train,fish,124,124.png,aug,aug_train_37,aug_train_37_fish.png
train,fish,125,125.png,aug,aug_train_38,aug_train_38_fish.png
train,fish,126,126.png,aug,aug_train_39,aug_train_39_fish.png
train,fish,127,127.png,aug,aug_train_40,aug_train_40_fish.png
train,fish,128,128.png,aug,aug_train_41,aug_train_41_fish.png
train,fish,129,129.png,aug,aug_train_42,aug_train_42_fish.png
train,fish,130,130.png,aug,aug_train_43,aug_train_43_fish.png
train,fish,131,131.png,aug,aug_train_44,aug_train_44_fish.png
train,fish,132,132.png,aug,aug_train_45,aug_train_45_fish.png
train,fish,133,133.png,aug,aug_train_46,aug_train_46_fish.png
train,fish,134,134.png,aug,aug_train_47,aug_train_47_fish.png
train,fish,135,135.png,aug,aug_train_48,aug_train_48_fish.png
train,fish,136,136.png,aug,aug_train_49,aug_train_49_fish.png
train,fish,137,137.png,aug,aug_train_50,aug_train_50_fish.png
train,fish,138,138.png,aug,aug_train_51,aug_train_51_fish.png
train,fish,139,139.png,aug,aug_train_52,aug_train_52_fish.png
train,fish,140,140.png,aug,aug_train_53,aug_train_53_fish.png
train,fish,141,141.png,aug,aug_train_54,aug_train_54_fish.png
train,fish,142,142.png,aug,aug_train_55,aug_train_55_fish.png
train,fish,143,143.png,aug,aug_train_56,aug_train_56_fish.png
train,fish,144,144.png,aug,aug_train_57,aug_train_57_fish.png
train,fish,145,145.png,aug,aug_train_58,aug_train_58_fish.png
train,fish,146,146.png,aug,aug_train_59,aug_train_59_fish.png
train,fish,147,147.png,aug,aug_train_60,aug_train_60_fish.png
train,fish,148,148.png,aug,aug_train_61,aug_train_61_fish.png
train,fish,149,149.png,aug,aug_train_62,aug_train_62_fish.png
train,fish,150,150.png,aug,aug_train_63,aug_train_63_fish.png
train,fish,151,151.png,aug,aug_train_64,aug_train_64_fish.png
train,fish,152,152.png,aug,aug_train_65,aug_train_65_fish.png
train,fish,153,153.png,aug,aug_train_66,aug_train_66_fish.png
train,fish,154,154.png,aug,aug_train_67,aug_train_67_fish.png
train,fish,155,155.png,aug,aug_train_68,aug_train_68_fish.png
train,fish,156,156.png,aug,aug_train_69,aug_train_69_fish.png
train,fish,157,157.png,aug,aug_train_70,aug_train_70_fish.png
train,fish,158,158.png,aug,aug_train_71,aug_train_71_fish.png
train,fish,159,159.png,aug,aug_train_72,aug_train_72_fish.png
train,fish,160,160.png,aug,aug_train_73,aug_train_73_fish.png
train,fish,161,161.png,aug,aug_train_74,aug_train_74_fish.png
train,fish,162,162.png,aug,aug_train_75,aug_train_75_fish.png
train,fish,163,163.png,aug,aug_train_76,aug_train_76_fish.png
train,fish,164,164.png,aug,aug_train_77,aug_train_77_fish.png
train,fish,165,165.png,aug,aug_train_78,aug_train_78_fish.png
train,fish,166,166.png,aug,aug_train_79,aug_train_79_fish.png
train,fish,167,167.png,aug,aug_train_80,aug_train_80_fish.png
train,fish,168,168.png,aug,aug_train_81,aug_train_81_fish.png
train,fish,169,169.png,aug,aug_train_82,aug_train_82_fish.png
train,fish,170,170.png,aug,aug_train_83,aug_train_83_fish.png
train,fish,171,171.png,aug,aug_train_84,aug_train_84_fish.png
train,fish,172,172.png,aug,aug_train_85,aug_train_85_fish.png
train,fish,173,173.png,aug,aug_train_86,aug_train_86_fish.png
train,fish,174,174.png,aug,aug_train_87,aug_train_87_fish.png
train,fish,175,175.png,aug,aug_train_88,aug_train_88_fish.png
train,fish,176,176.png,aug,aug_train_89,aug_train_89_fish.png
train,fish,177,177.png,aug,aug_train_90,aug_train_90_fish.png
train,fish,178,178.png,aug,aug_train_91,aug_train_91_fish.png
train,fish,179,179.png,aug,aug_train_92,aug_train_92_fish.png
train,fish,180,180.png,aug,aug_train_93,aug_train_93_fish.png
train,fish,181,181.png,aug,aug_train_94,aug_train_94_fish.png
train,fish,182,182.png,aug,aug_train_95,aug_train_95_fish.png
train,fish,183,183.png,aug,aug_train_96,aug_train_96_fish.png
train,fish,184,184.png,aug,aug_train_97,aug_train_97_fish.png
train,fish,185,185.png,aug,aug_train_98,aug_train_98_fish.png
train,fish,186,186.png,aug,aug_train_99,aug_train_99_fish.png
train,hot,1,001.png,real,set_01,set_01_hot.png
train,hot,2,002.png,real,set_02,set_02_hot.png
train,hot,3,003.png,real,set_03,set_03_hot.png
train,hot,4,004.png,real,set_04,set_04_hot.png
train,hot,5,005.png,real,set_05,set_05_hot.png
train,hot,6,006.png,real,set_06,set_06_hot.png
train,hot,7,007.png,real,set_07,set_07_hot.png
train,hot,8,008.png,real,set_08,set_08_hot.png
train,hot,9,009.png,real,set_12,set_12_hot.png
train,hot,10,010.png,real,set_13,set_13_hot.png
train,hot,11,011.png,real,set_14,set_14_hot.png
train,hot,12,012.png,real,set_16,set_16_hot.png
train,hot,13,013.png,real,set_17,set_17_hot.png
train,hot,14,014.png,real,set_19,set_19_hot.png
train,hot,15,015.png,real,set_20,set_20_hot.png
train,hot,16,016.png,real,set_21,set_21_hot.png
train,hot,17,017.png,real,set_22,set_22_hot.png
train,hot,18,018.png,real,set_24,set_24_hot.png
train,hot,19,019.png,real,set_25,set_25_hot.png
train,hot,20,020.png,real,set_28,set_28_hot.png
train,hot,21,021.png,real,set_29,set_29_hot.png
train,hot,22,022.png,real,set_31,set_31_hot.png
train,hot,23,023.png,real,set_32,set_32_hot.png
train,hot,24,024.png,real,set_33,set_33_hot.png
train,hot,25,025.png,real,set_35,set_35_hot.png
train,hot,26,026.png,real,set_37,set_37_hot.png
train,hot,27,027.png,real,set_38,set_38_hot.png
train,hot,28,028.png,real,set_39,set_39_hot.png
train,hot,29,029.png,real,set_40,set_40_hot.png
train,hot,30,030.png,real,set_42,set_42_hot.png
train,hot,31,031.png,real,set_43,set_43_hot.png
train,hot,32,032.png,real,set_45,set_45_hot.png
train,hot,33,033.png,real,set_46,set_46_hot.png
train,hot,34,034.png,real,set_47,set_47_hot.png
train,hot,35,035.png,real,set_48,set_48_hot.png
train,hot,36,036.png,real,set_49,set_49_hot.png
train,hot,37,037.png,real,set_52,set_52_hot.png
train,hot,38,038.png,real,set_54,set_54_hot.png
train,hot,39,039.png,real,set_55,set_55_hot.png
train,hot,40,040.png,real,set_56,set_56_hot.png
train,hot,41,041.png,real,set_58,set_58_hot.png
train,hot,42,042.png,real,set_59,set_59_hot.png
train,hot,43,043.png,aug,aug_train_01,aug_train_01_hot.png
train,hot,44,044.png,aug,aug_train_02,aug_train_02_hot.png
train,hot,45,045.png,aug,aug_train_03,aug_train_03_hot.png
train,hot,46,046.png,aug,aug_train_04,aug_train_04_hot.png
train,hot,47,047.png,aug,aug_train_05,aug_train_05_hot.png
train,hot,48,048.png,aug,aug_train_06,aug_train_06_hot.png
train,hot,49,049.png,aug,aug_train_07,aug_train_07_hot.png
train,hot,50,050.png,aug,aug_train_08,aug_train_08_hot.png
train,hot,51,051.png,aug,aug_train_09,aug_train_09_hot.png
train,hot,52,052.png,aug,aug_train_10,aug_train_10_hot.png
train,hot,53,053.png,aug,aug_train_100,aug_train_100_hot.png
train,hot,54,054.png,aug,aug_train_101,aug_train_101_hot.png
train,hot,55,055.png,aug,aug_train_102,aug_train_102_hot.png
train,hot,56,056.png,aug,aug_train_103,aug_train_103_hot.png
train,hot,57,057.png,aug,aug_train_104,aug_train_104_hot.png
train,hot,58,058.png,aug,aug_train_105,aug_train_105_hot.png
train,hot,59,059.png,aug,aug_train_106,aug_train_106_hot.png
train,hot,60,060.png,aug,aug_train_107,aug_train_107_hot.png
train,hot,61,061.png,aug,aug_train_108,aug_train_108_hot.png
train,hot,62,062.png,aug,aug_train_109,aug_train_109_hot.png
train,hot,63,063.png,aug,aug_train_11,aug_train_11_hot.png
train,hot,64,064.png,aug,aug_train_110,aug_train_110_hot.png
train,hot,65,065.png,aug,aug_train_111,aug_train_111_hot.png
train,hot,66,066.png,aug,aug_train_112,aug_train_112_hot.png
train,hot,67,067.png,aug,aug_train_113,aug_train_113_hot.png
train,hot,68,068.png,aug,aug_train_114,aug_train_114_hot.png
train,hot,69,069.png,aug,aug_train_115,aug_train_115_hot.png
train,hot,70,070.png,aug,aug_train_116,aug_train_116_hot.png
train,hot,71,071.png,aug,aug_train_117,aug_train_117_hot.png
train,hot,72,072.png,aug,aug_train_118,aug_train_118_hot.png
train,hot,73,073.png,aug,aug_train_119,aug_train_119_hot.png
train,hot,74,074.png,aug,aug_train_12,aug_train_12_hot.png
train,hot,75,075.png,aug,aug_train_120,aug_train_120_hot.png
train,hot,76,076.png,aug,aug_train_121,aug_train_121_hot.png
train,hot,77,077.png,aug,aug_train_122,aug_train_122_hot.png
train,hot,78,078.png,aug,aug_train_123,aug_train_123_hot.png
train,hot,79,079.png,aug,aug_train_124,aug_train_124_hot.png
train,hot,80,080.png,aug,aug_train_125,aug_train_125_hot.png
train,hot,81,081.png,aug,aug_train_126,aug_train_126_hot.png
train,hot,82,082.png,aug,aug_train_127,aug_train_127_hot.png
train,hot,83,083.png,aug,aug_train_128,aug_train_128_hot.png
train,hot,84,084.png,aug,aug_train_129,aug_train_129_hot.png
train,hot,85,085.png,aug,aug_train_13,aug_train_13_hot.png
train,hot,86,086.png,aug,aug_train_130,aug_train_130_hot.png
train,hot,87,087.png,aug,aug_train_131,aug_train_131_hot.png
train,hot,88,088.png,aug,aug_train_132,aug_train_132_hot.png
train,hot,89,089.png,aug,aug_train_133,aug_train_133_hot.png
train,hot,90,090.png,aug,aug_train_134,aug_train_134_hot.png
train,hot,91,091.png,aug,aug_train_135,aug_train_135_hot.png
train,hot,92,092.png,aug,aug_train_136,aug_train_136_hot.png
train,hot,93,093.png,aug,aug_train_137,aug_train_137_hot.png
train,hot,94,094.png,aug,aug_train_138,aug_train_138_hot.png
train,hot,95,095.png,aug,aug_train_139,aug_train_139_hot.png
train,hot,96,096.png,aug,aug_train_14,aug_train_14_hot.png
train,hot,97,097.png,aug,aug_train_140,aug_train_140_hot.png
train,hot,98,098.png,aug,aug_train_141,aug_train_141_hot.png
train,hot,99,099.png,aug,aug_train_142,aug_train_142_hot.png
train,hot,100,100.png,aug,aug_train_143,aug_train_143_hot.png
train,hot,101,101.png,aug,aug_train_144,aug_train_144_hot.png
train,hot,102,102.png,aug,aug_train_15,aug_train_15_hot.png
train,hot,103,103.png,aug,aug_train_16,aug_train_16_hot.png
train,hot,104,104.png,aug,aug_train_17,aug_train_17_hot.png
train,hot,105,105.png,aug,aug_train_18,aug_train_18_hot.png
train,hot,106,106.png,aug,aug_train_19,aug_train_19_hot.png
train,hot,107,107.png,aug,aug_train_20,aug_train_20_hot.png
train,hot,108,108.png,aug,aug_train_21,aug_train_21_hot.png
train,hot,109,109.png,aug,aug_train_22,aug_train_22_hot.png
train,hot,110,110.png,aug,aug_train_23,aug_train_23_hot.png
train,hot,111,111.png,aug,aug_train_24,aug_train_24_hot.png
train,hot,112,112.png,aug,aug_train_25,aug_train_25_hot.png
train,hot,113,113.png,aug,aug_train_26,aug_train_26_hot.png
train,hot,114,114.png,aug,aug_train_27,aug_train_27_hot.png
train,hot,115,115.png,aug,aug_train_28,aug_train_28_hot.png
train,hot,116,116.png,aug,aug_train_29,aug_train_29_hot.png
train,hot,117,117.png,aug,aug_train_30,aug_train_30_hot.png
train,hot,118,118.png,aug,aug_train_31,aug_train_31_hot.png
train,hot,119,119.png,aug,aug_train_32,aug_train_32_hot.png
train,hot,120,120.png,aug,aug_train_33,aug_train_33_hot.png
train,hot,121,121.png,aug,aug_train_34,aug_train_34_hot.png
train,hot,122,122.png,aug,aug_train_35,aug_train_35_hot.png
train,hot,123,123.png,aug,aug_train_36,aug_train_36_hot.png
train,hot,124,124.png,aug,aug_train_37,aug_train_37_hot.png
train,hot,125,125.png,aug,aug_train_38,aug_train_38_hot.png
train,hot,126,126.png,aug,aug_train_39,aug_train_39_hot.png
train,hot,127,127.png,aug,aug_train_40,aug_train_40_hot.png
train,hot,128,128.png,aug,aug_train_41,aug_train_41_hot.png
train,hot,129,129.png,aug,aug_train_42,aug_train_42_hot.png
train,hot,130,130.png,aug,aug_train_43,aug_train_43_hot.png
train,hot,131,131.png,aug,aug_train_44,aug_train_44_hot.png
train,hot,132,132.png,aug,aug_train_45,aug_train_45_hot.png
train,hot,133,133.png,aug,aug_train_46,aug_train_46_hot.png
train,hot,134,134.png,aug,aug_train_47,aug_train_47_hot.png
train,hot,135,135.png,aug,aug_train_48,aug_train_48_hot.png
train,hot,136,136.png,aug,aug_train_49,aug_train_49_hot.png
train,hot,137,137.png,aug,aug_train_50,aug_train_50_hot.png
train,hot,138,138.png,aug,aug_train_51,aug_train_51_hot.png
train,hot,139,139.png,aug,aug_train_52,aug_train_52_hot.png
train,hot,140,140.png,aug,aug_train_53,aug_train_53_hot.png
train,hot,141,141.png,aug,aug_train_54,aug_train_54_hot.png
train,hot,142,142.png,aug,aug_train_55,aug_train_55_hot.png
train,hot,143,143.png,aug,aug_train_56,aug_train_56_hot.png
train,hot,144,144.png,aug,aug_train_57,aug_train_57_hot.png
train,hot,145,145.png,aug,aug_train_58,aug_train_58_hot.png
train,hot,146,146.png,aug,aug_train_59,aug_train_59_hot.png
train,hot,147,147.png,aug,aug_train_60,aug_train_60_hot.png
train,hot,148,148.png,aug,aug_train_61,aug_train_61_hot.png
train,hot,149,149.png,aug,aug_train_62,aug_train_62_hot.png
train,hot,150,150.png,aug,aug_train_63,aug_train_63_hot.png
train,hot,151,151.png,aug,aug_train_64,aug_train_64_hot.png
train,hot,152,152.png,aug,aug_train_65,aug_train_65_hot.png
train,hot,153,153.png,aug,aug_train_66,aug_train_66_hot.png
train,hot,154,154.png,aug,aug_train_67,aug_train_67_hot.png
train,hot,155,155.png,aug,aug_train_68,aug_train_68_hot.png
train,hot,156,156.png,aug,aug_train_69,aug_train_69_hot.png
train,hot,157,157.png,aug,aug_train_70,aug_train_70_hot.png
train,hot,158,158.png,aug,aug_train_71,aug_train_71_hot.png
train,hot,159,159.png,aug,aug_train_72,aug_train_72_hot.png
train,hot,160,160.png,aug,aug_train_73,aug_train_73_hot.png
train,hot,161,161.png,aug,aug_train_74,aug_train_74_hot.png
train,hot,162,162.png,aug,aug_train_75,aug_train_75_hot.png
train,hot,163,163.png,aug,aug_train_76,aug_train_76_hot.png
train,hot,164,164.png,aug,aug_train_77,aug_train_77_hot.png
train,hot,165,165.png,aug,aug_train_78,aug_train_78_hot.png
train,hot,166,166.png,aug,aug_train_79,aug_train_79_hot.png
train,hot,167,167.png,aug,aug_train_80,aug_train_80_hot.png
train,hot,168,168.png,aug,aug_train_81,aug_train_81_hot.png
train,hot,169,169.png,aug,aug_train_82,aug_train_82_hot.png
train,hot,170,170.png,aug,aug_train_83,aug_train_83_hot.png
train,hot,171,171.png,aug,aug_train_84,aug_train_84_hot.png
train,hot,172,172.png,aug,aug_train_85,aug_train_85_hot.png
train,hot,173,173.png,aug,aug_train_86,aug_train_86_hot.png
train,hot,174,174.png,aug,aug_train_87,aug_train_87_hot.png
train,hot,175,175.png,aug,aug_train_88,aug_train_88_hot.png
train,hot,176,176.png,aug,aug_train_89,aug_train_89_hot.png
train,hot,177,177.png,aug,aug_train_90,aug_train_90_hot.png
train,hot,178,178.png,aug,aug_train_91,aug_train_91_hot.png
train,hot,179,179.png,aug,aug_train_92,aug_train_92_hot.png
train,hot,180,180.png,aug,aug_train_93,aug_train_93_hot.png
train,hot,181,181.png,aug,aug_train_94,aug_train_94_hot.png
train,hot,182,182.png,aug,aug_train_95,aug_train_95_hot.png
train,hot,183,183.png,aug,aug_train_96,aug_train_96_hot.png
train,hot,184,184.png,aug,aug_train_97,aug_train_97_hot.png
train,hot,185,185.png,aug,aug_train_98,aug_train_98_hot.png
train,hot,186,186.png,aug,aug_train_99,aug_train_99_hot.png
train,jump,1,001.png,real,set_01,set_01_jump.png
train,jump,2,002.png,real,set_02,set_02_jump.png
train,jump,3,003.png,real,set_03,set_03_jump.png
train,jump,4,004.png,real,set_04,set_04_jump.png
train,jump,5,005.png,real,set_05,set_05_jump.png
train,jump,6,006.png,real,set_06,set_06_jump.png
train,jump,7,007.png,real,set_07,set_07_jump.png
train,jump,8,008.png,real,set_08,set_08_jump.png
train,jump,9,009.png,real,set_12,set_12_jump.png
train,jump,10,010.png,real,set_13,set_13_jump.png
train,jump,11,011.png,real,set_14,set_14_jump.png
train,jump,12,012.png,real,set_16,set_16_jump.png
train,jump,13,013.png,real,set_17,set_17_jump.png
train,jump,14,014.png,real,set_19,set_19_jump.png
train,jump,15,015.png,real,set_20,set_20_jump.png
train,jump,16,016.png,real,set_21,set_21_jump.png
train,jump,17,017.png,real,set_22,set_22_jump.png
train,jump,18,018.png,real,set_24,set_24_jump.png
train,jump,19,019.png,real,set_25,set_25_jump.png
train,jump,20,020.png,real,set_28,set_28_jump.png
train,jump,21,021.png,real,set_29,set_29_jump.png
train,jump,22,022.png,real,set_31,set_31_jump.png
train,jump,23,023.png,real,set_32,set_32_jump.png
train,jump,24,024.png,real,set_33,set_33_jump.png
train,jump,25,025.png,real,set_35,set_35_jump.png
train,jump,26,026.png,real,set_37,set_37_jump.png
train,jump,27,027.png,real,set_38,set_38_jump.png
train,jump,28,028.png,real,set_39,set_39_jump.png
train,jump,29,029.png,real,set_40,set_40_jump.png
train,jump,30,030.png,real,set_42,set_42_jump.png
train,jump,31,031.png,real,set_43,set_43_jump.png
train,jump,32,032.png,real,set_45,set_45_jump.png
train,jump,33,033.png,real,set_46,set_46_jump.png
train,jump,34,034.png,real,set_47,set_47_jump.png
train,jump,35,035.png,real,set_48,set_48_jump.png
train,jump,36,036.png,real,set_49,set_49_jump.png
train,jump,37,037.png,real,set_52,set_52_jump.png
train,jump,38,038.png,real,set_54,set_54_jump.png
train,jump,39,039.png,real,set_55,set_55_jump.png
train,jump,40,040.png,real,set_56,set_56_jump.png
train,jump,41,041.png,real,set_58,set_58_jump.png
train,jump,42,042.png,real,set_59,set_59_jump.png
train,jump,43,043.png,aug,aug_train_01,aug_train_01_jump.png
train,jump,44,044.png,aug,aug_train_02,aug_train_02_jump.png
train,jump,45,045.png,aug,aug_train_03,aug_train_03_jump.png
train,jump,46,046.png,aug,aug_train_04,aug_train_04_jump.png
train,jump,47,047.png,aug,aug_train_05,aug_train_05_jump.png
train,jump,48,048.png,aug,aug_train_06,aug_train_06_jump.png
train,jump,49,049.png,aug,aug_train_07,aug_train_07_jump.png
train,jump,50,050.png,aug,aug_train_08,aug_train_08_jump.png
train,jump,51,051.png,aug,aug_train_09,aug_train_09_jump.png
train,jump,52,052.png,aug,aug_train_10,aug_train_10_jump.png
train,jump,53,053.png,aug,aug_train_100,aug_train_100_jump.png
train,jump,54,054.png,aug,aug_train_101,aug_train_101_jump.png
train,jump,55,055.png,aug,aug_train_102,aug_train_102_jump.png
train,jump,56,056.png,aug,aug_train_103,aug_train_103_jump.png
train,jump,57,057.png,aug,aug_train_104,aug_train_104_jump.png
train,jump,58,058.png,aug,aug_train_105,aug_train_105_jump.png
train,jump,59,059.png,aug,aug_train_106,aug_train_106_jump.png
train,jump,60,060.png,aug,aug_train_107,aug_train_107_jump.png
train,jump,61,061.png,aug,aug_train_108,aug_train_108_jump.png
train,jump,62,062.png,aug,aug_train_109,aug_train_109_jump.png
train,jump,63,063.png,aug,aug_train_11,aug_train_11_jump.png
train,jump,64,064.png,aug,aug_train_110,aug_train_110_jump.png
train,jump,65,065.png,aug,aug_train_111,aug_train_111_jump.png
train,jump,66,066.png,aug,aug_train_112,aug_train_112_jump.png
train,jump,67,067.png,aug,aug_train_113,aug_train_113_jump.png
train,jump,68,068.png,aug,aug_train_114,aug_train_114_jump.png
train,jump,69,069.png,aug,aug_train_115,aug_train_115_jump.png
train,jump,70,070.png,aug,aug_train_116,aug_train_116_jump.png
train,jump,71,071.png,aug,aug_train_117,aug_train_117_jump.png
train,jump,72,072.png,aug,aug_train_118,aug_train_118_jump.png
train,jump,73,073.png,aug,aug_train_119,aug_train_119_jump.png
train,jump,74,074.png,aug,aug_train_12,aug_train_12_jump.png
train,jump,75,075.png,aug,aug_train_120,aug_train_120_jump.png
train,jump,76,076.png,aug,aug_train_121,aug_train_121_jump.png
train,jump,77,077.png,aug,aug_train_122,aug_train_122_jump.png
train,jump,78,078.png,aug,aug_train_123,aug_train_123_jump.png
train,jump,79,079.png,aug,aug_train_124,aug_train_124_jump.png
train,jump,80,080.png,aug,aug_train_125,aug_train_125_jump.png
train,jump,81,081.png,aug,aug_train_126,aug_train_126_jump.png
train,jump,82,082.png,aug,aug_train_127,aug_train_127_jump.png
train,jump,83,083.png,aug,aug_train_128,aug_train_128_jump.png
train,jump,84,084.png,aug,aug_train_129,aug_train_129_jump.png
train,jump,85,085.png,aug,aug_train_13,aug_train_13_jump.png
train,jump,86,086.png,aug,aug_train_130,aug_train_130_jump.png
train,jump,87,087.png,aug,aug_train_131,aug_train_131_jump.png
train,jump,88,088.png,aug,aug_train_132,aug_train_132_jump.png
train,jump,89,089.png,aug,aug_train_133,aug_train_133_jump.png
train,jump,90,090.png,aug,aug_train_134,aug_train_134_jump.png
train,jump,91,091.png,aug,aug_train_135,aug_train_135_jump.png
train,jump,92,092.png,aug,aug_train_136,aug_train_136_jump.png
train,jump,93,093.png,aug,aug_train_137,aug_train_137_jump.png
train,jump,94,094.png,aug,aug_train_138,aug_train_138_jump.png
train,jump,95,095.png,aug,aug_train_139,aug_train_139_jump.png
train,jump,96,096.png,aug,aug_train_14,aug_train_14_jump.png
train,jump,97,097.png,aug,aug_train_140,aug_train_140_jump.png
train,jump,98,098.png,aug,aug_train_141,aug_train_141_jump.png
train,jump,99,099.png,aug,aug_train_142,aug_train_142_jump.png
train,jump,100,100.png,aug,aug_train_143,aug_train_143_jump.png
train,jump,101,101.png,aug,aug_train_144,aug_train_144_jump.png
train,jump,102,102.png,aug,aug_train_15,aug_train_15_jump.png
train,jump,103,103.png,aug,aug_train_16,aug_train_16_jump.png
train,jump,104,104.png,aug,aug_train_17,aug_train_17_jump.png
train,jump,105,105.png,aug,aug_train_18,aug_train_18_jump.png
train,jump,106,106.png,aug,aug_train_19,aug_train_19_jump.png
train,jump,107,107.png,aug,aug_train_20,aug_train_20_jump.png
train,jump,108,108.png,aug,aug_train_21,aug_train_21_jump.png
train,jump,109,109.png,aug,aug_train_22,aug_train_22_jump.png
train,jump,110,110.png,aug,aug_train_23,aug_train_23_jump.png
train,jump,111,111.png,aug,aug_train_24,aug_train_24_jump.png
train,jump,112,112.png,aug,aug_train_25,aug_train_25_jump.png
train,jump,113,113.png,aug,aug_train_26,aug_train_26_jump.png
train,jump,114,114.png,aug,aug_train_27,aug_train_27_jump.png
train,jump,115,115.png,aug,aug_train_28,aug_train_28_jump.png
train,jump,116,116.png,aug,aug_train_29,aug_train_29_jump.png
train,jump,117,117.png,aug,aug_train_30,aug_train_30_jump.png
train,jump,118,118.png,aug,aug_train_31,aug_train_31_jump.png
train,jump,119,119.png,aug,aug_train_32,aug_train_32_jump.png
train,jump,120,120.png,aug,aug_train_33,aug_train_33_jump.png
train,jump,121,121.png,aug,aug_train_34,aug_train_34_jump.png
train,jump,122,122.png,aug,aug_train_35,aug_train_35_jump.png
train,jump,123,123.png,aug,aug_train_36,aug_train_36_jump.png
train,jump,124,124.png,aug,aug_train_37,aug_train_37_jump.png
train,jump,125,125.png,aug,aug_train_38,aug_train_38_jump.png
train,jump,126,126.png,aug,aug_train_39,aug_train_39_jump.png
train,jump,127,127.png,aug,aug_train_40,aug_train_40_jump.png
train,jump,128,128.png,aug,aug_train_41,aug_train_41_jump.png
train,jump,129,129.png,aug,aug_train_42,aug_train_42_jump.png
train,jump,130,130.png,aug,aug_train_43,aug_train_43_jump.png
train,jump,131,131.png,aug,aug_train_44,aug_train_44_jump.png
train,jump,132,132.png,aug,aug_train_45,aug_train_45_jump.png
train,jump,133,133.png,aug,aug_train_46,aug_train_46_jump.png
train,jump,134,134.png,aug,aug_train_47,aug_train_47_jump.png
train,jump,135,135.png,aug,aug_train_48,aug_train_48_jump.png
train,jump,136,136.png,aug,aug_train_49,aug_train_49_jump.png
train,jump,137,137.png,aug,aug_train_50,aug_train_50_jump.png
train,jump,138,138.png,aug,aug_train_51,aug_train_51_jump.png
train,jump,139,139.png,aug,aug_train_52,aug_train_52_jump.png
train,jump,140,140.png,aug,aug_train_53,aug_train_53_jump.png
train,jump,141,141.png,aug,aug_train_54,aug_train_54_jump.png
train,jump,142,142.png,aug,aug_train_55,aug_train_55_jump.png
train,jump,143,143.png,aug,aug_train_56,aug_train_56_jump.png
train,jump,144,144.png,aug,aug_train_57,aug_train_57_jump.png
train,jump,145,145.png,aug,aug_train_58,aug_train_58_jump.png
train,jump,146,146.png,aug,aug_train_59,aug_train_59_jump.png
train,jump,147,147.png,aug,aug_train_60,aug_train_60_jump.png
train,jump,148,148.png,aug,aug_train_61,aug_train_61_jump.png
train,jump,149,149.png,aug,aug_train_62,aug_train_62_jump.png
train,jump,150,150.png,aug,aug_train_63,aug_train_63_jump.png
train,jump,151,151.png,aug,aug_train_64,aug_train_64_jump.png
train,jump,152,152.png,aug,aug_train_65,aug_train_65_jump.png
train,jump,153,153.png,aug,aug_train_66,aug_train_66_jump.png
train,jump,154,154.png,aug,aug_train_67,aug_train_67_jump.png
train,jump,155,155.png,aug,aug_train_68,aug_train_68_jump.png
train,jump,156,156.png,aug,aug_train_69,aug_train_69_jump.png
train,jump,157,157.png,aug,aug_train_70,aug_train_70_jump.png
train,jump,158,158.png,aug,aug_train_71,aug_train_71_jump.png
train,jump,159,159.png,aug,aug_train_72,aug_train_72_jump.png
train,jump,160,160.png,aug,aug_train_73,aug_train_73_jump.png
train,jump,161,161.png,aug,aug_train_74,aug_train_74_jump.png
train,jump,162,162.png,aug,aug_train_75,aug_train_75_jump.png
train,jump,163,163.png,aug,aug_train_76,aug_train_76_jump.png
train,jump,164,164.png,aug,aug_train_77,aug_train_77_jump.png
train,jump,165,165.png,aug,aug_train_78,aug_train_78_jump.png
train,jump,166,166.png,aug,aug_train_79,aug_train_79_jump.png
train,jump,167,167.png,aug,aug_train_80,aug_train_80_jump.png
train,jump,168,168.png,aug,aug_train_81,aug_train_81_jump.png
train,jump,169,169.png,aug,aug_train_82,aug_train_82_jump.png
train,jump,170,170.png,aug,aug_train_83,aug_train_83_jump.png
train,jump,171,171.png,aug,aug_train_84,aug_train_84_jump.png
train,jump,172,172.png,aug,aug_train_85,aug_train_85_jump.png
train,jump,173,173.png,aug,aug_train_86,aug_train_86_jump.png
train,jump,174,174.png,aug,aug_train_87,aug_train_87_jump.png
train,jump,175,175.png,aug,aug_train_88,aug_train_88_jump.png
train,jump,176,176.png,aug,aug_train_89,aug_train_89_jump.png
train,jump,177,177.png,aug,aug_train_90,aug_train_90_jump.png
train,jump,178,178.png,aug,aug_train_91,aug_train_91_jump.png
train,jump,179,179.png,aug,aug_train_92,aug_train_92_jump.png
train,jump,180,180.png,aug,aug_train_93,aug_train_93_jump.png
train,jump,181,181.png,aug,aug_train_94,aug_train_94_jump.png
train,jump,182,182.png,aug,aug_train_95,aug_train_95_jump.png
train,jump,183,183.png,aug,aug_train_96,aug_train_96_jump.png
train,jump,184,184.png,aug,aug_train_97,aug_train_97_jump.png
train,jump,185,185.png,aug,aug_train_98,aug_train_98_jump.png
train,jump,186,186.png,aug,aug_train_99,aug_train_99_jump.png
train,milk,1,001.png,real,set_01,set_01_milk.png
train,milk,2,002.png,real,set_02,set_02_milk.png
train,milk,3,003.png,real,set_03,set_03_milk.png
train,milk,4,004.png,real,set_04,set_04_milk.png
train,milk,5,005.png,real,set_05,set_05_milk.png
train,milk,6,006.png,real,set_06,set_06_milk.png
train,milk,7,007.png,real,set_07,set_07_milk.png
train,milk,8,008.png,real,set_08,set_08_milk.png
train,milk,9,009.png,real,set_12,set_12_milk.png
train,milk,10,010.png,real,set_13,set_13_milk.png
train,milk,11,011.png,real,set_14,set_14_milk.png
train,milk,12,012.png,real,set_16,set_16_milk.png
train,milk,13,013.png,real,set_17,set_17_milk.png
train,milk,14,014.png,real,set_19,set_19_milk.png
train,milk,15,015.png,real,set_20,set_20_milk.png
train,milk,16,016.png,real,set_21,set_21_milk.png
train,milk,17,017.png,real,set_22,set_22_milk.png
train,milk,18,018.png,real,set_24,set_24_milk.png
train,milk,19,019.png,real,set_25,set_25_milk.png
train,milk,20,020.png,real,set_28,set_28_milk.png
train,milk,21,021.png,real,set_29,set_29_milk.png
train,milk,22,022.png,real,set_31,set_31_milk.png
train,milk,23,023.png,real,set_32,set_32_milk.png
train,milk,24,024.png,real,set_33,set_33_milk.png
train,milk,25,025.png,real,set_35,set_35_milk.png
train,milk,26,026.png,real,set_37,set_37_milk.png
train,milk,27,027.png,real,set_38,set_38_milk.png
train,milk,28,028.png,real,set_39,set_39_milk.png
train,milk,29,029.png,real,set_40,set_40_milk.png
train,milk,30,030.png,real,set_42,set_42_milk.png
train,milk,31,031.png,real,set_43,set_43_milk.png
train,milk,32,032.png,real,set_45,set_45_milk.png
train,milk,33,033.png,real,set_46,set_46_milk.png
train,milk,34,034.png,real,set_47,set_47_milk.png
train,milk,35,035.png,real,set_48,set_48_milk.png
train,milk,36,036.png,real,set_49,set_49_milk.png
train,milk,37,037.png,real,set_52,set_52_milk.png
train,milk,38,038.png,real,set_54,set_54_milk.png
train,milk,39,039.png,real,set_55,set_55_milk.png
train,milk,40,040.png,real,set_56,set_56_milk.png
train,milk,41,041.png,real,set_58,set_58_milk.png
train,milk,42,042.png,real,set_59,set_59_milk.png
train,milk,43,043.png,aug,aug_train_01,aug_train_01_milk.png
train,milk,44,044.png,aug,aug_train_02,aug_train_02_milk.png
train,milk,45,045.png,aug,aug_train_03,aug_train_03_milk.png
train,milk,46,046.png,aug,aug_train_04,aug_train_04_milk.png
train,milk,47,047.png,aug,aug_train_05,aug_train_05_milk.png
train,milk,48,048.png,aug,aug_train_06,aug_train_06_milk.png
train,milk,49,049.png,aug,aug_train_07,aug_train_07_milk.png
train,milk,50,050.png,aug,aug_train_08,aug_train_08_milk.png
train,milk,51,051.png,aug,aug_train_09,aug_train_09_milk.png
train,milk,52,052.png,aug,aug_train_10,aug_train_10_milk.png
train,milk,53,053.png,aug,aug_train_100,aug_train_100_milk.png
train,milk,54,054.png,aug,aug_train_101,aug_train_101_milk.png
train,milk,55,055.png,aug,aug_train_102,aug_train_102_milk.png
train,milk,56,056.png,aug,aug_train_103,aug_train_103_milk.png
train,milk,57,057.png,aug,aug_train_104,aug_train_104_milk.png
train,milk,58,058.png,aug,aug_train_105,aug_train_105_milk.png
train,milk,59,059.png,aug,aug_train_106,aug_train_106_milk.png
train,milk,60,060.png,aug,aug_train_107,aug_train_107_milk.png
train,milk,61,061.png,aug,aug_train_108,aug_train_108_milk.png
train,milk,62,062.png,aug,aug_train_109,aug_train_109_milk.png
train,milk,63,063.png,aug,aug_train_11,aug_train_11_milk.png
train,milk,64,064.png,aug,aug_train_110,aug_train_110_milk.png
train,milk,65,065.png,aug,aug_train_111,aug_train_111_milk.png
train,milk,66,066.png,aug,aug_train_112,aug_train_112_milk.png
train,milk,67,067.png,aug,aug_train_113,aug_train_113_milk.png
train,milk,68,068.png,aug,aug_train_114,aug_train_114_milk.png
train,milk,69,069.png,aug,aug_train_115,aug_train_115_milk.png
train,milk,70,070.png,aug,aug_train_116,aug_train_116_milk.png
train,milk,71,071.png,aug,aug_train_117,aug_train_117_milk.png
train,milk,72,072.png,aug,aug_train_118,aug_train_118_milk.png
train,milk,73,073.png,aug,aug_train_119,aug_train_119_milk.png
train,milk,74,074.png,aug,aug_train_12,aug_train_12_milk.png
train,milk,75,075.png,aug,aug_train_120,aug_train_120_milk.png
train,milk,76,076.png,aug,aug_train_121,aug_train_121_milk.png
train,milk,77,077.png,aug,aug_train_122,aug_train_122_milk.png
train,milk,78,078.png,aug,aug_train_123,aug_train_123_milk.png
train,milk,79,079.png,aug,aug_train_124,aug_train_124_milk.png
train,milk,80,080.png,aug,aug_train_125,aug_train_125_milk.png
train,milk,81,081.png,aug,aug_train_126,aug_train_126_milk.png
train,milk,82,082.png,aug,aug_train_127,aug_train_127_milk.png
train,milk,83,083.png,aug,aug_train_128,aug_train_128_milk.png
train,milk,84,084.png,aug,aug_train_129,aug_train_129_milk.png
train,milk,85,085.png,aug,aug_train_13,aug_train_13_milk.png
train,milk,86,086.png,aug,aug_train_130,aug_train_130_milk.png
train,milk,87,087.png,aug,aug_train_131,aug_train_131_milk.png
train,milk,88,088.png,aug,aug_train_132,aug_train_132_milk.png
train,milk,89,089.png,aug,aug_train_133,aug_train_133_milk.png
train,milk,90,090.png,aug,aug_train_134,aug_train_134_milk.png
train,milk,91,091.png,aug,aug_train_135,aug_train_135_milk.png
train,milk,92,092.png,aug,aug_train_136,aug_train_136_milk.png
train,milk,93,093.png,aug,aug_train_137,aug_train_137_milk.png
train,milk,94,094.png,aug,aug_train_138,aug_train_138_milk.png
train,milk,95,095.png,aug,aug_train_139,aug_train_139_milk.png
train,milk,96,096.png,aug,aug_train_14,aug_train_14_milk.png
train,milk,97,097.png,aug,aug_train_140,aug_train_140_milk.png
train,milk,98,098.png,aug,aug_train_141,aug_train_141_milk.png
train,milk,99,099.png,aug,aug_train_142,aug_train_142_milk.png
train,milk,100,100.png,aug,aug_train_143,aug_train_143_milk.png
train,milk,101,101.png,aug,aug_train_144,aug_train_144_milk.png
train,milk,102,102.png,aug,aug_train_15,aug_train_15_milk.png
train,milk,103,103.png,aug,aug_train_16,aug_train_16_milk.png
train,milk,104,104.png,aug,aug_train_17,aug_train_17_milk.png
train,milk,105,105.png,aug,aug_train_18,aug_train_18_milk.png
train,milk,106,106.png,aug,aug_train_19,aug_train_19_milk.png
train,milk,107,107.png,aug,aug_train_20,aug_train_20_milk.png
train,milk,108,108.png,aug,aug_train_21,aug_train_21_milk.png
train,milk,109,109.png,aug,aug_train_22,aug_train_22_milk.png
train,milk,110,110.png,aug,aug_train_23,aug_train_23_milk.png
train,milk,111,111.png,aug,aug_train_24,aug_train_24_milk.png
train,milk,112,112.png,aug,aug_train_25,aug_train_25_milk.png
train,milk,113,113.png,aug,aug_train_26,aug_train_26_milk.png
train,milk,114,114.png,aug,aug_train_27,aug_train_27_milk.png
train,milk,115,115.png,aug,aug_train_28,aug_train_28_milk.png
train,milk,116,116.png,aug,aug_train_29,aug_train_29_milk.png
train,milk,117,117.png,aug,aug_train_30,aug_train_30_milk.png
train,milk,118,118.png,aug,aug_train_31,aug_train_31_milk.png
train,milk,119,119.png,aug,aug_train_32,aug_train_32_milk.png
train,milk,120,120.png,aug,aug_train_33,aug_train_33_milk.png
train,milk,121,121.png,aug,aug_train_34,aug_train_34_milk.png
train,milk,122,122.png,aug,aug_train_35,aug_train_35_milk.png
train,milk,123,123.png,aug,aug_train_36,aug_train_36_milk.png
train,milk,124,124.png,aug,aug_train_37,aug_train_37_milk.png
train,milk,125,125.png,aug,aug_train_38,aug_train_38_milk.png
train,milk,126,126.png,aug,aug_train_39,aug_train_39_milk.png
train,milk,127,127.png,aug,aug_train_40,aug_train_40_milk.png
train,milk,128,128.png,aug,aug_train_41,aug_train_41_milk.png
train,milk,129,129.png,aug,aug_train_42,aug_train_42_milk.png
train,milk,130,130.png,aug,aug_train_43,aug_train_43_milk.png
train,milk,131,131.png,aug,aug_train_44,aug_train_44_milk.png
train,milk,132,132.png,aug,aug_train_45,aug_train_45_milk.png
train,milk,133,133.png,aug,aug_train_46,aug_train_46_milk.png
train,milk,134,134.png,aug,aug_train_47,aug_train_47_milk.png
train,milk,135,135.png,aug,aug_train_48,aug_train_48_milk.png
train,milk,136,136.png,aug,aug_train_49,aug_train_49_milk.png
train,milk,137,137.png,aug,aug_train_50,aug_train_50_milk.png
train,milk,138,138.png,aug,aug_train_51,aug_train_51_milk.png
train,milk,139,139.png,aug,aug_train_52,aug_train_52_milk.png
train,milk,140,140.png,aug,aug_train_53,aug_train_53_milk.png
train,milk,141,141.png,aug,aug_train_54,aug_train_54_milk.png
train,milk,142,142.png,aug,aug_train_55,aug_train_55_milk.png
train,milk,143,143.png,aug,aug_train_56,aug_train_56_milk.png
train,milk,144,144.png,aug,aug_train_57,aug_train_57_milk.png
train,milk,145,145.png,aug,aug_train_58,aug_train_58_milk.png
train,milk,146,146.png,aug,aug_train_59,aug_train_59_milk.png
train,milk,147,147.png,aug,aug_train_60,aug_train_60_milk.png
train,milk,148,148.png,aug,aug_train_61,aug_train_61_milk.png
train,milk,149,149.png,aug,aug_train_62,aug_train_62_milk.png
train,milk,150,150.png,aug,aug_train_63,aug_train_63_milk.png
train,milk,151,151.png,aug,aug_train_64,aug_train_64_milk.png
train,milk,152,152.png,aug,aug_train_65,aug_train_65_milk.png
train,milk,153,153.png,aug,aug_train_66,aug_train_66_milk.png
train,milk,154,154.png,aug,aug_train_67,aug_train_67_milk.png
train,milk,155,155.png,aug,aug_train_68,aug_train_68_milk.png
train,milk,156,156.png,aug,aug_train_69,aug_train_69_milk.png
train,milk,157,157.png,aug,aug_train_70,aug_train_70_milk.png
train,milk,158,158.png,aug,aug_train_71,aug_train_71_milk.png
train,milk,159,159.png,aug,aug_train_72,aug_train_72_milk.png
train,milk,160,160.png,aug,aug_train_73,aug_train_73_milk.png
train,milk,161,161.png,aug,aug_train_74,aug_train_74_milk.png
train,milk,162,162.png,aug,aug_train_75,aug_train_75_milk.png
train,milk,163,163.png,aug,aug_train_76,aug_train_76_milk.png
train,milk,164,164.png,aug,aug_train_77,aug_train_77_milk.png
train,milk,165,165.png,aug,aug_train_78,aug_train_78_milk.png
train,milk,166,166.png,aug,aug_train_79,aug_train_79_milk.png
train,milk,167,167.png,aug,aug_train_80,aug_train_80_milk.png
train,milk,168,168.png,aug,aug_train_81,aug_train_81_milk.png
train,milk,169,169.png,aug,aug_train_82,aug_train_82_milk.png
train,milk,170,170.png,aug,aug_train_83,aug_train_83_milk.png
train,milk,171,171.png,aug,aug_train_84,aug_train_84_milk.png
train,milk,172,172.png,aug,aug_train_85,aug_train_85_milk.png
train,milk,173,173.png,aug,aug_train_86,aug_train_86_milk.png
train,milk,174,174.png,aug,aug_train_87,aug_train_87_milk.png
train,milk,175,175.png,aug,aug_train_88,aug_train_88_milk.png
train,milk,176,176.png,aug,aug_train_89,aug_train_89_milk.png
train,milk,177,177.png,aug,aug_train_90,aug_train_90_milk.png
train,milk,178,178.png,aug,aug_train_91,aug_train_91_milk.png
train,milk,179,179.png,aug,aug_train_92,aug_train_92_milk.png
train,milk,180,180.png,aug,aug_train_93,aug_train_93_milk.png
train,milk,181,181.png,aug,aug_train_94,aug_train_94_milk.png
train,milk,182,182.png,aug,aug_train_95,aug_train_95_milk.png
train,milk,183,183.png,aug,aug_train_96,aug_train_96_milk.png
train,milk,184,184.png,aug,aug_train_97,aug_train_97_milk.png
train,milk,185,185.png,aug,aug_train_98,aug_train_98_milk.png
train,milk,186,186.png,aug,aug_train_99,aug_train_99_milk.png
train,pen,1,001.png,real,set_01,set_01_pen.png
train,pen,2,002.png,real,set_02,set_02_pen.png
train,pen,3,003.png,real,set_03,set_03_pen.png
train,pen,4,004.png,real,set_04,set_04_pen.png
train,pen,5,005.png,real,set_05,set_05_pen.png
train,pen,6,006.png,real,set_06,set_06_pen.png
train,pen,7,007.png,real,set_07,set_07_pen.png
train,pen,8,008.png,real,set_08,set_08_pen.png
train,pen,9,009.png,real,set_12,set_12_pen.png
train,pen,10,010.png,real,set_13,set_13_pen.png
train,pen,11,011.png,real,set_14,set_14_pen.png
train,pen,12,012.png,real,set_16,set_16_pen.png
train,pen,13,013.png,real,set_17,set_17_pen.png
train,pen,14,014.png,real,set_19,set_19_pen.png
train,pen,15,015.png,real,set_20,set_20_pen.png
train,pen,16,016.png,real,set_21,set_21_pen.png
train,pen,17,017.png,real,set_22,set_22_pen.png
train,pen,18,018.png,real,set_24,set_24_pen.png
train,pen,19,019.png,real,set_25,set_25_pen.png
train,pen,20,020.png,real,set_28,set_28_pen.png
train,pen,21,021.png,real,set_29,set_29_pen.png
train,pen,22,022.png,real,set_31,set_31_pen.png
train,pen,23,023.png,real,set_32,set_32_pen.png
train,pen,24,024.png,real,set_33,set_33_pen.png
train,pen,25,025.png,real,set_35,set_35_pen.png
train,pen,26,026.png,real,set_37,set_37_pen.png
train,pen,27,027.png,real,set_38,set_38_pen.png
train,pen,28,028.png,real,set_39,set_39_pen.png
train,pen,29,029.png,real,set_40,set_40_pen.png
train,pen,30,030.png,real,set_42,set_42_pen.png
train,pen,31,031.png,real,set_43,set_43_pen.png
train,pen,32,032.png,real,set_45,set_45_pen.png
train,pen,33,033.png,real,set_46,set_46_pen.png
train,pen,34,034.png,real,set_47,set_47_pen.png
train,pen,35,035.png,real,set_48,set_48_pen.png
train,pen,36,036.png,real,set_49,set_49_pen.png
train,pen,37,037.png,real,set_52,set_52_pen.png
train,pen,38,038.png,real,set_54,set_54_pen.png
train,pen,39,039.png,real,set_55,set_55_pen.png
train,pen,40,040.png,real,set_56,set_56_pen.png
train,pen,41,041.png,real,set_58,set_58_pen.png
train,pen,42,042.png,real,set_59,set_59_pen.png
train,pen,43,043.png,aug,aug_train_01,aug_train_01_pen.png
train,pen,44,044.png,aug,aug_train_02,aug_train_02_pen.png
train,pen,45,045.png,aug,aug_train_03,aug_train_03_pen.png
train,pen,46,046.png,aug,aug_train_04,aug_train_04_pen.png
train,pen,47,047.png,aug,aug_train_05,aug_train_05_pen.png
train,pen,48,048.png,aug,aug_train_06,aug_train_06_pen.png
train,pen,49,049.png,aug,aug_train_07,aug_train_07_pen.png
train,pen,50,050.png,aug,aug_train_08,aug_train_08_pen.png
train,pen,51,051.png,aug,aug_train_09,aug_train_09_pen.png
train,pen,52,052.png,aug,aug_train_10,aug_train_10_pen.png
train,pen,53,053.png,aug,aug_train_100,aug_train_100_pen.png
train,pen,54,054.png,aug,aug_train_101,aug_train_101_pen.png
train,pen,55,055.png,aug,aug_train_102,aug_train_102_pen.png
train,pen,56,056.png,aug,aug_train_103,aug_train_103_pen.png
train,pen,57,057.png,aug,aug_train_104,aug_train_104_pen.png
train,pen,58,058.png,aug,aug_train_105,aug_train_105_pen.png
train,pen,59,059.png,aug,aug_train_106,aug_train_106_pen.png
train,pen,60,060.png,aug,aug_train_107,aug_train_107_pen.png
train,pen,61,061.png,aug,aug_train_108,aug_train_108_pen.png
train,pen,62,062.png,aug,aug_train_109,aug_train_109_pen.png
train,pen,63,063.png,aug,aug_train_11,aug_train_11_pen.png
train,pen,64,064.png,aug,aug_train_110,aug_train_110_pen.png
train,pen,65,065.png,aug,aug_train_111,aug_train_111_pen.png
train,pen,66,066.png,aug,aug_train_112,aug_train_112_pen.png
train,pen,67,067.png,aug,aug_train_113,aug_train_113_pen.png
train,pen,68,068.png,aug,aug_train_114,aug_train_114_pen.png
train,pen,69,069.png,aug,aug_train_115,aug_train_115_pen.png
train,pen,70,070.png,aug,aug_train_116,aug_train_116_pen.png
train,pen,71,071.png,aug,aug_train_117,aug_train_117_pen.png
train,pen,72,072.png,aug,aug_train_118,aug_train_118_pen.png
train,pen,73,073.png,aug,aug_train_119,aug_train_119_pen.png
train,pen,74,074.png,aug,aug_train_12,aug_train_12_pen.png
train,pen,75,075.png,aug,aug_train_120,aug_train_120_pen.png
train,pen,76,076.png,aug,aug_train_121,aug_train_121_pen.png
train,pen,77,077.png,aug,aug_train_122,aug_train_122_pen.png
train,pen,78,078.png,aug,aug_train_123,aug_train_123_pen.png
train,pen,79,079.png,aug,aug_train_124,aug_train_124_pen.png
train,pen,80,080.png,aug,aug_train_125,aug_train_125_pen.png
train,pen,81,081.png,aug,aug_train_126,aug_train_126_pen.png
train,pen,82,082.png,aug,aug_train_127,aug_train_127_pen.png
train,pen,83,083.png,aug,aug_train_128,aug_train_128_pen.png
train,pen,84,084.png,aug,aug_train_129,aug_train_129_pen.png
train,pen,85,085.png,aug,aug_train_13,aug_train_13_pen.png
train,pen,86,086.png,aug,aug_train_130,aug_train_130_pen.png
train,pen,87,087.png,aug,aug_train_131,aug_train_131_pen.png
train,pen,88,088.png,aug,aug_train_132,aug_train_132_pen.png
train,pen,89,089.png,aug,aug_train_133,aug_train_133_pen.png
train,pen,90,090.png,aug,aug_train_134,aug_train_134_pen.png
train,pen,91,091.png,aug,aug_train_135,aug_train_135_pen.png
train,pen,92,092.png,aug,aug_train_136,aug_train_136_pen.png
train,pen,93,093.png,aug,aug_train_137,aug_train_137_pen.png
train,pen,94,094.png,aug,aug_train_138,aug_train_138_pen.png
train,pen,95,095.png,aug,aug_train_139,aug_train_139_pen.png
train,pen,96,096.png,aug,aug_train_14,aug_train_14_pen.png
train,pen,97,097.png,aug,aug_train_140,aug_train_140_pen.png
train,pen,98,098.png,aug,aug_train_141,aug_train_141_pen.png
train,pen,99,099.png,aug,aug_train_142,aug_train_142_pen.png
train,pen,100,100.png,aug,aug_train_143,aug_train_143_pen.png
train,pen,101,101.png,aug,aug_train_144,aug_train_144_pen.png
train,pen,102,102.png,aug,aug_train_15,aug_train_15_pen.png
train,pen,103,103.png,aug,aug_train_16,aug_train_16_pen.png
train,pen,104,104.png,aug,aug_train_17,aug_train_17_pen.png
train,pen,105,105.png,aug,aug_train_18,aug_train_18_pen.png
train,pen,106,106.png,aug,aug_train_19,aug_train_19_pen.png
train,pen,107,107.png,aug,aug_train_20,aug_train_20_pen.png
train,pen,108,108.png,aug,aug_train_21,aug_train_21_pen.png
train,pen,109,109.png,aug,aug_train_22,aug_train_22_pen.png
train,pen,110,110.png,aug,aug_train_23,aug_train_23_pen.png
train,pen,111,111.png,aug,aug_train_24,aug_train_24_pen.png
train,pen,112,112.png,aug,aug_train_25,aug_train_25_pen.png
train,pen,113,113.png,aug,aug_train_26,aug_train_26_pen.png
train,pen,114,114.png,aug,aug_train_27,aug_train_27_pen.png
train,pen,115,115.png,aug,aug_train_28,aug_train_28_pen.png
train,pen,116,116.png,aug,aug_train_29,aug_train_29_pen.png
train,pen,117,117.png,aug,aug_train_30,aug_train_30_pen.png
train,pen,118,118.png,aug,aug_train_31,aug_train_31_pen.png
train,pen,119,119.png,aug,aug_train_32,aug_train_32_pen.png
train,pen,120,120.png,aug,aug_train_33,aug_train_33_pen.png
train,pen,121,121.png,aug,aug_train_34,aug_train_34_pen.png
train,pen,122,122.png,aug,aug_train_35,aug_train_35_pen.png
train,pen,123,123.png,aug,aug_train_36,aug_train_36_pen.png
train,pen,124,124.png,aug,aug_train_37,aug_train_37_pen.png
train,pen,125,125.png,aug,aug_train_38,aug_train_38_pen.png
train,pen,126,126.png,aug,aug_train_39,aug_train_39_pen.png
train,pen,127,127.png,aug,aug_train_40,aug_train_40_pen.png
train,pen,128,128.png,aug,aug_train_41,aug_train_41_pen.png
train,pen,129,129.png,aug,aug_train_42,aug_train_42_pen.png
train,pen,130,130.png,aug,aug_train_43,aug_train_43_pen.png
train,pen,131,131.png,aug,aug_train_44,aug_train_44_pen.png
train,pen,132,132.png,aug,aug_train_45,aug_train_45_pen.png
train,pen,133,133.png,aug,aug_train_46,aug_train_46_pen.png
train,pen,134,134.png,aug,aug_train_47,aug_train_47_pen.png
train,pen,135,135.png,aug,aug_train_48,aug_train_48_pen.png
train,pen,136,136.png,aug,aug_train_49,aug_train_49_pen.png
train,pen,137,137.png,aug,aug_train_50,aug_train_50_pen.png
train,pen,138,138.png,aug,aug_train_51,aug_train_51_pen.png
train,pen,139,139.png,aug,aug_train_52,aug_train_52_pen.png
train,pen,140,140.png,aug,aug_train_53,aug_train_53_pen.png
train,pen,141,141.png,aug,aug_train_54,aug_train_54_pen.png
train,pen,142,142.png,aug,aug_train_55,aug_train_55_pen.png
train,pen,143,143.png,aug,aug_train_56,aug_train_56_pen.png
train,pen,144,144.png,aug,aug_train_57,aug_train_57_pen.png
train,pen,145,145.png,aug,aug_train_58,aug_train_58_pen.png
train,pen,146,146.png,aug,aug_train_59,aug_train_59_pen.png
train,pen,147,147.png,aug,aug_train_60,aug_train_60_pen.png
train,pen,148,148.png,aug,aug_train_61,aug_train_61_pen.png
train,pen,149,149.png,aug,aug_train_62,aug_train_62_pen.png
train,pen,150,150.png,aug,aug_train_63,aug_train_63_pen.png
train,pen,151,151.png,aug,aug_train_64,aug_train_64_pen.png
train,pen,152,152.png,aug,aug_train_65,aug_train_65_pen.png
train,pen,153,153.png,aug,aug_train_66,aug_train_66_pen.png
train,pen,154,154.png,aug,aug_train_67,aug_train_67_pen.png
train,pen,155,155.png,aug,aug_train_68,aug_train_68_pen.png
train,pen,156,156.png,aug,aug_train_69,aug_train_69_pen.png
train,pen,157,157.png,aug,aug_train_70,aug_train_70_pen.png
train,pen,158,158.png,aug,aug_train_71,aug_train_71_pen.png
train,pen,159,159.png,aug,aug_train_72,aug_train_72_pen.png
train,pen,160,160.png,aug,aug_train_73,aug_train_73_pen.png
train,pen,161,161.png,aug,aug_train_74,aug_train_74_pen.png
train,pen,162,162.png,aug,aug_train_75,aug_train_75_pen.png
train,pen,163,163.png,aug,aug_train_76,aug_train_76_pen.png
train,pen,164,164.png,aug,aug_train_77,aug_train_77_pen.png
train,pen,165,165.png,aug,aug_train_78,aug_train_78_pen.png
train,pen,166,166.png,aug,aug_train_79,aug_train_79_pen.png
train,pen,167,167.png,aug,aug_train_80,aug_train_80_pen.png
train,pen,168,168.png,aug,aug_train_81,aug_train_81_pen.png
train,pen,169,169.png,aug,aug_train_82,aug_train_82_pen.png
train,pen,170,170.png,aug,aug_train_83,aug_train_83_pen.png
train,pen,171,171.png,aug,aug_train_84,aug_train_84_pen.png
train,pen,172,172.png,aug,aug_train_85,aug_train_85_pen.png
train,pen,173,173.png,aug,aug_train_86,aug_train_86_pen.png
train,pen,174,174.png,aug,aug_train_87,aug_train_87_pen.png
train,pen,175,175.png,aug,aug_train_88,aug_train_88_pen.png
train,pen,176,176.png,aug,aug_train_89,aug_train_89_pen.png
train,pen,177,177.png,aug,aug_train_90,aug_train_90_pen.png
train,pen,178,178.png,aug,aug_train_91,aug_train_91_pen.png
train,pen,179,179.png,aug,aug_train_92,aug_train_92_pen.png
train,pen,180,180.png,aug,aug_train_93,aug_train_93_pen.png
train,pen,181,181.png,aug,aug_train_94,aug_train_94_pen.png
train,pen,182,182.png,aug,aug_train_95,aug_train_95_pen.png
train,pen,183,183.png,aug,aug_train_96,aug_train_96_pen.png
train,pen,184,184.png,aug,aug_train_97,aug_train_97_pen.png
train,pen,185,185.png,aug,aug_train_98,aug_train_98_pen.png
train,pen,186,186.png,aug,aug_train_99,aug_train_99_pen.png
train,red,1,001.png,real,set_01,set_01_red.png
train,red,2,002.png,real,set_02,set_02_red.png
train,red,3,003.png,real,set_03,set_03_red.png
train,red,4,004.png,real,set_04,set_04_red.png
train,red,5,005.png,real,set_05,set_05_red.png
train,red,6,006.png,real,set_06,set_06_red.png
train,red,7,007.png,real,set_07,set_07_red.png
train,red,8,008.png,real,set_08,set_08_red.png
train,red,9,009.png,real,set_12,set_12_red.png
train,red,10,010.png,real,set_13,set_13_red.png
train,red,11,011.png,real,set_14,set_14_red.png
train,red,12,012.png,real,set_16,set_16_red.png
train,red,13,013.png,real,set_17,set_17_red.png
train,red,14,014.png,real,set_19,set_19_red.png
train,red,15,015.png,real,set_20,set_20_red.png
train,red,16,016.png,real,set_21,set_21_red.png
train,red,17,017.png,real,set_22,set_22_red.png
train,red,18,018.png,real,set_24,set_24_red.png
train,red,19,019.png,real,set_25,set_25_red.png
train,red,20,020.png,real,set_28,set_28_red.png
train,red,21,021.png,real,set_29,set_29_red.png
train,red,22,022.png,real,set_31,set_31_red.png
train,red,23,023.png,real,set_32,set_32_red.png
train,red,24,024.png,real,set_33,set_33_red.png
train,red,25,025.png,real,set_35,set_35_red.png
train,red,26,026.png,real,set_37,set_37_red.png
train,red,27,027.png,real,set_38,set_38_red.png
train,red,28,028.png,real,set_39,set_39_red.png
train,red,29,029.png,real,set_40,set_40_red.png
train,red,30,030.png,real,set_42,set_42_red.png
train,red,31,031.png,real,set_43,set_43_red.png
train,red,32,032.png,real,set_45,set_45_red.png
train,red,33,033.png,real,set_46,set_46_red.png
train,red,34,034.png,real,set_47,set_47_red.png
train,red,35,035.png,real,set_48,set_48_red.png
train,red,36,036.png,real,set_49,set_49_red.png
train,red,37,037.png,real,set_52,set_52_red.png
train,red,38,038.png,real,set_54,set_54_red.png
train,red,39,039.png,real,set_55,set_55_red.png
train,red,40,040.png,real,set_56,set_56_red.png
train,red,41,041.png,real,set_58,set_58_red.png
train,red,42,042.png,real,set_59,set_59_red.png
train,red,43,043.png,aug,aug_train_01,aug_train_01_red.png
train,red,44,044.png,aug,aug_train_02,aug_train_02_red.png
train,red,45,045.png,aug,aug_train_03,aug_train_03_red.png
train,red,46,046.png,aug,aug_train_04,aug_train_04_red.png
train,red,47,047.png,aug,aug_train_05,aug_train_05_red.png
train,red,48,048.png,aug,aug_train_06,aug_train_06_red.png
train,red,49,049.png,aug,aug_train_07,aug_train_07_red.png
train,red,50,050.png,aug,aug_train_08,aug_train_08_red.png
train,red,51,051.png,aug,aug_train_09,aug_train_09_red.png
train,red,52,052.png,aug,aug_train_10,aug_train_10_red.png
train,red,53,053.png,aug,aug_train_100,aug_train_100_red.png
train,red,54,054.png,aug,aug_train_101,aug_train_101_red.png
train,red,55,055.png,aug,aug_train_102,aug_train_102_red.png
train,red,56,056.png,aug,aug_train_103,aug_train_103_red.png
train,red,57,057.png,aug,aug_train_104,aug_train_104_red.png
train,red,58,058.png,aug,aug_train_105,aug_train_105_red.png
train,red,59,059.png,aug,aug_train_106,aug_train_106_red.png
train,red,60,060.png,aug,aug_train_107,aug_train_107_red.png
train,red,61,061.png,aug,aug_train_108,aug_train_108_red.png
train,red,62,062.png,aug,aug_train_109,aug_train_109_red.png
train,red,63,063.png,aug,aug_train_11,aug_train_11_red.png
train,red,64,064.png,aug,aug_train_110,aug_train_110_red.png
train,red,65,065.png,aug,aug_train_111,aug_train_111_red.png
train,red,66,066.png,aug,aug_train_112,aug_train_112_red.png
train,red,67,067.png,aug,aug_train_113,aug_train_113_red.png
train,red,68,068.png,aug,aug_train_114,aug_train_114_red.png
train,red,69,069.png,aug,aug_train_115,aug_train_115_red.png
train,red,70,070.png,aug,aug_train_116,aug_train_116_red.png
train,red,71,071.png,aug,aug_train_117,aug_train_117_red.png
train,red,72,072.png,aug,aug_train_118,aug_train_118_red.png
train,red,73,073.png,aug,aug_train_119,aug_train_119_red.png
train,red,74,074.png,aug,aug_train_12,aug_train_12_red.png
train,red,75,075.png,aug,aug_train_120,aug_train_120_red.png
train,red,76,076.png,aug,aug_train_121,aug_train_121_red.png
train,red,77,077.png,aug,aug_train_122,aug_train_122_red.png
train,red,78,078.png,aug,aug_train_123,aug_train_123_red.png
train,red,79,079.png,aug,aug_train_124,aug_train_124_red.png
train,red,80,080.png,aug,aug_train_125,aug_train_125_red.png
train,red,81,081.png,aug,aug_train_126,aug_train_126_red.png
train,red,82,082.png,aug,aug_train_127,aug_train_127_red.png
train,red,83,083.png,aug,aug_train_128,aug_train_128_red.png
train,red,84,084.png,aug,aug_train_129,aug_train_129_red.png
train,red,85,085.png,aug,aug_train_13,aug_train_13_red.png
train,red,86,086.png,aug,aug_train_130,aug_train_130_red.png
train,red,87,087.png,aug,aug_train_131,aug_train_131_red.png
train,red,88,088.png,aug,aug_train_132,aug_train_132_red.png
train,red,89,089.png,aug,aug_train_133,aug_train_133_red.png
train,red,90,090.png,aug,aug_train_134,aug_train_134_red.png
train,red,91,091.png,aug,aug_train_135,aug_train_135_red.png
train,red,92,092.png,aug,aug_train_136,aug_train_136_red.png
train,red,93,093.png,aug,aug_train_137,aug_train_137_red.png
train,red,94,094.png,aug,aug_train_138,aug_train_138_red.png
train,red,95,095.png,aug,aug_train_139,aug_train_139_red.png
train,red,96,096.png,aug,aug_train_14,aug_train_14_red.png
train,red,97,097.png,aug,aug_train_140,aug_train_140_red.png
train,red,98,098.png,aug,aug_train_141,aug_train_141_red.png
train,red,99,099.png,aug,aug_train_142,aug_train_142_red.png
train,red,100,100.png,aug,aug_train_143,aug_train_143_red.png
train,red,101,101.png,aug,aug_train_144,aug_train_144_red.png
train,red,102,102.png,aug,aug_train_15,aug_train_15_red.png
train,red,103,103.png,aug,aug_train_16,aug_train_16_red.png
train,red,104,104.png,aug,aug_train_17,aug_train_17_red.png
train,red,105,105.png,aug,aug_train_18,aug_train_18_red.png
train,red,106,106.png,aug,aug_train_19,aug_train_19_red.png
train,red,107,107.png,aug,aug_train_20,aug_train_20_red.png
train,red,108,108.png,aug,aug_train_21,aug_train_21_red.png
train,red,109,109.png,aug,aug_train_22,aug_train_22_red.png
train,red,110,110.png,aug,aug_train_23,aug_train_23_red.png
train,red,111,111.png,aug,aug_train_24,aug_train_24_red.png
train,red,112,112.png,aug,aug_train_25,aug_train_25_red.png
train,red,113,113.png,aug,aug_train_26,aug_train_26_red.png
train,red,114,114.png,aug,aug_train_27,aug_train_27_red.png
train,red,115,115.png,aug,aug_train_28,aug_train_28_red.png
train,red,116,116.png,aug,aug_train_29,aug_train_29_red.png
train,red,117,117.png,aug,aug_train_30,aug_train_30_red.png
train,red,118,118.png,aug,aug_train_31,aug_train_31_red.png
train,red,119,119.png,aug,aug_train_32,aug_train_32_red.png
train,red,120,120.png,aug,aug_train_33,aug_train_33_red.png
train,red,121,121.png,aug,aug_train_34,aug_train_34_red.png
train,red,122,122.png,aug,aug_train_35,aug_train_35_red.png
train,red,123,123.png,aug,aug_train_36,aug_train_36_red.png
train,red,124,124.png,aug,aug_train_37,aug_train_37_red.png
train,red,125,125.png,aug,aug_train_38,aug_train_38_red.png
train,red,126,126.png,aug,aug_train_39,aug_train_39_red.png
train,red,127,127.png,aug,aug_train_40,aug_train_40_red.png
train,red,128,128.png,aug,aug_train_41,aug_train_41_red.png
train,red,129,129.png,aug,aug_train_42,aug_train_42_red.png
train,red,130,130.png,aug,aug_train_43,aug_train_43_red.png
train,red,131,131.png,aug,aug_train_44,aug_train_44_red.png
train,red,132,132.png,aug,aug_train_45,aug_train_45_red.png
train,red,133,133.png,aug,aug_train_46,aug_train_46_red.png
train,red,134,134.png,aug,aug_train_47,aug_train_47_red.png
train,red,135,135.png,aug,aug_train_48,aug_train_48_red.png
train,red,136,136.png,aug,aug_train_49,aug_train_49_red.png
train,red,137,137.png,aug,aug_train_50,aug_train_50_red.png
train,red,138,138.png,aug,aug_train_51,aug_train_51_red.png
train,red,139,139.png,aug,aug_train_52,aug_train_52_red.png
train,red,140,140.png,aug,aug_train_53,aug_train_53_red.png
train,red,141,141.png,aug,aug_train_54,aug_train_54_red.png
train,red,142,142.png,aug,aug_train_55,aug_train_55_red.png
train,red,143,143.png,aug,aug_train_56,aug_train_56_red.png
train,red,144,144.png,aug,aug_train_57,aug_train_57_red.png
train,red,145,145.png,aug,aug_train_58,aug_train_58_red.png
train,red,146,146.png,aug,aug_train_59,aug_train_59_red.png
train,red,147,147.png,aug,aug_train_60,aug_train_60_red.png
train,red,148,148.png,aug,aug_train_61,aug_train_61_red.png
train,red,149,149.png,aug,aug_train_62,aug_train_62_red.png
train,red,150,150.png,aug,aug_train_63,aug_train_63_red.png
train,red,151,151.png,aug,aug_train_64,aug_train_64_red.png
train,red,152,152.png,aug,aug_train_65,aug_train_65_red.png
train,red,153,153.png,aug,aug_train_66,aug_train_66_red.png
train,red,154,154.png,aug,aug_train_67,aug_train_67_red.png
train,red,155,155.png,aug,aug_train_68,aug_train_68_red.png
train,red,156,156.png,aug,aug_train_69,aug_train_69_red.png
train,red,157,157.png,aug,aug_train_70,aug_train_70_red.png
train,red,158,158.png,aug,aug_train_71,aug_train_71_red.png
train,red,159,159.png,aug,aug_train_72,aug_train_72_red.png
train,red,160,160.png,aug,aug_train_73,aug_train_73_red.png
train,red,161,161.png,aug,aug_train_74,aug_train_74_red.png
train,red,162,162.png,aug,aug_train_75,aug_train_75_red.png
train,red,163,163.png,aug,aug_train_76,aug_train_76_red.png
train,red,164,164.png,aug,aug_train_77,aug_train_77_red.png
train,red,165,165.png,aug,aug_train_78,aug_train_78_red.png
train,red,166,166.png,aug,aug_train_79,aug_train_79_red.png
train,red,167,167.png,aug,aug_train_80,aug_train_80_red.png
train,red,168,168.png,aug,aug_train_81,aug_train_81_red.png
train,red,169,169.png,aug,aug_train_82,aug_train_82_red.png
train,red,170,170.png,aug,aug_train_83,aug_train_83_red.png
train,red,171,171.png,aug,aug_train_84,aug_train_84_red.png
train,red,172,172.png,aug,aug_train_85,aug_train_85_red.png
train,red,173,173.png,aug,aug_train_86,aug_train_86_red.png
train,red,174,174.png,aug,aug_train_87,aug_train_87_red.png
train,red,175,175.png,aug,aug_train_88,aug_train_88_red.png
train,red,176,176.png,aug,aug_train_89,aug_train_89_red.png
train,red,177,177.png,aug,aug_train_90,aug_train_90_red.png
train,red,178,178.png,aug,aug_train_91,aug_train_91_red.png
train,red,179,179.png,aug,aug_train_92,aug_train_92_red.png
train,red,180,180.png,aug,aug_train_93,aug_train_93_red.png
train,red,181,181.png,aug,aug_train_94,aug_train_94_red.png
train,red,182,182.png,aug,aug_train_95,aug_train_95_red.png
train,red,183,183.png,aug,aug_train_96,aug_train_96_red.png
train,red,184,184.png,aug,aug_train_97,aug_train_97_red.png
train,red,185,185.png,aug,aug_train_98,aug_train_98_red.png
train,red,186,186.png,aug,aug_train_99,aug_train_99_red.png
validation,bat,1,001.png,real,set_09,set_09_bat.png
validation,bat,2,002.png,real,set_11,set_11_bat.png
validation,bat,3,003.png,real,set_15,set_15_bat.png
validation,bat,4,004.png,real,set_27,set_27_bat.png
validation,bat,5,005.png,real,set_36,set_36_bat.png
validation,bat,6,006.png,real,set_44,set_44_bat.png
validation,bat,7,007.png,real,set_50,set_50_bat.png
validation,bat,8,008.png,real,set_53,set_53_bat.png
validation,bat,9,009.png,real,set_57,set_57_bat.png
validation,bat,10,010.png,aug,aug_validation_01,aug_validation_01_bat.png
validation,bat,11,011.png,aug,aug_validation_02,aug_validation_02_bat.png
validation,bat,12,012.png,aug,aug_validation_03,aug_validation_03_bat.png
validation,bat,13,013.png,aug,aug_validation_04,aug_validation_04_bat.png
validation,bat,14,014.png,aug,aug_validation_05,aug_validation_05_bat.png
validation,bat,15,015.png,aug,aug_validation_06,aug_validation_06_bat.png
validation,bat,16,016.png,aug,aug_validation_07,aug_validation_07_bat.png
validation,bat,17,017.png,aug,aug_validation_08,aug_validation_08_bat.png
validation,bat,18,018.png,aug,aug_validation_09,aug_validation_09_bat.png
validation,bat,19,019.png,aug,aug_validation_10,aug_validation_10_bat.png
validation,bat,20,020.png,aug,aug_validation_11,aug_validation_11_bat.png
validation,cup,1,001.png,real,set_09,set_09_cup.png
validation,cup,2,002.png,real,set_11,set_11_cup.png
validation,cup,3,003.png,real,set_15,set_15_cup.png
validation,cup,4,004.png,real,set_27,set_27_cup.png
validation,cup,5,005.png,real,set_36,set_36_cup.png
validation,cup,6,006.png,real,set_44,set_44_cup.png
validation,cup,7,007.png,real,set_50,set_50_cup.png
validation,cup,8,008.png,real,set_53,set_53_cup.png
validation,cup,9,009.png,real,set_57,set_57_cup.png
validation,cup,10,010.png,aug,aug_validation_01,aug_validation_01_cup.png
validation,cup,11,011.png,aug,aug_validation_02,aug_validation_02_cup.png
validation,cup,12,012.png,aug,aug_validation_03,aug_validation_03_cup.png
validation,cup,13,013.png,aug,aug_validation_04,aug_validation_04_cup.png
validation,cup,14,014.png,aug,aug_validation_05,aug_validation_05_cup.png
validation,cup,15,015.png,aug,aug_validation_06,aug_validation_06_cup.png
validation,cup,16,016.png,aug,aug_validation_07,aug_validation_07_cup.png
validation,cup,17,017.png,aug,aug_validation_08,aug_validation_08_cup.png
validation,cup,18,018.png,aug,aug_validation_09,aug_validation_09_cup.png
validation,cup,19,019.png,aug,aug_validation_10,aug_validation_10_cup.png
validation,cup,20,020.png,aug,aug_validation_11,aug_validation_11_cup.png
validation,drop,1,001.png,real,set_09,set_09_drop.png
validation,drop,2,002.png,real,set_11,set_11_drop.png
validation,drop,3,003.png,real,set_15,set_15_drop.png
validation,drop,4,004.png,real,set_27,set_27_drop.png
validation,drop,5,005.png,real,set_36,set_36_drop.png
validation,drop,6,006.png,real,set_44,set_44_drop.png
validation,drop,7,007.png,real,set_50,set_50_drop.png
validation,drop,8,008.png,real,set_53,set_53_drop.png
validation,drop,9,009.png,real,set_57,set_57_drop.png
validation,drop,10,010.png,aug,aug_validation_01,aug_validation_01_drop.png
validation,drop,11,011.png,aug,aug_validation_02,aug_validation_02_drop.png
validation,drop,12,012.png,aug,aug_validation_03,aug_validation_03_drop.png
validation,drop,13,013.png,aug,aug_validation_04,aug_validation_04_drop.png
validation,drop,14,014.png,aug,aug_validation_05,aug_validation_05_drop.png
validation,drop,15,015.png,aug,aug_validation_06,aug_validation_06_drop.png
validation,drop,16,016.png,aug,aug_validation_07,aug_validation_07_drop.png
validation,drop,17,017.png,aug,aug_validation_08,aug_validation_08_drop.png
validation,drop,18,018.png,aug,aug_validation_09,aug_validation_09_drop.png
validation,drop,19,019.png,aug,aug_validation_10,aug_validation_10_drop.png
validation,drop,20,020.png,aug,aug_validation_11,aug_validation_11_drop.png
validation,eat,1,001.png,real,set_09,set_09_eat.png
validation,eat,2,002.png,real,set_11,set_11_eat.png
validation,eat,3,003.png,real,set_15,set_15_eat.png
validation,eat,4,004.png,real,set_27,set_27_eat.png
validation,eat,5,005.png,real,set_36,set_36_eat.png
validation,eat,6,006.png,real,set_44,set_44_eat.png
validation,eat,7,007.png,real,set_50,set_50_eat.png
validation,eat,8,008.png,real,set_53,set_53_eat.png
validation,eat,9,009.png,real,set_57,set_57_eat.png
validation,eat,10,010.png,aug,aug_validation_01,aug_validation_01_eat.png
validation,eat,11,011.png,aug,aug_validation_02,aug_validation_02_eat.png
validation,eat,12,012.png,aug,aug_validation_03,aug_validation_03_eat.png
validation,eat,13,013.png,aug,aug_validation_04,aug_validation_04_eat.png
validation,eat,14,014.png,aug,aug_validation_05,aug_validation_05_eat.png
validation,eat,15,015.png,aug,aug_validation_06,aug_validation_06_eat.png
validation,eat,16,016.png,aug,aug_validation_07,aug_validation_07_eat.png
validation,eat,17,017.png,aug,aug_validation_08,aug_validation_08_eat.png
validation,eat,18,018.png,aug,aug_validation_09,aug_validation_09_eat.png
validation,eat,19,019.png,aug,aug_validation_10,aug_validation_10_eat.png
validation,eat,20,020.png,aug,aug_validation_11,aug_validation_11_eat.png
validation,fish,1,001.png,real,set_09,set_09_fish.png
validation,fish,2,002.png,real,set_11,set_11_fish.png
validation,fish,3,003.png,real,set_15,set_15_fish.png
validation,fish,4,004.png,real,set_27,set_27_fish.png
validation,fish,5,005.png,real,set_36,set_36_fish.png
validation,fish,6,006.png,real,set_44,set_44_fish.png
validation,fish,7,007.png,real,set_50,set_50_fish.png
validation,fish,8,008.png,real,set_53,set_53_fish.png
validation,fish,9,009.png,real,set_57,set_57_fish.png
validation,fish,10,010.png,aug,aug_validation_01,aug_validation_01_fish.png
validation,fish,11,011.png,aug,aug_validation_02,aug_validation_02_fish.png
validation,fish,12,012.png,aug,aug_validation_03,aug_validation_03_fish.png
validation,fish,13,013.png,aug,aug_validation_04,aug_validation_04_fish.png
validation,fish,14,014.png,aug,aug_validation_05,aug_validation_05_fish.png
validation,fish,15,015.png,aug,aug_validation_06,aug_validation_06_fish.png
validation,fish,16,016.png,aug,aug_validation_07,aug_validation_07_fish.png
validation,fish,17,017.png,aug,aug_validation_08,aug_validation_08_fish.png
validation,fish,18,018.png,aug,aug_validation_09,aug_validation_09_fish.png
validation,fish,19,019.png,aug,aug_validation_10,aug_validation_10_fish.png
validation,fish,20,020.png,aug,aug_validation_11,aug_validation_11_fish.png
validation,hot,1,001.png,real,set_09,set_09_hot.png
validation,hot,2,002.png,real,set_11,set_11_hot.png
validation,hot,3,003.png,real,set_15,set_15_hot.png
validation,hot,4,004.png,real,set_27,set_27_hot.png
validation,hot,5,005.png,real,set_36,set_36_hot.png
validation,hot,6,006.png,real,set_44,set_44_hot.png
validation,hot,7,007.png,real,set_50,set_50_hot.png
validation,hot,8,008.png,real,set_53,set_53_hot.png
validation,hot,9,009.png,real,set_57,set_57_hot.png
validation,hot,10,010.png,aug,aug_validation_01,aug_validation_01_hot.png
validation,hot,11,011.png,aug,aug_validation_02,aug_validation_02_hot.png
validation,hot,12,012.png,aug,aug_validation_03,aug_validation_03_hot.png
validation,hot,13,013.png,aug,aug_validation_04,aug_validation_04_hot.png
validation,hot,14,014.png,aug,aug_validation_05,aug_validation_05_hot.png
validation,hot,15,015.png,aug,aug_validation_06,aug_validation_06_hot.png
validation,hot,16,016.png,aug,aug_validation_07,aug_validation_07_hot.png
validation,hot,17,017.png,aug,aug_validation_08,aug_validation_08_hot.png
validation,hot,18,018.png,aug,aug_validation_09,aug_validation_09_hot.png
validation,hot,19,019.png,aug,aug_validation_10,aug_validation_10_hot.png
validation,hot,20,020.png,aug,aug_validation_11,aug_validation_11_hot.png
validation,jump,1,001.png,real,set_09,set_09_jump.png
validation,jump,2,002.png,real,set_11,set_11_jump.png
validation,jump,3,003.png,real,set_15,set_15_jump.png
validation,jump,4,004.png,real,set_27,set_27_jump.png
validation,jump,5,005.png,real,set_36,set_36_jump.png
validation,jump,6,006.png,real,set_44,set_44_jump.png
validation,jump,7,007.png,real,set_50,set_50_jump.png
validation,jump,8,008.png,real,set_53,set_53_jump.png
validation,jump,9,009.png,real,set_57,set_57_jump.png
validation,jump,10,010.png,aug,aug_validation_01,aug_validation_01_jump.png
validation,jump,11,011.png,aug,aug_validation_02,aug_validation_02_jump.png
validation,jump,12,012.png,aug,aug_validation_03,aug_validation_03_jump.png
validation,jump,13,013.png,aug,aug_validation_04,aug_validation_04_jump.png
validation,jump,14,014.png,aug,aug_validation_05,aug_validation_05_jump.png
validation,jump,15,015.png,aug,aug_validation_06,aug_validation_06_jump.png
validation,jump,16,016.png,aug,aug_validation_07,aug_validation_07_jump.png
validation,jump,17,017.png,aug,aug_validation_08,aug_validation_08_jump.png
validation,jump,18,018.png,aug,aug_validation_09,aug_validation_09_jump.png
validation,jump,19,019.png,aug,aug_validation_10,aug_validation_10_jump.png
validation,jump,20,020.png,aug,aug_validation_11,aug_validation_11_jump.png
validation,milk,1,001.png,real,set_09,set_09_milk.png
validation,milk,2,002.png,real,set_11,set_11_milk.png
validation,milk,3,003.png,real,set_15,set_15_milk.png
validation,milk,4,004.png,real,set_27,set_27_milk.png
validation,milk,5,005.png,real,set_36,set_36_milk.png
validation,milk,6,006.png,real,set_44,set_44_milk.png
validation,milk,7,007.png,real,set_50,set_50_milk.png
validation,milk,8,008.png,real,set_53,set_53_milk.png
validation,milk,9,009.png,real,set_57,set_57_milk.png
validation,milk,10,010.png,aug,aug_validation_01,aug_validation_01_milk.png
validation,milk,11,011.png,aug,aug_validation_02,aug_validation_02_milk.png
validation,milk,12,012.png,aug,aug_validation_03,aug_validation_03_milk.png
validation,milk,13,013.png,aug,aug_validation_04,aug_validation_04_milk.png
validation,milk,14,014.png,aug,aug_validation_05,aug_validation_05_milk.png
validation,milk,15,015.png,aug,aug_validation_06,aug_validation_06_milk.png
validation,milk,16,016.png,aug,aug_validation_07,aug_validation_07_milk.png
validation,milk,17,017.png,aug,aug_validation_08,aug_validation_08_milk.png
validation,milk,18,018.png,aug,aug_validation_09,aug_validation_09_milk.png
validation,milk,19,019.png,aug,aug_validation_10,aug_validation_10_milk.png
validation,milk,20,020.png,aug,aug_validation_11,aug_validation_11_milk.png
validation,pen,1,001.png,real,set_09,set_09_pen.png
validation,pen,2,002.png,real,set_11,set_11_pen.png
validation,pen,3,003.png,real,set_15,set_15_pen.png
validation,pen,4,004.png,real,set_27,set_27_pen.png
validation,pen,5,005.png,real,set_36,set_36_pen.png
validation,pen,6,006.png,real,set_44,set_44_pen.png
validation,pen,7,007.png,real,set_50,set_50_pen.png
validation,pen,8,008.png,real,set_53,set_53_pen.png
validation,pen,9,009.png,real,set_57,set_57_pen.png
validation,pen,10,010.png,aug,aug_validation_01,aug_validation_01_pen.png
validation,pen,11,011.png,aug,aug_validation_02,aug_validation_02_pen.png
validation,pen,12,012.png,aug,aug_validation_03,aug_validation_03_pen.png
validation,pen,13,013.png,aug,aug_validation_04,aug_validation_04_pen.png
validation,pen,14,014.png,aug,aug_validation_05,aug_validation_05_pen.png
validation,pen,15,015.png,aug,aug_validation_06,aug_validation_06_pen.png
validation,pen,16,016.png,aug,aug_validation_07,aug_validation_07_pen.png
validation,pen,17,017.png,aug,aug_validation_08,aug_validation_08_pen.png
validation,pen,18,018.png,aug,aug_validation_09,aug_validation_09_pen.png
validation,pen,19,019.png,aug,aug_validation_10,aug_validation_10_pen.png
validation,pen,20,020.png,aug,aug_validation_11,aug_validation_11_pen.png
validation,red,1,001.png,real,set_09,set_09_red.png
validation,red,2,002.png,real,set_11,set_11_red.png
validation,red,3,003.png,real,set_15,set_15_red.png
validation,red,4,004.png,real,set_27,set_27_red.png
validation,red,5,005.png,real,set_36,set_36_red.png
validation,red,6,006.png,real,set_44,set_44_red.png
validation,red,7,007.png,real,set_50,set_50_red.png
validation,red,8,008.png,real,set_53,set_53_red.png
validation,red,9,009.png,real,set_57,set_57_red.png
validation,red,10,010.png,aug,aug_validation_01,aug_validation_01_red.png
validation,red,11,011.png,aug,aug_validation_02,aug_validation_02_red.png
validation,red,12,012.png,aug,aug_validation_03,aug_validation_03_red.png
validation,red,13,013.png,aug,aug_validation_04,aug_validation_04_red.png
validation,red,14,014.png,aug,aug_validation_05,aug_validation_05_red.png
validation,red,15,015.png,aug,aug_validation_06,aug_validation_06_red.png
validation,red,16,016.png,aug,aug_validation_07,aug_validation_07_red.png
validation,red,17,017.png,aug,aug_validation_08,aug_validation_08_red.png
validation,red,18,018.png,aug,aug_validation_09,aug_validation_09_red.png
validation,red,19,019.png,aug,aug_validation_10,aug_validation_10_red.png
validation,red,20,020.png,aug,aug_validation_11,aug_validation_11_red.png
test,bat,1,001.png,real,set_10,set_10_bat.png
test,bat,2,002.png,real,set_18,set_18_bat.png
test,bat,3,003.png,real,set_23,set_23_bat.png
test,bat,4,004.png,real,set_26,set_26_bat.png
test,bat,5,005.png,real,set_30,set_30_bat.png
test,bat,6,006.png,real,set_34,set_34_bat.png
test,bat,7,007.png,real,set_41,set_41_bat.png
test,bat,8,008.png,real,set_51,set_51_bat.png
test,bat,9,009.png,real,set_60,set_60_bat.png
test,bat,10,010.png,aug,aug_test_01,aug_test_01_bat.png
test,bat,11,011.png,aug,aug_test_02,aug_test_02_bat.png
test,bat,12,012.png,aug,aug_test_03,aug_test_03_bat.png
test,bat,13,013.png,aug,aug_test_04,aug_test_04_bat.png
test,bat,14,014.png,aug,aug_test_05,aug_test_05_bat.png
test,bat,15,015.png,aug,aug_test_06,aug_test_06_bat.png
test,bat,16,016.png,aug,aug_test_07,aug_test_07_bat.png
test,bat,17,017.png,aug,aug_test_08,aug_test_08_bat.png
test,bat,18,018.png,aug,aug_test_09,aug_test_09_bat.png
test,bat,19,019.png,aug,aug_test_10,aug_test_10_bat.png
test,bat,20,020.png,aug,aug_test_11,aug_test_11_bat.png
test,cup,1,001.png,real,set_10,set_10_cup.png
test,cup,2,002.png,real,set_18,set_18_cup.png
test,cup,3,003.png,real,set_23,set_23_cup.png
test,cup,4,004.png,real,set_26,set_26_cup.png
test,cup,5,005.png,real,set_30,set_30_cup.png
test,cup,6,006.png,real,set_34,set_34_cup.png
test,cup,7,007.png,real,set_41,set_41_cup.png
test,cup,8,008.png,real,set_51,set_51_cup.png
test,cup,9,009.png,real,set_60,set_60_cup.png
test,cup,10,010.png,aug,aug_test_01,aug_test_01_cup.png
test,cup,11,011.png,aug,aug_test_02,aug_test_02_cup.png
test,cup,12,012.png,aug,aug_test_03,aug_test_03_cup.png
test,cup,13,013.png,aug,aug_test_04,aug_test_04_cup.png
test,cup,14,014.png,aug,aug_test_05,aug_test_05_cup.png
test,cup,15,015.png,aug,aug_test_06,aug_test_06_cup.png
test,cup,16,016.png,aug,aug_test_07,aug_test_07_cup.png
test,cup,17,017.png,aug,aug_test_08,aug_test_08_cup.png
test,cup,18,018.png,aug,aug_test_09,aug_test_09_cup.png
test,cup,19,019.png,aug,aug_test_10,aug_test_10_cup.png
test,cup,20,020.png,aug,aug_test_11,aug_test_11_cup.png
test,drop,1,001.png,real,set_10,set_10_drop.png
test,drop,2,002.png,real,set_18,set_18_drop.png
test,drop,3,003.png,real,set_23,set_23_drop.png
test,drop,4,004.png,real,set_26,set_26_drop.png
test,drop,5,005.png,real,set_30,set_30_drop.png
test,drop,6,006.png,real,set_34,set_34_drop.png
test,drop,7,007.png,real,set_41,set_41_drop.png
test,drop,8,008.png,real,set_51,set_51_drop.png
test,drop,9,009.png,real,set_60,set_60_drop.png
test,drop,10,010.png,aug,aug_test_01,aug_test_01_drop.png
test,drop,11,011.png,aug,aug_test_02,aug_test_02_drop.png
test,drop,12,012.png,aug,aug_test_03,aug_test_03_drop.png
test,drop,13,013.png,aug,aug_test_04,aug_test_04_drop.png
test,drop,14,014.png,aug,aug_test_05,aug_test_05_drop.png
test,drop,15,015.png,aug,aug_test_06,aug_test_06_drop.png
test,drop,16,016.png,aug,aug_test_07,aug_test_07_drop.png
test,drop,17,017.png,aug,aug_test_08,aug_test_08_drop.png
test,drop,18,018.png,aug,aug_test_09,aug_test_09_drop.png
test,drop,19,019.png,aug,aug_test_10,aug_test_10_drop.png
test,drop,20,020.png,aug,aug_test_11,aug_test_11_drop.png
test,eat,1,001.png,real,set_10,set_10_eat.png
test,eat,2,002.png,real,set_18,set_18_eat.png
test,eat,3,003.png,real,set_23,set_23_eat.png
test,eat,4,004.png,real,set_26,set_26_eat.png
test,eat,5,005.png,real,set_30,set_30_eat.png
test,eat,6,006.png,real,set_34,set_34_eat.png
test,eat,7,007.png,real,set_41,set_41_eat.png
test,eat,8,008.png,real,set_51,set_51_eat.png
test,eat,9,009.png,real,set_60,set_60_eat.png
test,eat,10,010.png,aug,aug_test_01,aug_test_01_eat.png
test,eat,11,011.png,aug,aug_test_02,aug_test_02_eat.png
test,eat,12,012.png,aug,aug_test_03,aug_test_03_eat.png
test,eat,13,013.png,aug,aug_test_04,aug_test_04_eat.png
test,eat,14,014.png,aug,aug_test_05,aug_test_05_eat.png
test,eat,15,015.png,aug,aug_test_06,aug_test_06_eat.png
test,eat,16,016.png,aug,aug_test_07,aug_test_07_eat.png
test,eat,17,017.png,aug,aug_test_08,aug_test_08_eat.png
test,eat,18,018.png,aug,aug_test_09,aug_test_09_eat.png
test,eat,19,019.png,aug,aug_test_10,aug_test_10_eat.png
test,eat,20,020.png,aug,aug_test_11,aug_test_11_eat.png
test,fish,1,001.png,real,set_10,set_10_fish.png
test,fish,2,002.png,real,set_18,set_18_fish.png
test,fish,3,003.png,real,set_23,set_23_fish.png
test,fish,4,004.png,real,set_26,set_26_fish.png
test,fish,5,005.png,real,set_30,set_30_fish.png
test,fish,6,006.png,real,set_34,set_34_fish.png
test,fish,7,007.png,real,set_41,set_41_fish.png
test,fish,8,008.png,real,set_51,set_51_fish.png
test,fish,9,009.png,real,set_60,set_60_fish.png
test,fish,10,010.png,aug,aug_test_01,aug_test_01_fish.png
test,fish,11,011.png,aug,aug_test_02,aug_test_02_fish.png
test,fish,12,012.png,aug,aug_test_03,aug_test_03_fish.png
test,fish,13,013.png,aug,aug_test_04,aug_test_04_fish.png
test,fish,14,014.png,aug,aug_test_05,aug_test_05_fish.png
test,fish,15,015.png,aug,aug_test_06,aug_test_06_fish.png
test,fish,16,016.png,aug,aug_test_07,aug_test_07_fish.png
test,fish,17,017.png,aug,aug_test_08,aug_test_08_fish.png
test,fish,18,018.png,aug,aug_test_09,aug_test_09_fish.png
test,fish,19,019.png,aug,aug_test_10,aug_test_10_fish.png
test,fish,20,020.png,aug,aug_test_11,aug_test_11_fish.png
test,hot,1,001.png,real,set_10,set_10_hot.png
test,hot,2,002.png,real,set_18,set_18_hot.png
test,hot,3,003.png,real,set_23,set_23_hot.png
test,hot,4,004.png,real,set_26,set_26_hot.png
test,hot,5,005.png,real,set_30,set_30_hot.png
test,hot,6,006.png,real,set_34,set_34_hot.png
test,hot,7,007.png,real,set_41,set_41_hot.png
test,hot,8,008.png,real,set_51,set_51_hot.png
test,hot,9,009.png,real,set_60,set_60_hot.png
test,hot,10,010.png,aug,aug_test_01,aug_test_01_hot.png
test,hot,11,011.png,aug,aug_test_02,aug_test_02_hot.png
test,hot,12,012.png,aug,aug_test_03,aug_test_03_hot.png
test,hot,13,013.png,aug,aug_test_04,aug_test_04_hot.png
test,hot,14,014.png,aug,aug_test_05,aug_test_05_hot.png
test,hot,15,015.png,aug,aug_test_06,aug_test_06_hot.png
test,hot,16,016.png,aug,aug_test_07,aug_test_07_hot.png
test,hot,17,017.png,aug,aug_test_08,aug_test_08_hot.png
test,hot,18,018.png,aug,aug_test_09,aug_test_09_hot.png
test,hot,19,019.png,aug,aug_test_10,aug_test_10_hot.png
test,hot,20,020.png,aug,aug_test_11,aug_test_11_hot.png
test,jump,1,001.png,real,set_10,set_10_jump.png
test,jump,2,002.png,real,set_18,set_18_jump.png
test,jump,3,003.png,real,set_23,set_23_jump.png
test,jump,4,004.png,real,set_26,set_26_jump.png
test,jump,5,005.png,real,set_30,set_30_jump.png
test,jump,6,006.png,real,set_34,set_34_jump.png
test,jump,7,007.png,real,set_41,set_41_jump.png
test,jump,8,008.png,real,set_51,set_51_jump.png
test,jump,9,009.png,real,set_60,set_60_jump.png
test,jump,10,010.png,aug,aug_test_01,aug_test_01_jump.png
test,jump,11,011.png,aug,aug_test_02,aug_test_02_jump.png
test,jump,12,012.png,aug,aug_test_03,aug_test_03_jump.png
test,jump,13,013.png,aug,aug_test_04,aug_test_04_jump.png
test,jump,14,014.png,aug,aug_test_05,aug_test_05_jump.png
test,jump,15,015.png,aug,aug_test_06,aug_test_06_jump.png
test,jump,16,016.png,aug,aug_test_07,aug_test_07_jump.png
test,jump,17,017.png,aug,aug_test_08,aug_test_08_jump.png
test,jump,18,018.png,aug,aug_test_09,aug_test_09_jump.png
test,jump,19,019.png,aug,aug_test_10,aug_test_10_jump.png
test,jump,20,020.png,aug,aug_test_11,aug_test_11_jump.png
test,milk,1,001.png,real,set_10,set_10_milk.png
test,milk,2,002.png,real,set_18,set_18_milk.png
test,milk,3,003.png,real,set_23,set_23_milk.png
test,milk,4,004.png,real,set_26,set_26_milk.png
test,milk,5,005.png,real,set_30,set_30_milk.png
test,milk,6,006.png,real,set_34,set_34_milk.png
test,milk,7,007.png,real,set_41,set_41_milk.png
test,milk,8,008.png,real,set_51,set_51_milk.png
test,milk,9,009.png,real,set_60,set_60_milk.png
test,milk,10,010.png,aug,aug_test_01,aug_test_01_milk.png
test,milk,11,011.png,aug,aug_test_02,aug_test_02_milk.png
test,milk,12,012.png,aug,aug_test_03,aug_test_03_milk.png
test,milk,13,013.png,aug,aug_test_04,aug_test_04_milk.png
test,milk,14,014.png,aug,aug_test_05,aug_test_05_milk.png
test,milk,15,015.png,aug,aug_test_06,aug_test_06_milk.png
test,milk,16,016.png,aug,aug_test_07,aug_test_07_milk.png
test,milk,17,017.png,aug,aug_test_08,aug_test_08_milk.png
test,milk,18,018.png,aug,aug_test_09,aug_test_09_milk.png
test,milk,19,019.png,aug,aug_test_10,aug_test_10_milk.png
test,milk,20,020.png,aug,aug_test_11,aug_test_11_milk.png
test,pen,1,001.png,real,set_10,set_10_pen.png
test,pen,2,002.png,real,set_18,set_18_pen.png
test,pen,3,003.png,real,set_23,set_23_pen.png
test,pen,4,004.png,real,set_26,set_26_pen.png
test,pen,5,005.png,real,set_30,set_30_pen.png
test,pen,6,006.png,real,set_34,set_34_pen.png
test,pen,7,007.png,real,set_41,set_41_pen.png
test,pen,8,008.png,real,set_51,set_51_pen.png
test,pen,9,009.png,real,set_60,set_60_pen.png
test,pen,10,010.png,aug,aug_test_01,aug_test_01_pen.png
test,pen,11,011.png,aug,aug_test_02,aug_test_02_pen.png
test,pen,12,012.png,aug,aug_test_03,aug_test_03_pen.png
test,pen,13,013.png,aug,aug_test_04,aug_test_04_pen.png
test,pen,14,014.png,aug,aug_test_05,aug_test_05_pen.png
test,pen,15,015.png,aug,aug_test_06,aug_test_06_pen.png
test,pen,16,016.png,aug,aug_test_07,aug_test_07_pen.png
test,pen,17,017.png,aug,aug_test_08,aug_test_08_pen.png
test,pen,18,018.png,aug,aug_test_09,aug_test_09_pen.png
test,pen,19,019.png,aug,aug_test_10,aug_test_10_pen.png
test,pen,20,020.png,aug,aug_test_11,aug_test_11_pen.png
test,red,1,001.png,real,set_10,set_10_red.png
test,red,2,002.png,real,set_18,set_18_red.png
test,red,3,003.png,real,set_23,set_23_red.png
test,red,4,004.png,real,set_26,set_26_red.png
test,red,5,005.png,real,set_30,set_30_red.png
test,red,6,006.png,real,set_34,set_34_red.png
test,red,7,007.png,real,set_41,set_41_red.png
test,red,8,008.png,real,set_51,set_51_red.png
test,red,9,009.png,real,set_60,set_60_red.png
test,red,10,010.png,aug,aug_test_01,aug_test_01_red.png
test,red,11,011.png,aug,aug_test_02,aug_test_02_red.png
test,red,12,012.png,aug,aug_test_03,aug_test_03_red.png
test,red,13,013.png,aug,aug_test_04,aug_test_04_red.png
test,red,14,014.png,aug,aug_test_05,aug_test_05_red.png
test,red,15,015.png,aug,aug_test_06,aug_test_06_red.png
test,red,16,016.png,aug,aug_test_07,aug_test_07_red.png
test,red,17,017.png,aug,aug_test_08,aug_test_08_red.png
test,red,18,018.png,aug,aug_test_09,aug_test_09_red.png
test,red,19,019.png,aug,aug_test_10,aug_test_10_red.png
test,red,20,020.png,aug,aug_test_11,aug_test_11_red.png
